solid OpenSCAD_Model
  facet normal 0.751777 0 -0.659417
    outer loop
      vertex -1.94454 -5 29.4445
      vertex -2.18172 -1.3 29.1741
      vertex -1.94454 -1.3 29.4445
    endloop
  endfacet
  facet normal 0.751777 0 -0.659417
    outer loop
      vertex -2.18172 -1.3 29.1741
      vertex -1.94454 -5 29.4445
      vertex -2.18172 -5 29.1741
    endloop
  endfacet
  facet normal 0.751777 -0 0.659417
    outer loop
      vertex -2.18172 -5 21.8259
      vertex -1.94454 -1.3 21.5555
      vertex -2.18172 -1.3 21.8259
    endloop
  endfacet
  facet normal 0.751777 0 0.659417
    outer loop
      vertex -1.94454 -1.3 21.5555
      vertex -2.18172 -5 21.8259
      vertex -1.94454 -5 21.5555
    endloop
  endfacet
  facet normal -0.195151 1.24407e-18 0.980773
    outer loop
      vertex 0.358947 -1.3 20.7735
      vertex 0.711752 -5 20.8437
      vertex 0.711752 -1.3 20.8437
    endloop
  endfacet
  facet normal -0.195151 1.24407e-18 0.980773
    outer loop
      vertex 0.711752 -5 20.8437
      vertex 0.358947 -1.3 20.7735
      vertex 0.358947 -5 20.7735
    endloop
  endfacet
  facet normal 0.831472 -0 0.555566
    outer loop
      vertex -2.38157 -5 22.125
      vertex -2.18172 -1.3 21.8259
      vertex -2.38157 -1.3 22.125
    endloop
  endfacet
  facet normal 0.831472 0 0.555566
    outer loop
      vertex -2.18172 -1.3 21.8259
      vertex -2.38157 -5 22.125
      vertex -2.18172 -5 21.8259
    endloop
  endfacet
  facet normal 1 -0 0
    outer loop
      vertex -2.75 -5 27.5
      vertex -2.75 -1.3 23.5
      vertex -2.75 -1.3 27.5
    endloop
  endfacet
  facet normal 1 0 0
    outer loop
      vertex -2.75 -1.3 23.5
      vertex -2.75 -5 27.5
      vertex -2.75 -5 23.5
    endloop
  endfacet
  facet normal 0.321371 1.06574e-18 -0.946954
    outer loop
      vertex -1.05238 -5 30.0407
      vertex -0.711752 -1.3 30.1563
      vertex -0.711752 -5 30.1563
    endloop
  endfacet
  facet normal 0.321371 1.06574e-18 -0.946954
    outer loop
      vertex -0.711752 -1.3 30.1563
      vertex -1.05238 -5 30.0407
      vertex -1.05238 -1.3 30.0407
    endloop
  endfacet
  facet normal -0.751777 0 -0.659417
    outer loop
      vertex 2.18172 -5 29.1741
      vertex 1.94454 -1.3 29.4445
      vertex 2.18172 -1.3 29.1741
    endloop
  endfacet
  facet normal -0.751777 -0 -0.659417
    outer loop
      vertex 1.94454 -1.3 29.4445
      vertex 2.18172 -5 29.1741
      vertex 1.94454 -5 29.4445
    endloop
  endfacet
  facet normal 0.195151 1.24407e-18 -0.980773
    outer loop
      vertex -0.711752 -5 30.1563
      vertex -0.358947 -1.3 30.2265
      vertex -0.358947 -5 30.2265
    endloop
  endfacet
  facet normal 0.195151 1.24407e-18 -0.980773
    outer loop
      vertex -0.358947 -1.3 30.2265
      vertex -0.711752 -5 30.1563
      vertex -0.711752 -1.3 30.1563
    endloop
  endfacet
  facet normal 0.195151 -1.24407e-18 0.980773
    outer loop
      vertex -0.711752 -1.3 20.8437
      vertex -0.358947 -5 20.7735
      vertex -0.358947 -1.3 20.7735
    endloop
  endfacet
  facet normal 0.195151 -1.24407e-18 0.980773
    outer loop
      vertex -0.358947 -5 20.7735
      vertex -0.711752 -1.3 20.8437
      vertex -0.711752 -5 20.8437
    endloop
  endfacet
  facet normal -0.997858 0 -0.065421
    outer loop
      vertex 2.75 -5 27.5
      vertex 2.72647 -1.3 27.8589
      vertex 2.75 -1.3 27.5
    endloop
  endfacet
  facet normal -0.997858 -0 -0.065421
    outer loop
      vertex 2.72647 -1.3 27.8589
      vertex 2.75 -5 27.5
      vertex 2.72647 -5 27.8589
    endloop
  endfacet
  facet normal -1 0 0
    outer loop
      vertex 2.75 -5 23.5
      vertex 2.75 -1.3 27.5
      vertex 2.75 -1.3 23.5
    endloop
  endfacet
  facet normal -1 -0 0
    outer loop
      vertex 2.75 -1.3 27.5
      vertex 2.75 -5 23.5
      vertex 2.75 -5 27.5
    endloop
  endfacet
  facet normal 0.555675 -2.3166e-18 0.8314
    outer loop
      vertex -1.67409 -1.3 21.3183
      vertex -1.375 -5 21.1184
      vertex -1.375 -1.3 21.1184
    endloop
  endfacet
  facet normal 0.555675 -2.3166e-18 0.8314
    outer loop
      vertex -1.375 -5 21.1184
      vertex -1.67409 -1.3 21.3183
      vertex -1.67409 -5 21.3183
    endloop
  endfacet
  facet normal -0.94692 0 -0.321469
    outer loop
      vertex 2.6563 -5 28.2118
      vertex 2.54067 -1.3 28.5524
      vertex 2.6563 -1.3 28.2118
    endloop
  endfacet
  facet normal -0.94692 -0 -0.321469
    outer loop
      vertex 2.54067 -1.3 28.5524
      vertex 2.6563 -5 28.2118
      vertex 2.54067 -5 28.5524
    endloop
  endfacet
  facet normal 0.65938 4.44927e-19 0.75181
    outer loop
      vertex -1.94454 -1.3 21.5555
      vertex -1.67409 -5 21.3183
      vertex -1.67409 -1.3 21.3183
    endloop
  endfacet
  facet normal 0.65938 4.44927e-19 0.75181
    outer loop
      vertex -1.67409 -5 21.3183
      vertex -1.94454 -1.3 21.5555
      vertex -1.94454 -5 21.5555
    endloop
  endfacet
  facet normal 0.89686 -0 0.442314
    outer loop
      vertex -2.54067 -5 22.4476
      vertex -2.38157 -1.3 22.125
      vertex -2.54067 -1.3 22.4476
    endloop
  endfacet
  facet normal 0.89686 0 0.442314
    outer loop
      vertex -2.38157 -1.3 22.125
      vertex -2.54067 -5 22.4476
      vertex -2.38157 -5 22.125
    endloop
  endfacet
  facet normal -0.89686 0 0.442314
    outer loop
      vertex 2.38157 -5 22.125
      vertex 2.54067 -1.3 22.4476
      vertex 2.38157 -1.3 22.125
    endloop
  endfacet
  facet normal -0.89686 0 0.442314
    outer loop
      vertex 2.54067 -1.3 22.4476
      vertex 2.38157 -5 22.125
      vertex 2.54067 -5 22.4476
    endloop
  endfacet
  facet normal -0.997858 0 0.065421
    outer loop
      vertex 2.72647 -5 23.1411
      vertex 2.75 -1.3 23.5
      vertex 2.72647 -1.3 23.1411
    endloop
  endfacet
  facet normal -0.997858 0 0.065421
    outer loop
      vertex 2.75 -1.3 23.5
      vertex 2.72647 -5 23.1411
      vertex 2.75 -5 23.5
    endloop
  endfacet
  facet normal -0.94692 0 0.321469
    outer loop
      vertex 2.54067 -5 22.4476
      vertex 2.6563 -1.3 22.7882
      vertex 2.54067 -1.3 22.4476
    endloop
  endfacet
  facet normal -0.94692 0 0.321469
    outer loop
      vertex 2.6563 -1.3 22.7882
      vertex 2.54067 -5 22.4476
      vertex 2.6563 -5 22.7882
    endloop
  endfacet
  facet normal 0.0653294 -3.27613e-19 -0.997864
    outer loop
      vertex -0.358947 -5 30.2265
      vertex 0 -1.3 30.25
      vertex 0 -5 30.25
    endloop
  endfacet
  facet normal 0.0653294 -3.27613e-19 -0.997864
    outer loop
      vertex 0 -1.3 30.25
      vertex -0.358947 -5 30.2265
      vertex -0.358947 -1.3 30.2265
    endloop
  endfacet
  facet normal 0.831472 0 -0.555566
    outer loop
      vertex -2.18172 -5 29.1741
      vertex -2.38157 -1.3 28.875
      vertex -2.18172 -1.3 29.1741
    endloop
  endfacet
  facet normal 0.831472 0 -0.555566
    outer loop
      vertex -2.38157 -1.3 28.875
      vertex -2.18172 -5 29.1741
      vertex -2.38157 -5 28.875
    endloop
  endfacet
  facet normal 0.65938 -4.44927e-19 -0.75181
    outer loop
      vertex -1.94454 -5 29.4445
      vertex -1.67409 -1.3 29.6817
      vertex -1.67409 -5 29.6817
    endloop
  endfacet
  facet normal 0.65938 -4.44927e-19 -0.75181
    outer loop
      vertex -1.67409 -1.3 29.6817
      vertex -1.94454 -5 29.4445
      vertex -1.94454 -1.3 29.4445
    endloop
  endfacet
  facet normal 0.442292 3.29386e-19 -0.896871
    outer loop
      vertex -1.375 -5 29.8816
      vertex -1.05238 -1.3 30.0407
      vertex -1.05238 -5 30.0407
    endloop
  endfacet
  facet normal 0.442292 3.29386e-19 -0.896871
    outer loop
      vertex -1.05238 -1.3 30.0407
      vertex -1.375 -5 29.8816
      vertex -1.375 -1.3 29.8816
    endloop
  endfacet
  facet normal -0.89686 0 -0.442314
    outer loop
      vertex 2.54067 -5 28.5524
      vertex 2.38157 -1.3 28.875
      vertex 2.54067 -1.3 28.5524
    endloop
  endfacet
  facet normal -0.89686 -0 -0.442314
    outer loop
      vertex 2.38157 -1.3 28.875
      vertex 2.54067 -5 28.5524
      vertex 2.38157 -5 28.875
    endloop
  endfacet
  facet normal -0.980799 0 0.19502
    outer loop
      vertex 2.6563 -5 22.7882
      vertex 2.72647 -1.3 23.1411
      vertex 2.6563 -1.3 22.7882
    endloop
  endfacet
  facet normal -0.980799 0 0.19502
    outer loop
      vertex 2.72647 -1.3 23.1411
      vertex 2.6563 -5 22.7882
      vertex 2.72647 -5 23.1411
    endloop
  endfacet
  facet normal -0.0653294 3.27613e-19 -0.997864
    outer loop
      vertex 0 -5 30.25
      vertex 0.358947 -1.3 30.2265
      vertex 0.358947 -5 30.2265
    endloop
  endfacet
  facet normal -0.0653294 3.27613e-19 -0.997864
    outer loop
      vertex 0.358947 -1.3 30.2265
      vertex 0 -5 30.25
      vertex 0 -1.3 30.25
    endloop
  endfacet
  facet normal 0.442292 -3.29386e-19 0.896871
    outer loop
      vertex -1.375 -1.3 21.1184
      vertex -1.05238 -5 20.9593
      vertex -1.05238 -1.3 20.9593
    endloop
  endfacet
  facet normal 0.442292 -3.29386e-19 0.896871
    outer loop
      vertex -1.05238 -5 20.9593
      vertex -1.375 -1.3 21.1184
      vertex -1.375 -5 21.1184
    endloop
  endfacet
  facet normal 0.94692 -0 0.321469
    outer loop
      vertex -2.6563 -5 22.7882
      vertex -2.54067 -1.3 22.4476
      vertex -2.6563 -1.3 22.7882
    endloop
  endfacet
  facet normal 0.94692 0 0.321469
    outer loop
      vertex -2.54067 -1.3 22.4476
      vertex -2.6563 -5 22.7882
      vertex -2.54067 -5 22.4476
    endloop
  endfacet
  facet normal -0.0653294 -3.27613e-19 0.997864
    outer loop
      vertex 0 -1.3 20.75
      vertex 0.358947 -5 20.7735
      vertex 0.358947 -1.3 20.7735
    endloop
  endfacet
  facet normal -0.0653294 -3.27613e-19 0.997864
    outer loop
      vertex 0.358947 -5 20.7735
      vertex 0 -1.3 20.75
      vertex 0 -5 20.75
    endloop
  endfacet
  facet normal -0.442292 3.29386e-19 0.896871
    outer loop
      vertex 1.05238 -1.3 20.9593
      vertex 1.375 -5 21.1184
      vertex 1.375 -1.3 21.1184
    endloop
  endfacet
  facet normal -0.442292 3.29386e-19 0.896871
    outer loop
      vertex 1.375 -5 21.1184
      vertex 1.05238 -1.3 20.9593
      vertex 1.05238 -5 20.9593
    endloop
  endfacet
  facet normal -0.65938 -4.44927e-19 0.75181
    outer loop
      vertex 1.67409 -1.3 21.3183
      vertex 1.94454 -5 21.5555
      vertex 1.94454 -1.3 21.5555
    endloop
  endfacet
  facet normal -0.65938 -4.44927e-19 0.75181
    outer loop
      vertex 1.94454 -5 21.5555
      vertex 1.67409 -1.3 21.3183
      vertex 1.67409 -5 21.3183
    endloop
  endfacet
  facet normal 0.89686 0 -0.442314
    outer loop
      vertex -2.38157 -5 28.875
      vertex -2.54067 -1.3 28.5524
      vertex -2.38157 -1.3 28.875
    endloop
  endfacet
  facet normal 0.89686 0 -0.442314
    outer loop
      vertex -2.54067 -1.3 28.5524
      vertex -2.38157 -5 28.875
      vertex -2.54067 -5 28.5524
    endloop
  endfacet
  facet normal 0.555675 2.3166e-18 -0.8314
    outer loop
      vertex -1.67409 -5 29.6817
      vertex -1.375 -1.3 29.8816
      vertex -1.375 -5 29.8816
    endloop
  endfacet
  facet normal 0.555675 2.3166e-18 -0.8314
    outer loop
      vertex -1.375 -1.3 29.8816
      vertex -1.67409 -5 29.6817
      vertex -1.67409 -1.3 29.6817
    endloop
  endfacet
  facet normal 0.980799 -0 0.19502
    outer loop
      vertex -2.72647 -5 23.1411
      vertex -2.6563 -1.3 22.7882
      vertex -2.72647 -1.3 23.1411
    endloop
  endfacet
  facet normal 0.980799 0 0.19502
    outer loop
      vertex -2.6563 -1.3 22.7882
      vertex -2.72647 -5 23.1411
      vertex -2.6563 -5 22.7882
    endloop
  endfacet
  facet normal 0.94692 0 -0.321469
    outer loop
      vertex -2.54067 -5 28.5524
      vertex -2.6563 -1.3 28.2118
      vertex -2.54067 -1.3 28.5524
    endloop
  endfacet
  facet normal 0.94692 0 -0.321469
    outer loop
      vertex -2.6563 -1.3 28.2118
      vertex -2.54067 -5 28.5524
      vertex -2.6563 -5 28.2118
    endloop
  endfacet
  facet normal -0.442292 -3.29386e-19 -0.896871
    outer loop
      vertex 1.05238 -5 30.0407
      vertex 1.375 -1.3 29.8816
      vertex 1.375 -5 29.8816
    endloop
  endfacet
  facet normal -0.442292 -3.29386e-19 -0.896871
    outer loop
      vertex 1.375 -1.3 29.8816
      vertex 1.05238 -5 30.0407
      vertex 1.05238 -1.3 30.0407
    endloop
  endfacet
  facet normal -0.751777 0 0.659417
    outer loop
      vertex 1.94454 -5 21.5555
      vertex 2.18172 -1.3 21.8259
      vertex 1.94454 -1.3 21.5555
    endloop
  endfacet
  facet normal -0.751777 0 0.659417
    outer loop
      vertex 2.18172 -1.3 21.8259
      vertex 1.94454 -5 21.5555
      vertex 2.18172 -5 21.8259
    endloop
  endfacet
  facet normal -0.831472 0 -0.555566
    outer loop
      vertex 2.38157 -5 28.875
      vertex 2.18172 -1.3 29.1741
      vertex 2.38157 -1.3 28.875
    endloop
  endfacet
  facet normal -0.831472 -0 -0.555566
    outer loop
      vertex 2.18172 -1.3 29.1741
      vertex 2.38157 -5 28.875
      vertex 2.18172 -5 29.1741
    endloop
  endfacet
  facet normal -0.980799 0 -0.19502
    outer loop
      vertex 2.72647 -5 27.8589
      vertex 2.6563 -1.3 28.2118
      vertex 2.72647 -1.3 27.8589
    endloop
  endfacet
  facet normal -0.980799 -0 -0.19502
    outer loop
      vertex 2.6563 -1.3 28.2118
      vertex 2.72647 -5 27.8589
      vertex 2.6563 -5 28.2118
    endloop
  endfacet
  facet normal -0.195151 -1.24407e-18 -0.980773
    outer loop
      vertex 0.358947 -5 30.2265
      vertex 0.711752 -1.3 30.1563
      vertex 0.711752 -5 30.1563
    endloop
  endfacet
  facet normal -0.195151 -1.24407e-18 -0.980773
    outer loop
      vertex 0.711752 -1.3 30.1563
      vertex 0.358947 -5 30.2265
      vertex 0.358947 -1.3 30.2265
    endloop
  endfacet
  facet normal 0.997858 0 -0.065421
    outer loop
      vertex -2.72647 -5 27.8589
      vertex -2.75 -1.3 27.5
      vertex -2.72647 -1.3 27.8589
    endloop
  endfacet
  facet normal 0.997858 0 -0.065421
    outer loop
      vertex -2.75 -1.3 27.5
      vertex -2.72647 -5 27.8589
      vertex -2.75 -5 27.5
    endloop
  endfacet
  facet normal 0.321371 -1.06574e-18 0.946954
    outer loop
      vertex -1.05238 -1.3 20.9593
      vertex -0.711752 -5 20.8437
      vertex -0.711752 -1.3 20.8437
    endloop
  endfacet
  facet normal 0.321371 -1.06574e-18 0.946954
    outer loop
      vertex -0.711752 -5 20.8437
      vertex -1.05238 -1.3 20.9593
      vertex -1.05238 -5 20.9593
    endloop
  endfacet
  facet normal -0.831472 0 0.555566
    outer loop
      vertex 2.18172 -5 21.8259
      vertex 2.38157 -1.3 22.125
      vertex 2.18172 -1.3 21.8259
    endloop
  endfacet
  facet normal -0.831472 0 0.555566
    outer loop
      vertex 2.38157 -1.3 22.125
      vertex 2.18172 -5 21.8259
      vertex 2.38157 -5 22.125
    endloop
  endfacet
  facet normal -0.321371 1.06574e-18 0.946954
    outer loop
      vertex 0.711752 -1.3 20.8437
      vertex 1.05238 -5 20.9593
      vertex 1.05238 -1.3 20.9593
    endloop
  endfacet
  facet normal -0.321371 1.06574e-18 0.946954
    outer loop
      vertex 1.05238 -5 20.9593
      vertex 0.711752 -1.3 20.8437
      vertex 0.711752 -5 20.8437
    endloop
  endfacet
  facet normal -0.321371 -1.06574e-18 -0.946954
    outer loop
      vertex 0.711752 -5 30.1563
      vertex 1.05238 -1.3 30.0407
      vertex 1.05238 -5 30.0407
    endloop
  endfacet
  facet normal -0.321371 -1.06574e-18 -0.946954
    outer loop
      vertex 1.05238 -1.3 30.0407
      vertex 0.711752 -5 30.1563
      vertex 0.711752 -1.3 30.1563
    endloop
  endfacet
  facet normal 0.997858 -0 0.065421
    outer loop
      vertex -2.75 -5 23.5
      vertex -2.72647 -1.3 23.1411
      vertex -2.75 -1.3 23.5
    endloop
  endfacet
  facet normal 0.997858 0 0.065421
    outer loop
      vertex -2.72647 -1.3 23.1411
      vertex -2.75 -5 23.5
      vertex -2.72647 -5 23.1411
    endloop
  endfacet
  facet normal 0.980799 0 -0.19502
    outer loop
      vertex -2.6563 -5 28.2118
      vertex -2.72647 -1.3 27.8589
      vertex -2.6563 -1.3 28.2118
    endloop
  endfacet
  facet normal 0.980799 0 -0.19502
    outer loop
      vertex -2.72647 -1.3 27.8589
      vertex -2.6563 -5 28.2118
      vertex -2.72647 -5 27.8589
    endloop
  endfacet
  facet normal 0.0653294 3.27613e-19 0.997864
    outer loop
      vertex -0.358947 -1.3 20.7735
      vertex 0 -5 20.75
      vertex 0 -1.3 20.75
    endloop
  endfacet
  facet normal 0.0653294 3.27613e-19 0.997864
    outer loop
      vertex 0 -5 20.75
      vertex -0.358947 -1.3 20.7735
      vertex -0.358947 -5 20.7735
    endloop
  endfacet
  facet normal -0.555675 2.3166e-18 0.8314
    outer loop
      vertex 1.375 -1.3 21.1184
      vertex 1.67409 -5 21.3183
      vertex 1.67409 -1.3 21.3183
    endloop
  endfacet
  facet normal -0.555675 2.3166e-18 0.8314
    outer loop
      vertex 1.67409 -5 21.3183
      vertex 1.375 -1.3 21.1184
      vertex 1.375 -5 21.1184
    endloop
  endfacet
  facet normal -0.65938 4.44927e-19 -0.75181
    outer loop
      vertex 1.67409 -5 29.6817
      vertex 1.94454 -1.3 29.4445
      vertex 1.94454 -5 29.4445
    endloop
  endfacet
  facet normal -0.65938 4.44927e-19 -0.75181
    outer loop
      vertex 1.94454 -1.3 29.4445
      vertex 1.67409 -5 29.6817
      vertex 1.67409 -1.3 29.6817
    endloop
  endfacet
  facet normal -0.555675 -2.3166e-18 -0.8314
    outer loop
      vertex 1.375 -5 29.8816
      vertex 1.67409 -1.3 29.6817
      vertex 1.67409 -5 29.6817
    endloop
  endfacet
  facet normal -0.555675 -2.3166e-18 -0.8314
    outer loop
      vertex 1.67409 -1.3 29.6817
      vertex 1.375 -5 29.8816
      vertex 1.375 -1.3 29.8816
    endloop
  endfacet
  facet normal 0.946933 0 -0.32143
    outer loop
      vertex -4.85037 -1.3 29.5091
      vertex -5.07111 5 28.8588
      vertex -4.85037 5 29.5091
    endloop
  endfacet
  facet normal 0.946933 0 -0.32143
    outer loop
      vertex -5.07111 5 28.8588
      vertex -4.85037 -1.3 29.5091
      vertex -5.07111 -1.3 28.8588
    endloop
  endfacet
  facet normal -0.980785 0 0.195094
    outer loop
      vertex 5.07111 -1.3 22.1412
      vertex 5.20508 5 22.8147
      vertex 5.07111 5 22.1412
    endloop
  endfacet
  facet normal -0.980785 0 0.195094
    outer loop
      vertex 5.20508 5 22.8147
      vertex 5.07111 -1.3 22.1412
      vertex 5.20508 -1.3 22.8147
    endloop
  endfacet
  facet normal 0.83147 -0 0.55557
    outer loop
      vertex -4.54663 -1.3 20.875
      vertex -4.1651 5 20.304
      vertex -4.54663 5 20.875
    endloop
  endfacet
  facet normal 0.83147 0 0.55557
    outer loop
      vertex -4.1651 5 20.304
      vertex -4.54663 -1.3 20.875
      vertex -4.1651 -1.3 20.304
    endloop
  endfacet
  facet normal 0.442367 -5.67755e-19 0.896834
    outer loop
      vertex -2.625 4.5 18.9534
      vertex -2.00909 -1.3 18.6496
      vertex -2.00909 4.5 18.6496
    endloop
  endfacet
  facet normal 0.442367 -5.67755e-19 0.896834
    outer loop
      vertex -2.00909 -1.3 18.6496
      vertex -2.625 4.5 18.9534
      vertex -2.625 -1.3 18.9534
    endloop
  endfacet
  facet normal -0.442367 5.67755e-19 0.896834
    outer loop
      vertex 2.00909 4.5 18.6496
      vertex 2.625 -1.3 18.9534
      vertex 2.625 4.5 18.9534
    endloop
  endfacet
  facet normal -0.442367 5.67755e-19 0.896834
    outer loop
      vertex 2.625 -1.3 18.9534
      vertex 2.00909 4.5 18.6496
      vertex 2.00909 -1.3 18.6496
    endloop
  endfacet
  facet normal -0.997859 0 0.0654076
    outer loop
      vertex 5.20508 -1.3 22.8147
      vertex 5.25 5 23.5
      vertex 5.20508 5 22.8147
    endloop
  endfacet
  facet normal -0.997859 0 0.0654076
    outer loop
      vertex 5.25 5 23.5
      vertex 5.20508 -1.3 22.8147
      vertex 5.25 -1.3 23.5
    endloop
  endfacet
  facet normal 0.659353 -9.74964e-19 0.751834
    outer loop
      vertex -3.71231 5 19.7877
      vertex -3.196 -1.3 19.3349
      vertex -3.196 5 19.3349
    endloop
  endfacet
  facet normal 0.659353 -9.74964e-19 0.751834
    outer loop
      vertex -3.196 -1.3 19.3349
      vertex -3.71231 5 19.7877
      vertex -3.71231 -1.3 19.7877
    endloop
  endfacet
  facet normal 0.555573 0 0.831468
    outer loop
      vertex -2.69479 5 19
      vertex -3.196 5 19.3349
      vertex -2.69479 4.5 19
    endloop
  endfacet
  facet normal 0.555305 2.85706e-19 0.831647
    outer loop
      vertex -2.69479 4.5 19
      vertex -2.625 -1.3 18.9534
      vertex -2.625 4.5 18.9534
    endloop
  endfacet
  facet normal 0.555573 -0 0.831468
    outer loop
      vertex -3.196 -1.3 19.3349
      vertex -2.69479 4.5 19
      vertex -3.196 5 19.3349
    endloop
  endfacet
  facet normal 0.55554 4.08866e-06 0.83149
    outer loop
      vertex -2.69479 4.5 19
      vertex -3.196 -1.3 19.3349
      vertex -2.625 -1.3 18.9534
    endloop
  endfacet
  facet normal -0.0653822 3.42633e-19 0.99786
    outer loop
      vertex 0 4.5 18.25
      vertex 0.685262 -1.3 18.2949
      vertex 0.685262 4.5 18.2949
    endloop
  endfacet
  facet normal -0.0653822 3.42633e-19 0.99786
    outer loop
      vertex 0.685262 -1.3 18.2949
      vertex 0 4.5 18.25
      vertex 0 -1.3 18.25
    endloop
  endfacet
  facet normal -0.751835 0 0.659352
    outer loop
      vertex 3.71231 -1.3 19.7877
      vertex 4.1651 5 20.304
      vertex 3.71231 5 19.7877
    endloop
  endfacet
  facet normal -0.751835 0 0.659352
    outer loop
      vertex 4.1651 5 20.304
      vertex 3.71231 -1.3 19.7877
      vertex 4.1651 -1.3 20.304
    endloop
  endfacet
  facet normal 0.946933 -0 0.32143
    outer loop
      vertex -5.07111 -1.3 22.1412
      vertex -4.85037 5 21.4909
      vertex -5.07111 5 22.1412
    endloop
  endfacet
  facet normal 0.946933 0 0.32143
    outer loop
      vertex -4.85037 5 21.4909
      vertex -5.07111 -1.3 22.1412
      vertex -4.85037 -1.3 21.4909
    endloop
  endfacet
  facet normal 0.55554 -3.12584e-18 -0.83149
    outer loop
      vertex -3.196 -1.3 31.6651
      vertex -2.625 5 32.0466
      vertex -2.625 -1.3 32.0466
    endloop
  endfacet
  facet normal 0.55554 -3.12584e-18 -0.83149
    outer loop
      vertex -2.625 5 32.0466
      vertex -3.196 -1.3 31.6651
      vertex -3.196 5 31.6651
    endloop
  endfacet
  facet normal -0.321382 3.02962e-18 0.94695
    outer loop
      vertex 1.3588 4.5 18.4289
      vertex 2.00909 -1.3 18.6496
      vertex 2.00909 4.5 18.6496
    endloop
  endfacet
  facet normal -0.321382 3.02962e-18 0.94695
    outer loop
      vertex 2.00909 -1.3 18.6496
      vertex 1.3588 4.5 18.4289
      vertex 1.3588 -1.3 18.4289
    endloop
  endfacet
  facet normal -0.946933 0 0.32143
    outer loop
      vertex 4.85037 -1.3 21.4909
      vertex 5.07111 5 22.1412
      vertex 4.85037 5 21.4909
    endloop
  endfacet
  facet normal -0.946933 0 0.32143
    outer loop
      vertex 5.07111 5 22.1412
      vertex 4.85037 -1.3 21.4909
      vertex 5.07111 -1.3 22.1412
    endloop
  endfacet
  facet normal 0.997859 0 -0.0654076
    outer loop
      vertex -5.20508 -1.3 28.1853
      vertex -5.25 5 27.5
      vertex -5.20508 5 28.1853
    endloop
  endfacet
  facet normal 0.997859 0 -0.0654076
    outer loop
      vertex -5.25 5 27.5
      vertex -5.20508 -1.3 28.1853
      vertex -5.25 -1.3 27.5
    endloop
  endfacet
  facet normal 0.321382 -3.02962e-18 0.94695
    outer loop
      vertex -2.00909 4.5 18.6496
      vertex -1.3588 -1.3 18.4289
      vertex -1.3588 4.5 18.4289
    endloop
  endfacet
  facet normal 0.321382 -3.02962e-18 0.94695
    outer loop
      vertex -1.3588 -1.3 18.4289
      vertex -2.00909 4.5 18.6496
      vertex -2.00909 -1.3 18.6496
    endloop
  endfacet
  facet normal 0.751835 -0 0.659352
    outer loop
      vertex -4.1651 -1.3 20.304
      vertex -3.71231 5 19.7877
      vertex -4.1651 5 20.304
    endloop
  endfacet
  facet normal 0.751835 0 0.659352
    outer loop
      vertex -3.71231 5 19.7877
      vertex -4.1651 -1.3 20.304
      vertex -3.71231 -1.3 19.7877
    endloop
  endfacet
  facet normal 0.195125 1.08403e-18 0.980778
    outer loop
      vertex -1.3588 4.5 18.4289
      vertex -0.685262 -1.3 18.2949
      vertex -0.685262 4.5 18.2949
    endloop
  endfacet
  facet normal 0.195125 1.08403e-18 0.980778
    outer loop
      vertex -0.685262 -1.3 18.2949
      vertex -1.3588 4.5 18.4289
      vertex -1.3588 -1.3 18.4289
    endloop
  endfacet
  facet normal -0.946933 0 -0.32143
    outer loop
      vertex 5.07111 -1.3 28.8588
      vertex 4.85037 5 29.5091
      vertex 5.07111 5 28.8588
    endloop
  endfacet
  facet normal -0.946933 -0 -0.32143
    outer loop
      vertex 4.85037 5 29.5091
      vertex 5.07111 -1.3 28.8588
      vertex 4.85037 -1.3 29.5091
    endloop
  endfacet
  facet normal 0.980785 -0 0.195094
    outer loop
      vertex -5.20508 -1.3 22.8147
      vertex -5.07111 5 22.1412
      vertex -5.20508 5 22.8147
    endloop
  endfacet
  facet normal 0.980785 0 0.195094
    outer loop
      vertex -5.07111 5 22.1412
      vertex -5.20508 -1.3 22.8147
      vertex -5.07111 -1.3 22.1412
    endloop
  endfacet
  facet normal 0.442367 -5.26305e-19 -0.896834
    outer loop
      vertex -2.625 -1.3 32.0466
      vertex -2.00909 5 32.3504
      vertex -2.00909 -1.3 32.3504
    endloop
  endfacet
  facet normal 0.442367 -5.26305e-19 -0.896834
    outer loop
      vertex -2.00909 5 32.3504
      vertex -2.625 -1.3 32.0466
      vertex -2.625 5 32.0466
    endloop
  endfacet
  facet normal 0.980785 0 -0.195094
    outer loop
      vertex -5.07111 -1.3 28.8588
      vertex -5.20508 5 28.1853
      vertex -5.07111 5 28.8588
    endloop
  endfacet
  facet normal 0.980785 0 -0.195094
    outer loop
      vertex -5.20508 5 28.1853
      vertex -5.07111 -1.3 28.8588
      vertex -5.20508 -1.3 28.1853
    endloop
  endfacet
  facet normal -0.0653822 -3.1544e-19 -0.99786
    outer loop
      vertex 0 -1.3 32.75
      vertex 0.685262 5 32.7051
      vertex 0.685262 -1.3 32.7051
    endloop
  endfacet
  facet normal -0.0653822 -3.1544e-19 -0.99786
    outer loop
      vertex 0.685262 5 32.7051
      vertex 0 -1.3 32.75
      vertex 0 5 32.75
    endloop
  endfacet
  facet normal -0.751835 0 -0.659352
    outer loop
      vertex 4.1651 -1.3 30.696
      vertex 3.71231 5 31.2123
      vertex 4.1651 5 30.696
    endloop
  endfacet
  facet normal -0.751835 -0 -0.659352
    outer loop
      vertex 3.71231 5 31.2123
      vertex 4.1651 -1.3 30.696
      vertex 3.71231 -1.3 31.2123
    endloop
  endfacet
  facet normal -0.659353 -9.74964e-19 -0.751834
    outer loop
      vertex 3.196 -1.3 31.6651
      vertex 3.71231 5 31.2123
      vertex 3.71231 -1.3 31.2123
    endloop
  endfacet
  facet normal -0.659353 -9.74964e-19 -0.751834
    outer loop
      vertex 3.71231 5 31.2123
      vertex 3.196 -1.3 31.6651
      vertex 3.196 5 31.6651
    endloop
  endfacet
  facet normal 0.0653822 -3.42633e-19 0.99786
    outer loop
      vertex -0.685262 4.5 18.2949
      vertex 0 -1.3 18.25
      vertex 0 4.5 18.25
    endloop
  endfacet
  facet normal 0.0653822 -3.42633e-19 0.99786
    outer loop
      vertex 0 -1.3 18.25
      vertex -0.685262 4.5 18.2949
      vertex -0.685262 -1.3 18.2949
    endloop
  endfacet
  facet normal 0.751835 0 -0.659352
    outer loop
      vertex -3.71231 -1.3 31.2123
      vertex -4.1651 5 30.696
      vertex -3.71231 5 31.2123
    endloop
  endfacet
  facet normal 0.751835 0 -0.659352
    outer loop
      vertex -4.1651 5 30.696
      vertex -3.71231 -1.3 31.2123
      vertex -4.1651 -1.3 30.696
    endloop
  endfacet
  facet normal -0.555573 0 0.831468
    outer loop
      vertex 2.69479 4.5 19
      vertex 3.196 5 19.3349
      vertex 2.69479 5 19
    endloop
  endfacet
  facet normal -0.555573 0 0.831468
    outer loop
      vertex 3.196 5 19.3349
      vertex 2.69479 4.5 19
      vertex 3.196 -1.3 19.3349
    endloop
  endfacet
  facet normal -0.555305 0 0.831647
    outer loop
      vertex 2.625 -1.3 18.9534
      vertex 2.69479 4.5 19
      vertex 2.625 4.5 18.9534
    endloop
  endfacet
  facet normal -0.55554 4.08866e-06 0.83149
    outer loop
      vertex 2.69479 4.5 19
      vertex 2.625 -1.3 18.9534
      vertex 3.196 -1.3 19.3349
    endloop
  endfacet
  facet normal -0.442367 5.26305e-19 -0.896834
    outer loop
      vertex 2.00909 -1.3 32.3504
      vertex 2.625 5 32.0466
      vertex 2.625 -1.3 32.0466
    endloop
  endfacet
  facet normal -0.442367 5.26305e-19 -0.896834
    outer loop
      vertex 2.625 5 32.0466
      vertex 2.00909 -1.3 32.3504
      vertex 2.00909 5 32.3504
    endloop
  endfacet
  facet normal -0.83147 0 0.55557
    outer loop
      vertex 4.1651 -1.3 20.304
      vertex 4.54663 5 20.875
      vertex 4.1651 5 20.304
    endloop
  endfacet
  facet normal -0.83147 0 0.55557
    outer loop
      vertex 4.54663 5 20.875
      vertex 4.1651 -1.3 20.304
      vertex 4.54663 -1.3 20.875
    endloop
  endfacet
  facet normal -0.997859 0 -0.0654076
    outer loop
      vertex 5.25 -1.3 27.5
      vertex 5.20508 5 28.1853
      vertex 5.25 5 27.5
    endloop
  endfacet
  facet normal -0.997859 -0 -0.0654076
    outer loop
      vertex 5.20508 5 28.1853
      vertex 5.25 -1.3 27.5
      vertex 5.20508 -1.3 28.1853
    endloop
  endfacet
  facet normal 0.896866 -0 0.442302
    outer loop
      vertex -4.85037 -1.3 21.4909
      vertex -4.54663 5 20.875
      vertex -4.85037 5 21.4909
    endloop
  endfacet
  facet normal 0.896866 0 0.442302
    outer loop
      vertex -4.54663 5 20.875
      vertex -4.85037 -1.3 21.4909
      vertex -4.54663 -1.3 20.875
    endloop
  endfacet
  facet normal 0.195125 -9.98e-19 -0.980778
    outer loop
      vertex -1.3588 -1.3 32.5711
      vertex -0.685262 5 32.7051
      vertex -0.685262 -1.3 32.7051
    endloop
  endfacet
  facet normal 0.195125 -9.98e-19 -0.980778
    outer loop
      vertex -0.685262 5 32.7051
      vertex -1.3588 -1.3 32.5711
      vertex -1.3588 5 32.5711
    endloop
  endfacet
  facet normal 1 -0 0
    outer loop
      vertex -5.25 -1.3 27.5
      vertex -5.25 5 23.5
      vertex -5.25 5 27.5
    endloop
  endfacet
  facet normal 1 0 0
    outer loop
      vertex -5.25 5 23.5
      vertex -5.25 -1.3 27.5
      vertex -5.25 -1.3 23.5
    endloop
  endfacet
  facet normal -0.55554 3.12584e-18 -0.83149
    outer loop
      vertex 2.625 -1.3 32.0466
      vertex 3.196 5 31.6651
      vertex 3.196 -1.3 31.6651
    endloop
  endfacet
  facet normal -0.55554 3.12584e-18 -0.83149
    outer loop
      vertex 3.196 5 31.6651
      vertex 2.625 -1.3 32.0466
      vertex 2.625 5 32.0466
    endloop
  endfacet
  facet normal 0.0653822 3.1544e-19 -0.99786
    outer loop
      vertex -0.685262 -1.3 32.7051
      vertex 0 5 32.75
      vertex 0 -1.3 32.75
    endloop
  endfacet
  facet normal 0.0653822 3.1544e-19 -0.99786
    outer loop
      vertex 0 5 32.75
      vertex -0.685262 -1.3 32.7051
      vertex -0.685262 5 32.7051
    endloop
  endfacet
  facet normal 0.659353 9.74964e-19 -0.751834
    outer loop
      vertex -3.71231 -1.3 31.2123
      vertex -3.196 5 31.6651
      vertex -3.196 -1.3 31.6651
    endloop
  endfacet
  facet normal 0.659353 9.74964e-19 -0.751834
    outer loop
      vertex -3.196 5 31.6651
      vertex -3.71231 -1.3 31.2123
      vertex -3.71231 5 31.2123
    endloop
  endfacet
  facet normal 0.896866 0 -0.442302
    outer loop
      vertex -4.54663 -1.3 30.125
      vertex -4.85037 5 29.5091
      vertex -4.54663 5 30.125
    endloop
  endfacet
  facet normal 0.896866 0 -0.442302
    outer loop
      vertex -4.85037 5 29.5091
      vertex -4.54663 -1.3 30.125
      vertex -4.85037 -1.3 29.5091
    endloop
  endfacet
  facet normal -0.195125 9.98e-19 -0.980778
    outer loop
      vertex 0.685262 -1.3 32.7051
      vertex 1.3588 5 32.5711
      vertex 1.3588 -1.3 32.5711
    endloop
  endfacet
  facet normal -0.195125 9.98e-19 -0.980778
    outer loop
      vertex 1.3588 5 32.5711
      vertex 0.685262 -1.3 32.7051
      vertex 0.685262 5 32.7051
    endloop
  endfacet
  facet normal -0.980785 0 -0.195094
    outer loop
      vertex 5.20508 -1.3 28.1853
      vertex 5.07111 5 28.8588
      vertex 5.20508 5 28.1853
    endloop
  endfacet
  facet normal -0.980785 -0 -0.195094
    outer loop
      vertex 5.07111 5 28.8588
      vertex 5.20508 -1.3 28.1853
      vertex 5.07111 -1.3 28.8588
    endloop
  endfacet
  facet normal 0.321382 2.78917e-18 -0.94695
    outer loop
      vertex -2.00909 -1.3 32.3504
      vertex -1.3588 5 32.5711
      vertex -1.3588 -1.3 32.5711
    endloop
  endfacet
  facet normal 0.321382 2.78917e-18 -0.94695
    outer loop
      vertex -1.3588 5 32.5711
      vertex -2.00909 -1.3 32.3504
      vertex -2.00909 5 32.3504
    endloop
  endfacet
  facet normal 0.997859 -0 0.0654076
    outer loop
      vertex -5.25 -1.3 23.5
      vertex -5.20508 5 22.8147
      vertex -5.25 5 23.5
    endloop
  endfacet
  facet normal 0.997859 0 0.0654076
    outer loop
      vertex -5.20508 5 22.8147
      vertex -5.25 -1.3 23.5
      vertex -5.20508 -1.3 22.8147
    endloop
  endfacet
  facet normal -0.195125 -1.08403e-18 0.980778
    outer loop
      vertex 0.685262 4.5 18.2949
      vertex 1.3588 -1.3 18.4289
      vertex 1.3588 4.5 18.4289
    endloop
  endfacet
  facet normal -0.195125 -1.08403e-18 0.980778
    outer loop
      vertex 1.3588 -1.3 18.4289
      vertex 0.685262 4.5 18.2949
      vertex 0.685262 -1.3 18.2949
    endloop
  endfacet
  facet normal 0.83147 0 -0.55557
    outer loop
      vertex -4.1651 -1.3 30.696
      vertex -4.54663 5 30.125
      vertex -4.1651 5 30.696
    endloop
  endfacet
  facet normal 0.83147 0 -0.55557
    outer loop
      vertex -4.54663 5 30.125
      vertex -4.1651 -1.3 30.696
      vertex -4.54663 -1.3 30.125
    endloop
  endfacet
  facet normal -0.321382 -2.78917e-18 -0.94695
    outer loop
      vertex 1.3588 -1.3 32.5711
      vertex 2.00909 5 32.3504
      vertex 2.00909 -1.3 32.3504
    endloop
  endfacet
  facet normal -0.321382 -2.78917e-18 -0.94695
    outer loop
      vertex 2.00909 5 32.3504
      vertex 1.3588 -1.3 32.5711
      vertex 1.3588 5 32.5711
    endloop
  endfacet
  facet normal -1 0 0
    outer loop
      vertex 5.25 -1.3 23.5
      vertex 5.25 5 27.5
      vertex 5.25 5 23.5
    endloop
  endfacet
  facet normal -1 -0 0
    outer loop
      vertex 5.25 5 27.5
      vertex 5.25 -1.3 23.5
      vertex 5.25 -1.3 27.5
    endloop
  endfacet
  facet normal -0.896866 0 0.442302
    outer loop
      vertex 4.54663 -1.3 20.875
      vertex 4.85037 5 21.4909
      vertex 4.54663 5 20.875
    endloop
  endfacet
  facet normal -0.896866 0 0.442302
    outer loop
      vertex 4.85037 5 21.4909
      vertex 4.54663 -1.3 20.875
      vertex 4.85037 -1.3 21.4909
    endloop
  endfacet
  facet normal -0.896866 0 -0.442302
    outer loop
      vertex 4.85037 -1.3 29.5091
      vertex 4.54663 5 30.125
      vertex 4.85037 5 29.5091
    endloop
  endfacet
  facet normal -0.896866 -0 -0.442302
    outer loop
      vertex 4.54663 5 30.125
      vertex 4.85037 -1.3 29.5091
      vertex 4.54663 -1.3 30.125
    endloop
  endfacet
  facet normal -0.83147 0 -0.55557
    outer loop
      vertex 4.54663 -1.3 30.125
      vertex 4.1651 5 30.696
      vertex 4.54663 5 30.125
    endloop
  endfacet
  facet normal -0.83147 -0 -0.55557
    outer loop
      vertex 4.1651 5 30.696
      vertex 4.54663 -1.3 30.125
      vertex 4.1651 -1.3 30.696
    endloop
  endfacet
  facet normal -0.659353 9.74964e-19 0.751834
    outer loop
      vertex 3.196 5 19.3349
      vertex 3.71231 -1.3 19.7877
      vertex 3.71231 5 19.7877
    endloop
  endfacet
  facet normal -0.659353 9.74964e-19 0.751834
    outer loop
      vertex 3.71231 -1.3 19.7877
      vertex 3.196 5 19.3349
      vertex 3.196 -1.3 19.3349
    endloop
  endfacet
  facet normal 0 1 0
    outer loop
      vertex 0 -1.3 30.25
      vertex 0 -1.3 32.75
      vertex 0.685262 -1.3 32.7051
    endloop
  endfacet
  facet normal 0 1 0
    outer loop
      vertex 0.358947 -1.3 30.2265
      vertex 0.685262 -1.3 32.7051
      vertex 1.3588 -1.3 32.5711
    endloop
  endfacet
  facet normal 0 1 0
    outer loop
      vertex 0 -1.3 32.75
      vertex 0 -1.3 30.25
      vertex -0.685262 -1.3 32.7051
    endloop
  endfacet
  facet normal 0 1 0
    outer loop
      vertex 0.711752 -1.3 30.1563
      vertex 1.3588 -1.3 32.5711
      vertex 2.00909 -1.3 32.3504
    endloop
  endfacet
  facet normal 0 1 -0
    outer loop
      vertex -0.358947 -1.3 30.2265
      vertex -0.685262 -1.3 32.7051
      vertex 0 -1.3 30.25
    endloop
  endfacet
  facet normal 0 1 0
    outer loop
      vertex 1.05238 -1.3 30.0407
      vertex 2.00909 -1.3 32.3504
      vertex 2.625 -1.3 32.0466
    endloop
  endfacet
  facet normal 0 1 0
    outer loop
      vertex -0.685262 -1.3 32.7051
      vertex -0.358947 -1.3 30.2265
      vertex -1.3588 -1.3 32.5711
    endloop
  endfacet
  facet normal 0 1 0
    outer loop
      vertex 1.375 -1.3 29.8816
      vertex 2.625 -1.3 32.0466
      vertex 3.196 -1.3 31.6651
    endloop
  endfacet
  facet normal 0 1 -0
    outer loop
      vertex -0.711752 -1.3 30.1563
      vertex -1.3588 -1.3 32.5711
      vertex -0.358947 -1.3 30.2265
    endloop
  endfacet
  facet normal 0 1 0
    outer loop
      vertex 1.67409 -1.3 29.6817
      vertex 3.196 -1.3 31.6651
      vertex 3.71231 -1.3 31.2123
    endloop
  endfacet
  facet normal 0 1 0
    outer loop
      vertex -1.3588 -1.3 32.5711
      vertex -0.711752 -1.3 30.1563
      vertex -2.00909 -1.3 32.3504
    endloop
  endfacet
  facet normal 0 1 0
    outer loop
      vertex 1.94454 -1.3 29.4445
      vertex 3.71231 -1.3 31.2123
      vertex 4.1651 -1.3 30.696
    endloop
  endfacet
  facet normal 0 1 -0
    outer loop
      vertex -1.05238 -1.3 30.0407
      vertex -2.00909 -1.3 32.3504
      vertex -0.711752 -1.3 30.1563
    endloop
  endfacet
  facet normal 0 1 0
    outer loop
      vertex -2.00909 -1.3 32.3504
      vertex -1.05238 -1.3 30.0407
      vertex -2.625 -1.3 32.0466
    endloop
  endfacet
  facet normal 0 1 0
    outer loop
      vertex 0.685262 -1.3 32.7051
      vertex 0.358947 -1.3 30.2265
      vertex 0 -1.3 30.25
    endloop
  endfacet
  facet normal 0 1 0
    outer loop
      vertex 1.3588 -1.3 32.5711
      vertex 0.711752 -1.3 30.1563
      vertex 0.358947 -1.3 30.2265
    endloop
  endfacet
  facet normal 0 1 0
    outer loop
      vertex 2.18172 -1.3 29.1741
      vertex 4.1651 -1.3 30.696
      vertex 4.54663 -1.3 30.125
    endloop
  endfacet
  facet normal 0 1 0
    outer loop
      vertex 2.00909 -1.3 32.3504
      vertex 1.05238 -1.3 30.0407
      vertex 0.711752 -1.3 30.1563
    endloop
  endfacet
  facet normal 0 1 0
    outer loop
      vertex 2.625 -1.3 32.0466
      vertex 1.375 -1.3 29.8816
      vertex 1.05238 -1.3 30.0407
    endloop
  endfacet
  facet normal 0 1 0
    outer loop
      vertex 3.196 -1.3 31.6651
      vertex 1.67409 -1.3 29.6817
      vertex 1.375 -1.3 29.8816
    endloop
  endfacet
  facet normal 0 1 0
    outer loop
      vertex 2.38157 -1.3 28.875
      vertex 4.54663 -1.3 30.125
      vertex 4.85037 -1.3 29.5091
    endloop
  endfacet
  facet normal 0 1 0
    outer loop
      vertex 3.71231 -1.3 31.2123
      vertex 1.94454 -1.3 29.4445
      vertex 1.67409 -1.3 29.6817
    endloop
  endfacet
  facet normal 0 1 0
    outer loop
      vertex 4.1651 -1.3 30.696
      vertex 2.18172 -1.3 29.1741
      vertex 1.94454 -1.3 29.4445
    endloop
  endfacet
  facet normal 0 1 0
    outer loop
      vertex 4.54663 -1.3 30.125
      vertex 2.38157 -1.3 28.875
      vertex 2.18172 -1.3 29.1741
    endloop
  endfacet
  facet normal 0 1 0
    outer loop
      vertex 2.54067 -1.3 28.5524
      vertex 4.85037 -1.3 29.5091
      vertex 5.07111 -1.3 28.8588
    endloop
  endfacet
  facet normal 0 1 0
    outer loop
      vertex 4.85037 -1.3 29.5091
      vertex 2.54067 -1.3 28.5524
      vertex 2.38157 -1.3 28.875
    endloop
  endfacet
  facet normal 0 1 0
    outer loop
      vertex 5.07111 -1.3 28.8588
      vertex 2.6563 -1.3 28.2118
      vertex 2.54067 -1.3 28.5524
    endloop
  endfacet
  facet normal 0 1 0
    outer loop
      vertex 5.20508 -1.3 28.1853
      vertex 2.6563 -1.3 28.2118
      vertex 5.07111 -1.3 28.8588
    endloop
  endfacet
  facet normal 0 1 0
    outer loop
      vertex 5.20508 -1.3 28.1853
      vertex 2.72647 -1.3 27.8589
      vertex 2.6563 -1.3 28.2118
    endloop
  endfacet
  facet normal 0 1 0
    outer loop
      vertex 5.25 -1.3 27.5
      vertex 2.72647 -1.3 27.8589
      vertex 5.20508 -1.3 28.1853
    endloop
  endfacet
  facet normal 0 1 0
    outer loop
      vertex 5.25 -1.3 27.5
      vertex 2.75 -1.3 27.5
      vertex 2.72647 -1.3 27.8589
    endloop
  endfacet
  facet normal 0 1 -0
    outer loop
      vertex 5.25 -1.3 23.5
      vertex 2.75 -1.3 27.5
      vertex 5.25 -1.3 27.5
    endloop
  endfacet
  facet normal 0 1 0
    outer loop
      vertex 5.25 -1.3 23.5
      vertex 2.75 -1.3 23.5
      vertex 2.75 -1.3 27.5
    endloop
  endfacet
  facet normal 0 1 0
    outer loop
      vertex 5.25 -1.3 23.5
      vertex 2.72647 -1.3 23.1411
      vertex 2.75 -1.3 23.5
    endloop
  endfacet
  facet normal 0 1 -0
    outer loop
      vertex 5.20508 -1.3 22.8147
      vertex 2.72647 -1.3 23.1411
      vertex 5.25 -1.3 23.5
    endloop
  endfacet
  facet normal 0 1 0
    outer loop
      vertex 5.20508 -1.3 22.8147
      vertex 2.6563 -1.3 22.7882
      vertex 2.72647 -1.3 23.1411
    endloop
  endfacet
  facet normal 0 1 -0
    outer loop
      vertex 5.07111 -1.3 22.1412
      vertex 2.6563 -1.3 22.7882
      vertex 5.20508 -1.3 22.8147
    endloop
  endfacet
  facet normal 0 1 0
    outer loop
      vertex 2.6563 -1.3 22.7882
      vertex 5.07111 -1.3 22.1412
      vertex 2.54067 -1.3 22.4476
    endloop
  endfacet
  facet normal 0 1 -0
    outer loop
      vertex 4.85037 -1.3 21.4909
      vertex 2.54067 -1.3 22.4476
      vertex 5.07111 -1.3 22.1412
    endloop
  endfacet
  facet normal 0 1 0
    outer loop
      vertex 2.54067 -1.3 22.4476
      vertex 4.85037 -1.3 21.4909
      vertex 2.38157 -1.3 22.125
    endloop
  endfacet
  facet normal 0 1 -0
    outer loop
      vertex 4.54663 -1.3 20.875
      vertex 2.38157 -1.3 22.125
      vertex 4.85037 -1.3 21.4909
    endloop
  endfacet
  facet normal 0 1 0
    outer loop
      vertex 2.38157 -1.3 22.125
      vertex 4.54663 -1.3 20.875
      vertex 2.18172 -1.3 21.8259
    endloop
  endfacet
  facet normal 0 1 -0
    outer loop
      vertex 4.1651 -1.3 20.304
      vertex 2.18172 -1.3 21.8259
      vertex 4.54663 -1.3 20.875
    endloop
  endfacet
  facet normal 0 1 0
    outer loop
      vertex 2.18172 -1.3 21.8259
      vertex 4.1651 -1.3 20.304
      vertex 1.94454 -1.3 21.5555
    endloop
  endfacet
  facet normal 0 1 -0
    outer loop
      vertex 3.71231 -1.3 19.7877
      vertex 1.94454 -1.3 21.5555
      vertex 4.1651 -1.3 20.304
    endloop
  endfacet
  facet normal 0 1 0
    outer loop
      vertex 1.94454 -1.3 21.5555
      vertex 3.71231 -1.3 19.7877
      vertex 1.67409 -1.3 21.3183
    endloop
  endfacet
  facet normal 0 1 -0
    outer loop
      vertex 3.196 -1.3 19.3349
      vertex 1.67409 -1.3 21.3183
      vertex 3.71231 -1.3 19.7877
    endloop
  endfacet
  facet normal 0 1 0
    outer loop
      vertex 1.67409 -1.3 21.3183
      vertex 3.196 -1.3 19.3349
      vertex 1.375 -1.3 21.1184
    endloop
  endfacet
  facet normal 0 1 -0
    outer loop
      vertex 2.625 -1.3 18.9534
      vertex 1.375 -1.3 21.1184
      vertex 3.196 -1.3 19.3349
    endloop
  endfacet
  facet normal 0 1 0
    outer loop
      vertex 1.375 -1.3 21.1184
      vertex 2.625 -1.3 18.9534
      vertex 1.05238 -1.3 20.9593
    endloop
  endfacet
  facet normal 0 1 -0
    outer loop
      vertex -1.375 -1.3 29.8816
      vertex -2.625 -1.3 32.0466
      vertex -1.05238 -1.3 30.0407
    endloop
  endfacet
  facet normal 0 1 0
    outer loop
      vertex -2.625 -1.3 32.0466
      vertex -1.375 -1.3 29.8816
      vertex -3.196 -1.3 31.6651
    endloop
  endfacet
  facet normal 0 1 -0
    outer loop
      vertex -1.67409 -1.3 29.6817
      vertex -3.196 -1.3 31.6651
      vertex -1.375 -1.3 29.8816
    endloop
  endfacet
  facet normal 0 1 0
    outer loop
      vertex -3.196 -1.3 31.6651
      vertex -1.67409 -1.3 29.6817
      vertex -3.71231 -1.3 31.2123
    endloop
  endfacet
  facet normal 0 1 -0
    outer loop
      vertex -1.94454 -1.3 29.4445
      vertex -3.71231 -1.3 31.2123
      vertex -1.67409 -1.3 29.6817
    endloop
  endfacet
  facet normal 0 1 0
    outer loop
      vertex -3.71231 -1.3 31.2123
      vertex -1.94454 -1.3 29.4445
      vertex -4.1651 -1.3 30.696
    endloop
  endfacet
  facet normal 0 1 -0
    outer loop
      vertex -2.18172 -1.3 29.1741
      vertex -4.1651 -1.3 30.696
      vertex -1.94454 -1.3 29.4445
    endloop
  endfacet
  facet normal 0 1 0
    outer loop
      vertex -4.1651 -1.3 30.696
      vertex -2.18172 -1.3 29.1741
      vertex -4.54663 -1.3 30.125
    endloop
  endfacet
  facet normal 0 1 -0
    outer loop
      vertex -2.38157 -1.3 28.875
      vertex -4.54663 -1.3 30.125
      vertex -2.18172 -1.3 29.1741
    endloop
  endfacet
  facet normal 0 1 0
    outer loop
      vertex -4.54663 -1.3 30.125
      vertex -2.38157 -1.3 28.875
      vertex -4.85037 -1.3 29.5091
    endloop
  endfacet
  facet normal 0 1 -0
    outer loop
      vertex -2.54067 -1.3 28.5524
      vertex -4.85037 -1.3 29.5091
      vertex -2.38157 -1.3 28.875
    endloop
  endfacet
  facet normal 0 1 0
    outer loop
      vertex -4.85037 -1.3 29.5091
      vertex -2.54067 -1.3 28.5524
      vertex -5.07111 -1.3 28.8588
    endloop
  endfacet
  facet normal 0 1 -0
    outer loop
      vertex -2.6563 -1.3 28.2118
      vertex -5.07111 -1.3 28.8588
      vertex -2.54067 -1.3 28.5524
    endloop
  endfacet
  facet normal 0 1 0
    outer loop
      vertex -2.6563 -1.3 28.2118
      vertex -5.20508 -1.3 28.1853
      vertex -5.07111 -1.3 28.8588
    endloop
  endfacet
  facet normal 0 1 -0
    outer loop
      vertex -2.72647 -1.3 27.8589
      vertex -5.20508 -1.3 28.1853
      vertex -2.6563 -1.3 28.2118
    endloop
  endfacet
  facet normal 0 1 -0
    outer loop
      vertex -2.75 -1.3 27.5
      vertex -5.20508 -1.3 28.1853
      vertex -2.72647 -1.3 27.8589
    endloop
  endfacet
  facet normal 0 1 0
    outer loop
      vertex -2.75 -1.3 27.5
      vertex -5.25 -1.3 27.5
      vertex -5.20508 -1.3 28.1853
    endloop
  endfacet
  facet normal 0 1 -0
    outer loop
      vertex -2.75 -1.3 23.5
      vertex -5.25 -1.3 27.5
      vertex -2.75 -1.3 27.5
    endloop
  endfacet
  facet normal 0 1 0
    outer loop
      vertex -2.75 -1.3 23.5
      vertex -5.25 -1.3 23.5
      vertex -5.25 -1.3 27.5
    endloop
  endfacet
  facet normal 0 1 0
    outer loop
      vertex -2.72647 -1.3 23.1411
      vertex -5.25 -1.3 23.5
      vertex -2.75 -1.3 23.5
    endloop
  endfacet
  facet normal 0 1 0
    outer loop
      vertex -2.72647 -1.3 23.1411
      vertex -5.20508 -1.3 22.8147
      vertex -5.25 -1.3 23.5
    endloop
  endfacet
  facet normal 0 1 0
    outer loop
      vertex -2.6563 -1.3 22.7882
      vertex -5.20508 -1.3 22.8147
      vertex -2.72647 -1.3 23.1411
    endloop
  endfacet
  facet normal 0 1 0
    outer loop
      vertex -5.07111 -1.3 22.1412
      vertex -2.6563 -1.3 22.7882
      vertex -2.54067 -1.3 22.4476
    endloop
  endfacet
  facet normal 0 1 0
    outer loop
      vertex -2.6563 -1.3 22.7882
      vertex -5.07111 -1.3 22.1412
      vertex -5.20508 -1.3 22.8147
    endloop
  endfacet
  facet normal 0 1 0
    outer loop
      vertex -4.85037 -1.3 21.4909
      vertex -2.54067 -1.3 22.4476
      vertex -2.38157 -1.3 22.125
    endloop
  endfacet
  facet normal 0 1 0
    outer loop
      vertex -4.54663 -1.3 20.875
      vertex -2.38157 -1.3 22.125
      vertex -2.18172 -1.3 21.8259
    endloop
  endfacet
  facet normal 0 1 0
    outer loop
      vertex -4.1651 -1.3 20.304
      vertex -2.18172 -1.3 21.8259
      vertex -1.94454 -1.3 21.5555
    endloop
  endfacet
  facet normal 0 1 0
    outer loop
      vertex -2.54067 -1.3 22.4476
      vertex -4.85037 -1.3 21.4909
      vertex -5.07111 -1.3 22.1412
    endloop
  endfacet
  facet normal 0 1 0
    outer loop
      vertex -3.71231 -1.3 19.7877
      vertex -1.94454 -1.3 21.5555
      vertex -1.67409 -1.3 21.3183
    endloop
  endfacet
  facet normal 0 1 0
    outer loop
      vertex -3.196 -1.3 19.3349
      vertex -1.67409 -1.3 21.3183
      vertex -1.375 -1.3 21.1184
    endloop
  endfacet
  facet normal 0 1 0
    outer loop
      vertex -2.625 -1.3 18.9534
      vertex -1.375 -1.3 21.1184
      vertex -1.05238 -1.3 20.9593
    endloop
  endfacet
  facet normal 0 1 0
    outer loop
      vertex -2.38157 -1.3 22.125
      vertex -4.54663 -1.3 20.875
      vertex -4.85037 -1.3 21.4909
    endloop
  endfacet
  facet normal 0 1 0
    outer loop
      vertex -2.00909 -1.3 18.6496
      vertex -1.05238 -1.3 20.9593
      vertex -0.711752 -1.3 20.8437
    endloop
  endfacet
  facet normal 0 1 0
    outer loop
      vertex -1.3588 -1.3 18.4289
      vertex -0.711752 -1.3 20.8437
      vertex -0.358947 -1.3 20.7735
    endloop
  endfacet
  facet normal 0 1 0
    outer loop
      vertex -0.685262 -1.3 18.2949
      vertex -0.358947 -1.3 20.7735
      vertex 0 -1.3 20.75
    endloop
  endfacet
  facet normal 0 1 -0
    outer loop
      vertex 2.00909 -1.3 18.6496
      vertex 1.05238 -1.3 20.9593
      vertex 2.625 -1.3 18.9534
    endloop
  endfacet
  facet normal 0 1 0
    outer loop
      vertex -2.18172 -1.3 21.8259
      vertex -4.1651 -1.3 20.304
      vertex -4.54663 -1.3 20.875
    endloop
  endfacet
  facet normal 0 1 0
    outer loop
      vertex 1.05238 -1.3 20.9593
      vertex 2.00909 -1.3 18.6496
      vertex 0.711752 -1.3 20.8437
    endloop
  endfacet
  facet normal 0 1 0
    outer loop
      vertex -1.94454 -1.3 21.5555
      vertex -3.71231 -1.3 19.7877
      vertex -4.1651 -1.3 20.304
    endloop
  endfacet
  facet normal 0 1 -0
    outer loop
      vertex 1.3588 -1.3 18.4289
      vertex 0.711752 -1.3 20.8437
      vertex 2.00909 -1.3 18.6496
    endloop
  endfacet
  facet normal 0 1 0
    outer loop
      vertex -1.67409 -1.3 21.3183
      vertex -3.196 -1.3 19.3349
      vertex -3.71231 -1.3 19.7877
    endloop
  endfacet
  facet normal 0 1 0
    outer loop
      vertex 0.711752 -1.3 20.8437
      vertex 1.3588 -1.3 18.4289
      vertex 0.358947 -1.3 20.7735
    endloop
  endfacet
  facet normal 0 1 0
    outer loop
      vertex -1.375 -1.3 21.1184
      vertex -2.625 -1.3 18.9534
      vertex -3.196 -1.3 19.3349
    endloop
  endfacet
  facet normal 0 1 -0
    outer loop
      vertex 0.685262 -1.3 18.2949
      vertex 0.358947 -1.3 20.7735
      vertex 1.3588 -1.3 18.4289
    endloop
  endfacet
  facet normal 0 1 0
    outer loop
      vertex -1.05238 -1.3 20.9593
      vertex -2.00909 -1.3 18.6496
      vertex -2.625 -1.3 18.9534
    endloop
  endfacet
  facet normal 0 1 0
    outer loop
      vertex 0.358947 -1.3 20.7735
      vertex 0.685262 -1.3 18.2949
      vertex 0 -1.3 20.75
    endloop
  endfacet
  facet normal 0 1 0
    outer loop
      vertex -0.711752 -1.3 20.8437
      vertex -1.3588 -1.3 18.4289
      vertex -2.00909 -1.3 18.6496
    endloop
  endfacet
  facet normal 0 1 0
    outer loop
      vertex 0 -1.3 18.25
      vertex 0 -1.3 20.75
      vertex 0.685262 -1.3 18.2949
    endloop
  endfacet
  facet normal 0 1 0
    outer loop
      vertex -0.358947 -1.3 20.7735
      vertex -0.685262 -1.3 18.2949
      vertex -1.3588 -1.3 18.4289
    endloop
  endfacet
  facet normal 0 1 0
    outer loop
      vertex 0 -1.3 20.75
      vertex 0 -1.3 18.25
      vertex -0.685262 -1.3 18.2949
    endloop
  endfacet
  facet normal 0.751777 0 -0.659417
    outer loop
      vertex -1.94454 -5 93.4445
      vertex -2.18172 -1.3 93.1741
      vertex -1.94454 -1.3 93.4445
    endloop
  endfacet
  facet normal 0.751777 0 -0.659417
    outer loop
      vertex -2.18172 -1.3 93.1741
      vertex -1.94454 -5 93.4445
      vertex -2.18172 -5 93.1741
    endloop
  endfacet
  facet normal 0.751777 -0 0.659417
    outer loop
      vertex -2.18172 -5 85.8259
      vertex -1.94454 -1.3 85.5555
      vertex -2.18172 -1.3 85.8259
    endloop
  endfacet
  facet normal 0.751777 0 0.659417
    outer loop
      vertex -1.94454 -1.3 85.5555
      vertex -2.18172 -5 85.8259
      vertex -1.94454 -5 85.5555
    endloop
  endfacet
  facet normal -0.195151 1.24407e-18 0.980773
    outer loop
      vertex 0.358947 -1.3 84.7735
      vertex 0.711752 -5 84.8437
      vertex 0.711752 -1.3 84.8437
    endloop
  endfacet
  facet normal -0.195151 1.24407e-18 0.980773
    outer loop
      vertex 0.711752 -5 84.8437
      vertex 0.358947 -1.3 84.7735
      vertex 0.358947 -5 84.7735
    endloop
  endfacet
  facet normal 0.831472 -0 0.555566
    outer loop
      vertex -2.38157 -5 86.125
      vertex -2.18172 -1.3 85.8259
      vertex -2.38157 -1.3 86.125
    endloop
  endfacet
  facet normal 0.831472 0 0.555566
    outer loop
      vertex -2.18172 -1.3 85.8259
      vertex -2.38157 -5 86.125
      vertex -2.18172 -5 85.8259
    endloop
  endfacet
  facet normal 1 -0 0
    outer loop
      vertex -2.75 -5 91.5
      vertex -2.75 -1.3 87.5
      vertex -2.75 -1.3 91.5
    endloop
  endfacet
  facet normal 1 0 0
    outer loop
      vertex -2.75 -1.3 87.5
      vertex -2.75 -5 91.5
      vertex -2.75 -5 87.5
    endloop
  endfacet
  facet normal 0.321371 1.06574e-18 -0.946954
    outer loop
      vertex -1.05238 -5 94.0407
      vertex -0.711752 -1.3 94.1563
      vertex -0.711752 -5 94.1563
    endloop
  endfacet
  facet normal 0.321371 1.06574e-18 -0.946954
    outer loop
      vertex -0.711752 -1.3 94.1563
      vertex -1.05238 -5 94.0407
      vertex -1.05238 -1.3 94.0407
    endloop
  endfacet
  facet normal -0.751777 0 -0.659417
    outer loop
      vertex 2.18172 -5 93.1741
      vertex 1.94454 -1.3 93.4445
      vertex 2.18172 -1.3 93.1741
    endloop
  endfacet
  facet normal -0.751777 -0 -0.659417
    outer loop
      vertex 1.94454 -1.3 93.4445
      vertex 2.18172 -5 93.1741
      vertex 1.94454 -5 93.4445
    endloop
  endfacet
  facet normal 0.195151 1.24407e-18 -0.980773
    outer loop
      vertex -0.711752 -5 94.1563
      vertex -0.358947 -1.3 94.2265
      vertex -0.358947 -5 94.2265
    endloop
  endfacet
  facet normal 0.195151 1.24407e-18 -0.980773
    outer loop
      vertex -0.358947 -1.3 94.2265
      vertex -0.711752 -5 94.1563
      vertex -0.711752 -1.3 94.1563
    endloop
  endfacet
  facet normal 0.195151 -1.24407e-18 0.980773
    outer loop
      vertex -0.711752 -1.3 84.8437
      vertex -0.358947 -5 84.7735
      vertex -0.358947 -1.3 84.7735
    endloop
  endfacet
  facet normal 0.195151 -1.24407e-18 0.980773
    outer loop
      vertex -0.358947 -5 84.7735
      vertex -0.711752 -1.3 84.8437
      vertex -0.711752 -5 84.8437
    endloop
  endfacet
  facet normal -0.997858 0 -0.065421
    outer loop
      vertex 2.75 -5 91.5
      vertex 2.72647 -1.3 91.8589
      vertex 2.75 -1.3 91.5
    endloop
  endfacet
  facet normal -0.997858 -0 -0.065421
    outer loop
      vertex 2.72647 -1.3 91.8589
      vertex 2.75 -5 91.5
      vertex 2.72647 -5 91.8589
    endloop
  endfacet
  facet normal -1 0 0
    outer loop
      vertex 2.75 -5 87.5
      vertex 2.75 -1.3 91.5
      vertex 2.75 -1.3 87.5
    endloop
  endfacet
  facet normal -1 -0 0
    outer loop
      vertex 2.75 -1.3 91.5
      vertex 2.75 -5 87.5
      vertex 2.75 -5 91.5
    endloop
  endfacet
  facet normal -0.94692 0 -0.321469
    outer loop
      vertex 2.6563 -5 92.2118
      vertex 2.54067 -1.3 92.5524
      vertex 2.6563 -1.3 92.2118
    endloop
  endfacet
  facet normal -0.94692 -0 -0.321469
    outer loop
      vertex 2.54067 -1.3 92.5524
      vertex 2.6563 -5 92.2118
      vertex 2.54067 -5 92.5524
    endloop
  endfacet
  facet normal 0.65938 -2.00739e-18 0.75181
    outer loop
      vertex -1.94454 -1.3 85.5555
      vertex -1.67409 -5 85.3183
      vertex -1.67409 -1.3 85.3183
    endloop
  endfacet
  facet normal 0.65938 -2.00739e-18 0.75181
    outer loop
      vertex -1.67409 -5 85.3183
      vertex -1.94454 -1.3 85.5555
      vertex -1.94454 -5 85.5555
    endloop
  endfacet
  facet normal 0.89686 -0 0.442314
    outer loop
      vertex -2.54067 -5 86.4476
      vertex -2.38157 -1.3 86.125
      vertex -2.54067 -1.3 86.4476
    endloop
  endfacet
  facet normal 0.89686 0 0.442314
    outer loop
      vertex -2.38157 -1.3 86.125
      vertex -2.54067 -5 86.4476
      vertex -2.38157 -5 86.125
    endloop
  endfacet
  facet normal -0.89686 0 0.442314
    outer loop
      vertex 2.38157 -5 86.125
      vertex 2.54067 -1.3 86.4476
      vertex 2.38157 -1.3 86.125
    endloop
  endfacet
  facet normal -0.89686 0 0.442314
    outer loop
      vertex 2.54067 -1.3 86.4476
      vertex 2.38157 -5 86.125
      vertex 2.54067 -5 86.4476
    endloop
  endfacet
  facet normal -0.997858 0 0.065421
    outer loop
      vertex 2.72647 -5 87.1411
      vertex 2.75 -1.3 87.5
      vertex 2.72647 -1.3 87.1411
    endloop
  endfacet
  facet normal -0.997858 0 0.065421
    outer loop
      vertex 2.75 -1.3 87.5
      vertex 2.72647 -5 87.1411
      vertex 2.75 -5 87.5
    endloop
  endfacet
  facet normal -0.94692 0 0.321469
    outer loop
      vertex 2.54067 -5 86.4476
      vertex 2.6563 -1.3 86.7882
      vertex 2.54067 -1.3 86.4476
    endloop
  endfacet
  facet normal -0.94692 0 0.321469
    outer loop
      vertex 2.6563 -1.3 86.7882
      vertex 2.54067 -5 86.4476
      vertex 2.6563 -5 86.7882
    endloop
  endfacet
  facet normal 0.0653294 -3.27613e-19 -0.997864
    outer loop
      vertex -0.358947 -5 94.2265
      vertex 0 -1.3 94.25
      vertex 0 -5 94.25
    endloop
  endfacet
  facet normal 0.0653294 -3.27613e-19 -0.997864
    outer loop
      vertex 0 -1.3 94.25
      vertex -0.358947 -5 94.2265
      vertex -0.358947 -1.3 94.2265
    endloop
  endfacet
  facet normal 0.831472 0 -0.555566
    outer loop
      vertex -2.18172 -5 93.1741
      vertex -2.38157 -1.3 92.875
      vertex -2.18172 -1.3 93.1741
    endloop
  endfacet
  facet normal 0.831472 0 -0.555566
    outer loop
      vertex -2.38157 -1.3 92.875
      vertex -2.18172 -5 93.1741
      vertex -2.38157 -5 92.875
    endloop
  endfacet
  facet normal 0.65938 2.00739e-18 -0.75181
    outer loop
      vertex -1.94454 -5 93.4445
      vertex -1.67409 -1.3 93.6817
      vertex -1.67409 -5 93.6817
    endloop
  endfacet
  facet normal 0.65938 2.00739e-18 -0.75181
    outer loop
      vertex -1.67409 -1.3 93.6817
      vertex -1.94454 -5 93.4445
      vertex -1.94454 -1.3 93.4445
    endloop
  endfacet
  facet normal 0.442292 -1.56248e-18 -0.896871
    outer loop
      vertex -1.375 -5 93.8816
      vertex -1.05238 -1.3 94.0407
      vertex -1.05238 -5 94.0407
    endloop
  endfacet
  facet normal 0.442292 -1.56248e-18 -0.896871
    outer loop
      vertex -1.05238 -1.3 94.0407
      vertex -1.375 -5 93.8816
      vertex -1.375 -1.3 93.8816
    endloop
  endfacet
  facet normal -0.89686 0 -0.442314
    outer loop
      vertex 2.54067 -5 92.5524
      vertex 2.38157 -1.3 92.875
      vertex 2.54067 -1.3 92.5524
    endloop
  endfacet
  facet normal -0.89686 -0 -0.442314
    outer loop
      vertex 2.38157 -1.3 92.875
      vertex 2.54067 -5 92.5524
      vertex 2.38157 -5 92.875
    endloop
  endfacet
  facet normal -0.980799 0 0.19502
    outer loop
      vertex 2.6563 -5 86.7882
      vertex 2.72647 -1.3 87.1411
      vertex 2.6563 -1.3 86.7882
    endloop
  endfacet
  facet normal -0.980799 0 0.19502
    outer loop
      vertex 2.72647 -1.3 87.1411
      vertex 2.6563 -5 86.7882
      vertex 2.72647 -5 87.1411
    endloop
  endfacet
  facet normal -0.0653294 3.27613e-19 -0.997864
    outer loop
      vertex 0 -5 94.25
      vertex 0.358947 -1.3 94.2265
      vertex 0.358947 -5 94.2265
    endloop
  endfacet
  facet normal -0.0653294 3.27613e-19 -0.997864
    outer loop
      vertex 0.358947 -1.3 94.2265
      vertex 0 -5 94.25
      vertex 0 -1.3 94.25
    endloop
  endfacet
  facet normal 0.442292 1.56248e-18 0.896871
    outer loop
      vertex -1.375 -1.3 85.1184
      vertex -1.05238 -5 84.9593
      vertex -1.05238 -1.3 84.9593
    endloop
  endfacet
  facet normal 0.442292 1.56248e-18 0.896871
    outer loop
      vertex -1.05238 -5 84.9593
      vertex -1.375 -1.3 85.1184
      vertex -1.375 -5 85.1184
    endloop
  endfacet
  facet normal 0.94692 -0 0.321469
    outer loop
      vertex -2.6563 -5 86.7882
      vertex -2.54067 -1.3 86.4476
      vertex -2.6563 -1.3 86.7882
    endloop
  endfacet
  facet normal 0.94692 0 0.321469
    outer loop
      vertex -2.54067 -1.3 86.4476
      vertex -2.6563 -5 86.7882
      vertex -2.54067 -5 86.4476
    endloop
  endfacet
  facet normal -0.0653294 -3.27613e-19 0.997864
    outer loop
      vertex 0 -1.3 84.75
      vertex 0.358947 -5 84.7735
      vertex 0.358947 -1.3 84.7735
    endloop
  endfacet
  facet normal -0.0653294 -3.27613e-19 0.997864
    outer loop
      vertex 0.358947 -5 84.7735
      vertex 0 -1.3 84.75
      vertex 0 -5 84.75
    endloop
  endfacet
  facet normal -0.442292 -1.56248e-18 0.896871
    outer loop
      vertex 1.05238 -1.3 84.9593
      vertex 1.375 -5 85.1184
      vertex 1.375 -1.3 85.1184
    endloop
  endfacet
  facet normal -0.442292 -1.56248e-18 0.896871
    outer loop
      vertex 1.375 -5 85.1184
      vertex 1.05238 -1.3 84.9593
      vertex 1.05238 -5 84.9593
    endloop
  endfacet
  facet normal -0.65938 2.00739e-18 0.75181
    outer loop
      vertex 1.67409 -1.3 85.3183
      vertex 1.94454 -5 85.5555
      vertex 1.94454 -1.3 85.5555
    endloop
  endfacet
  facet normal -0.65938 2.00739e-18 0.75181
    outer loop
      vertex 1.94454 -5 85.5555
      vertex 1.67409 -1.3 85.3183
      vertex 1.67409 -5 85.3183
    endloop
  endfacet
  facet normal 0.89686 0 -0.442314
    outer loop
      vertex -2.38157 -5 92.875
      vertex -2.54067 -1.3 92.5524
      vertex -2.38157 -1.3 92.875
    endloop
  endfacet
  facet normal 0.89686 0 -0.442314
    outer loop
      vertex -2.54067 -1.3 92.5524
      vertex -2.38157 -5 92.875
      vertex -2.54067 -5 92.5524
    endloop
  endfacet
  facet normal 0.555675 2.3166e-18 -0.8314
    outer loop
      vertex -1.67409 -5 93.6817
      vertex -1.375 -1.3 93.8816
      vertex -1.375 -5 93.8816
    endloop
  endfacet
  facet normal 0.555675 2.3166e-18 -0.8314
    outer loop
      vertex -1.375 -1.3 93.8816
      vertex -1.67409 -5 93.6817
      vertex -1.67409 -1.3 93.6817
    endloop
  endfacet
  facet normal 0.980799 -0 0.19502
    outer loop
      vertex -2.72647 -5 87.1411
      vertex -2.6563 -1.3 86.7882
      vertex -2.72647 -1.3 87.1411
    endloop
  endfacet
  facet normal 0.980799 0 0.19502
    outer loop
      vertex -2.6563 -1.3 86.7882
      vertex -2.72647 -5 87.1411
      vertex -2.6563 -5 86.7882
    endloop
  endfacet
  facet normal 0.94692 0 -0.321469
    outer loop
      vertex -2.54067 -5 92.5524
      vertex -2.6563 -1.3 92.2118
      vertex -2.54067 -1.3 92.5524
    endloop
  endfacet
  facet normal 0.94692 0 -0.321469
    outer loop
      vertex -2.6563 -1.3 92.2118
      vertex -2.54067 -5 92.5524
      vertex -2.6563 -5 92.2118
    endloop
  endfacet
  facet normal -0.442292 1.56248e-18 -0.896871
    outer loop
      vertex 1.05238 -5 94.0407
      vertex 1.375 -1.3 93.8816
      vertex 1.375 -5 93.8816
    endloop
  endfacet
  facet normal -0.442292 1.56248e-18 -0.896871
    outer loop
      vertex 1.375 -1.3 93.8816
      vertex 1.05238 -5 94.0407
      vertex 1.05238 -1.3 94.0407
    endloop
  endfacet
  facet normal -0.751777 0 0.659417
    outer loop
      vertex 1.94454 -5 85.5555
      vertex 2.18172 -1.3 85.8259
      vertex 1.94454 -1.3 85.5555
    endloop
  endfacet
  facet normal -0.751777 0 0.659417
    outer loop
      vertex 2.18172 -1.3 85.8259
      vertex 1.94454 -5 85.5555
      vertex 2.18172 -5 85.8259
    endloop
  endfacet
  facet normal -0.831472 0 -0.555566
    outer loop
      vertex 2.38157 -5 92.875
      vertex 2.18172 -1.3 93.1741
      vertex 2.38157 -1.3 92.875
    endloop
  endfacet
  facet normal -0.831472 -0 -0.555566
    outer loop
      vertex 2.18172 -1.3 93.1741
      vertex 2.38157 -5 92.875
      vertex 2.18172 -5 93.1741
    endloop
  endfacet
  facet normal -0.980799 0 -0.19502
    outer loop
      vertex 2.72647 -5 91.8589
      vertex 2.6563 -1.3 92.2118
      vertex 2.72647 -1.3 91.8589
    endloop
  endfacet
  facet normal -0.980799 -0 -0.19502
    outer loop
      vertex 2.6563 -1.3 92.2118
      vertex 2.72647 -5 91.8589
      vertex 2.6563 -5 92.2118
    endloop
  endfacet
  facet normal -0.195151 -1.24407e-18 -0.980773
    outer loop
      vertex 0.358947 -5 94.2265
      vertex 0.711752 -1.3 94.1563
      vertex 0.711752 -5 94.1563
    endloop
  endfacet
  facet normal -0.195151 -1.24407e-18 -0.980773
    outer loop
      vertex 0.711752 -1.3 94.1563
      vertex 0.358947 -5 94.2265
      vertex 0.358947 -1.3 94.2265
    endloop
  endfacet
  facet normal 0.555675 -2.3166e-18 0.8314
    outer loop
      vertex -1.67409 -1.3 85.3183
      vertex -1.375 -5 85.1184
      vertex -1.375 -1.3 85.1184
    endloop
  endfacet
  facet normal 0.555675 -2.3166e-18 0.8314
    outer loop
      vertex -1.375 -5 85.1184
      vertex -1.67409 -1.3 85.3183
      vertex -1.67409 -5 85.3183
    endloop
  endfacet
  facet normal 0.997858 0 -0.065421
    outer loop
      vertex -2.72647 -5 91.8589
      vertex -2.75 -1.3 91.5
      vertex -2.72647 -1.3 91.8589
    endloop
  endfacet
  facet normal 0.997858 0 -0.065421
    outer loop
      vertex -2.75 -1.3 91.5
      vertex -2.72647 -5 91.8589
      vertex -2.75 -5 91.5
    endloop
  endfacet
  facet normal 0.321371 -1.06574e-18 0.946954
    outer loop
      vertex -1.05238 -1.3 84.9593
      vertex -0.711752 -5 84.8437
      vertex -0.711752 -1.3 84.8437
    endloop
  endfacet
  facet normal 0.321371 -1.06574e-18 0.946954
    outer loop
      vertex -0.711752 -5 84.8437
      vertex -1.05238 -1.3 84.9593
      vertex -1.05238 -5 84.9593
    endloop
  endfacet
  facet normal -0.831472 0 0.555566
    outer loop
      vertex 2.18172 -5 85.8259
      vertex 2.38157 -1.3 86.125
      vertex 2.18172 -1.3 85.8259
    endloop
  endfacet
  facet normal -0.831472 0 0.555566
    outer loop
      vertex 2.38157 -1.3 86.125
      vertex 2.18172 -5 85.8259
      vertex 2.38157 -5 86.125
    endloop
  endfacet
  facet normal -0.321371 1.06574e-18 0.946954
    outer loop
      vertex 0.711752 -1.3 84.8437
      vertex 1.05238 -5 84.9593
      vertex 1.05238 -1.3 84.9593
    endloop
  endfacet
  facet normal -0.321371 1.06574e-18 0.946954
    outer loop
      vertex 1.05238 -5 84.9593
      vertex 0.711752 -1.3 84.8437
      vertex 0.711752 -5 84.8437
    endloop
  endfacet
  facet normal -0.321371 -1.06574e-18 -0.946954
    outer loop
      vertex 0.711752 -5 94.1563
      vertex 1.05238 -1.3 94.0407
      vertex 1.05238 -5 94.0407
    endloop
  endfacet
  facet normal -0.321371 -1.06574e-18 -0.946954
    outer loop
      vertex 1.05238 -1.3 94.0407
      vertex 0.711752 -5 94.1563
      vertex 0.711752 -1.3 94.1563
    endloop
  endfacet
  facet normal 0.997858 -0 0.065421
    outer loop
      vertex -2.75 -5 87.5
      vertex -2.72647 -1.3 87.1411
      vertex -2.75 -1.3 87.5
    endloop
  endfacet
  facet normal 0.997858 0 0.065421
    outer loop
      vertex -2.72647 -1.3 87.1411
      vertex -2.75 -5 87.5
      vertex -2.72647 -5 87.1411
    endloop
  endfacet
  facet normal 0.980799 0 -0.19502
    outer loop
      vertex -2.6563 -5 92.2118
      vertex -2.72647 -1.3 91.8589
      vertex -2.6563 -1.3 92.2118
    endloop
  endfacet
  facet normal 0.980799 0 -0.19502
    outer loop
      vertex -2.72647 -1.3 91.8589
      vertex -2.6563 -5 92.2118
      vertex -2.72647 -5 91.8589
    endloop
  endfacet
  facet normal 0.0653294 3.27613e-19 0.997864
    outer loop
      vertex -0.358947 -1.3 84.7735
      vertex 0 -5 84.75
      vertex 0 -1.3 84.75
    endloop
  endfacet
  facet normal 0.0653294 3.27613e-19 0.997864
    outer loop
      vertex 0 -5 84.75
      vertex -0.358947 -1.3 84.7735
      vertex -0.358947 -5 84.7735
    endloop
  endfacet
  facet normal -0.555675 2.3166e-18 0.8314
    outer loop
      vertex 1.375 -1.3 85.1184
      vertex 1.67409 -5 85.3183
      vertex 1.67409 -1.3 85.3183
    endloop
  endfacet
  facet normal -0.555675 2.3166e-18 0.8314
    outer loop
      vertex 1.67409 -5 85.3183
      vertex 1.375 -1.3 85.1184
      vertex 1.375 -5 85.1184
    endloop
  endfacet
  facet normal -0.65938 -2.00739e-18 -0.75181
    outer loop
      vertex 1.67409 -5 93.6817
      vertex 1.94454 -1.3 93.4445
      vertex 1.94454 -5 93.4445
    endloop
  endfacet
  facet normal -0.65938 -2.00739e-18 -0.75181
    outer loop
      vertex 1.94454 -1.3 93.4445
      vertex 1.67409 -5 93.6817
      vertex 1.67409 -1.3 93.6817
    endloop
  endfacet
  facet normal -0.555675 -2.3166e-18 -0.8314
    outer loop
      vertex 1.375 -5 93.8816
      vertex 1.67409 -1.3 93.6817
      vertex 1.67409 -5 93.6817
    endloop
  endfacet
  facet normal -0.555675 -2.3166e-18 -0.8314
    outer loop
      vertex 1.67409 -1.3 93.6817
      vertex 1.375 -5 93.8816
      vertex 1.375 -1.3 93.8816
    endloop
  endfacet
  facet normal 0.946933 0 -0.32143
    outer loop
      vertex -4.85037 -1.3 93.5091
      vertex -5.07111 5 92.8588
      vertex -4.85037 5 93.5091
    endloop
  endfacet
  facet normal 0.946933 0 -0.32143
    outer loop
      vertex -5.07111 5 92.8588
      vertex -4.85037 -1.3 93.5091
      vertex -5.07111 -1.3 92.8588
    endloop
  endfacet
  facet normal -0.980785 0 0.195094
    outer loop
      vertex 5.07111 -1.3 86.1412
      vertex 5.20508 5 86.8147
      vertex 5.07111 5 86.1412
    endloop
  endfacet
  facet normal -0.980785 0 0.195094
    outer loop
      vertex 5.20508 5 86.8147
      vertex 5.07111 -1.3 86.1412
      vertex 5.20508 -1.3 86.8147
    endloop
  endfacet
  facet normal 0.83147 -0 0.55557
    outer loop
      vertex -4.54663 -1.3 84.875
      vertex -4.1651 5 84.304
      vertex -4.54663 5 84.875
    endloop
  endfacet
  facet normal 0.83147 0 0.55557
    outer loop
      vertex -4.1651 5 84.304
      vertex -4.54663 -1.3 84.875
      vertex -4.1651 -1.3 84.304
    endloop
  endfacet
  facet normal 0.442367 -1.5717e-18 0.896834
    outer loop
      vertex -2.625 5 82.9534
      vertex -2.00909 -1.3 82.6496
      vertex -2.00909 5 82.6496
    endloop
  endfacet
  facet normal 0.442367 -1.5717e-18 0.896834
    outer loop
      vertex -2.00909 -1.3 82.6496
      vertex -2.625 5 82.9534
      vertex -2.625 -1.3 82.9534
    endloop
  endfacet
  facet normal -0.442367 1.5717e-18 0.896834
    outer loop
      vertex 2.00909 5 82.6496
      vertex 2.625 -1.3 82.9534
      vertex 2.625 5 82.9534
    endloop
  endfacet
  facet normal -0.442367 1.5717e-18 0.896834
    outer loop
      vertex 2.625 -1.3 82.9534
      vertex 2.00909 5 82.6496
      vertex 2.00909 -1.3 82.6496
    endloop
  endfacet
  facet normal -0.997859 0 0.0654076
    outer loop
      vertex 5.20508 -1.3 86.8147
      vertex 5.25 5 87.5
      vertex 5.20508 5 86.8147
    endloop
  endfacet
  facet normal -0.997859 0 0.0654076
    outer loop
      vertex 5.25 5 87.5
      vertex 5.20508 -1.3 86.8147
      vertex 5.25 -1.3 87.5
    endloop
  endfacet
  facet normal 0.659353 -4.12465e-19 0.751834
    outer loop
      vertex -3.71231 5 83.7877
      vertex -3.196 -1.3 83.3349
      vertex -3.196 5 83.3349
    endloop
  endfacet
  facet normal 0.659353 -4.12465e-19 0.751834
    outer loop
      vertex -3.196 -1.3 83.3349
      vertex -3.71231 5 83.7877
      vertex -3.71231 -1.3 83.7877
    endloop
  endfacet
  facet normal 0.55554 2.56127e-18 0.83149
    outer loop
      vertex -3.196 5 83.3349
      vertex -2.625 -1.3 82.9534
      vertex -2.625 5 82.9534
    endloop
  endfacet
  facet normal 0.55554 2.56127e-18 0.83149
    outer loop
      vertex -2.625 -1.3 82.9534
      vertex -3.196 5 83.3349
      vertex -3.196 -1.3 83.3349
    endloop
  endfacet
  facet normal -0.0653822 3.1544e-19 0.99786
    outer loop
      vertex 0 5 82.25
      vertex 0.685262 -1.3 82.2949
      vertex 0.685262 5 82.2949
    endloop
  endfacet
  facet normal -0.0653822 3.1544e-19 0.99786
    outer loop
      vertex 0.685262 -1.3 82.2949
      vertex 0 5 82.25
      vertex 0 -1.3 82.25
    endloop
  endfacet
  facet normal -0.751835 0 0.659352
    outer loop
      vertex 3.71231 -1.3 83.7877
      vertex 4.1651 5 84.304
      vertex 3.71231 5 83.7877
    endloop
  endfacet
  facet normal -0.751835 0 0.659352
    outer loop
      vertex 4.1651 5 84.304
      vertex 3.71231 -1.3 83.7877
      vertex 4.1651 -1.3 84.304
    endloop
  endfacet
  facet normal 0.946933 -0 0.32143
    outer loop
      vertex -5.07111 -1.3 86.1412
      vertex -4.85037 5 85.4909
      vertex -5.07111 5 86.1412
    endloop
  endfacet
  facet normal 0.946933 0 0.32143
    outer loop
      vertex -4.85037 5 85.4909
      vertex -5.07111 -1.3 86.1412
      vertex -4.85037 -1.3 85.4909
    endloop
  endfacet
  facet normal 0.55554 -2.56127e-18 -0.83149
    outer loop
      vertex -3.196 -1.3 95.6651
      vertex -2.625 5 96.0466
      vertex -2.625 -1.3 96.0466
    endloop
  endfacet
  facet normal 0.55554 -2.56127e-18 -0.83149
    outer loop
      vertex -2.625 5 96.0466
      vertex -3.196 -1.3 95.6651
      vertex -3.196 5 95.6651
    endloop
  endfacet
  facet normal -0.321382 -5.83834e-19 0.94695
    outer loop
      vertex 1.3588 5 82.4289
      vertex 2.00909 -1.3 82.6496
      vertex 2.00909 5 82.6496
    endloop
  endfacet
  facet normal -0.321382 -5.83834e-19 0.94695
    outer loop
      vertex 2.00909 -1.3 82.6496
      vertex 1.3588 5 82.4289
      vertex 1.3588 -1.3 82.4289
    endloop
  endfacet
  facet normal -0.946933 0 0.32143
    outer loop
      vertex 4.85037 -1.3 85.4909
      vertex 5.07111 5 86.1412
      vertex 4.85037 5 85.4909
    endloop
  endfacet
  facet normal -0.946933 0 0.32143
    outer loop
      vertex 5.07111 5 86.1412
      vertex 4.85037 -1.3 85.4909
      vertex 5.07111 -1.3 86.1412
    endloop
  endfacet
  facet normal 0.997859 0 -0.0654076
    outer loop
      vertex -5.20508 -1.3 92.1853
      vertex -5.25 5 91.5
      vertex -5.20508 5 92.1853
    endloop
  endfacet
  facet normal 0.997859 0 -0.0654076
    outer loop
      vertex -5.25 5 91.5
      vertex -5.20508 -1.3 92.1853
      vertex -5.25 -1.3 91.5
    endloop
  endfacet
  facet normal 0.321382 5.83834e-19 0.94695
    outer loop
      vertex -2.00909 5 82.6496
      vertex -1.3588 -1.3 82.4289
      vertex -1.3588 5 82.4289
    endloop
  endfacet
  facet normal 0.321382 5.83834e-19 0.94695
    outer loop
      vertex -1.3588 -1.3 82.4289
      vertex -2.00909 5 82.6496
      vertex -2.00909 -1.3 82.6496
    endloop
  endfacet
  facet normal 0.751835 -0 0.659352
    outer loop
      vertex -4.1651 -1.3 84.304
      vertex -3.71231 5 83.7877
      vertex -4.1651 5 84.304
    endloop
  endfacet
  facet normal 0.751835 0 0.659352
    outer loop
      vertex -3.71231 5 83.7877
      vertex -4.1651 -1.3 84.304
      vertex -3.71231 -1.3 83.7877
    endloop
  endfacet
  facet normal 0.195125 9.98e-19 0.980778
    outer loop
      vertex -1.3588 5 82.4289
      vertex -0.685262 -1.3 82.2949
      vertex -0.685262 5 82.2949
    endloop
  endfacet
  facet normal 0.195125 9.98e-19 0.980778
    outer loop
      vertex -0.685262 -1.3 82.2949
      vertex -1.3588 5 82.4289
      vertex -1.3588 -1.3 82.4289
    endloop
  endfacet
  facet normal -0.946933 0 -0.32143
    outer loop
      vertex 5.07111 -1.3 92.8588
      vertex 4.85037 5 93.5091
      vertex 5.07111 5 92.8588
    endloop
  endfacet
  facet normal -0.946933 -0 -0.32143
    outer loop
      vertex 4.85037 5 93.5091
      vertex 5.07111 -1.3 92.8588
      vertex 4.85037 -1.3 93.5091
    endloop
  endfacet
  facet normal 0.980785 -0 0.195094
    outer loop
      vertex -5.20508 -1.3 86.8147
      vertex -5.07111 5 86.1412
      vertex -5.20508 5 86.8147
    endloop
  endfacet
  facet normal 0.980785 0 0.195094
    outer loop
      vertex -5.07111 5 86.1412
      vertex -5.20508 -1.3 86.8147
      vertex -5.07111 -1.3 86.1412
    endloop
  endfacet
  facet normal 0.442367 1.5717e-18 -0.896834
    outer loop
      vertex -2.625 -1.3 96.0466
      vertex -2.00909 5 96.3504
      vertex -2.00909 -1.3 96.3504
    endloop
  endfacet
  facet normal 0.442367 1.5717e-18 -0.896834
    outer loop
      vertex -2.00909 5 96.3504
      vertex -2.625 -1.3 96.0466
      vertex -2.625 5 96.0466
    endloop
  endfacet
  facet normal 0.980785 0 -0.195094
    outer loop
      vertex -5.07111 -1.3 92.8588
      vertex -5.20508 5 92.1853
      vertex -5.07111 5 92.8588
    endloop
  endfacet
  facet normal 0.980785 0 -0.195094
    outer loop
      vertex -5.20508 5 92.1853
      vertex -5.07111 -1.3 92.8588
      vertex -5.20508 -1.3 92.1853
    endloop
  endfacet
  facet normal -0.0653822 -3.1544e-19 -0.99786
    outer loop
      vertex 0 -1.3 96.75
      vertex 0.685262 5 96.7051
      vertex 0.685262 -1.3 96.7051
    endloop
  endfacet
  facet normal -0.0653822 -3.1544e-19 -0.99786
    outer loop
      vertex 0.685262 5 96.7051
      vertex 0 -1.3 96.75
      vertex 0 5 96.75
    endloop
  endfacet
  facet normal -0.751835 0 -0.659352
    outer loop
      vertex 4.1651 -1.3 94.696
      vertex 3.71231 5 95.2123
      vertex 4.1651 5 94.696
    endloop
  endfacet
  facet normal -0.751835 -0 -0.659352
    outer loop
      vertex 3.71231 5 95.2123
      vertex 4.1651 -1.3 94.696
      vertex 3.71231 -1.3 95.2123
    endloop
  endfacet
  facet normal -0.659353 -4.12465e-19 -0.751834
    outer loop
      vertex 3.196 -1.3 95.6651
      vertex 3.71231 5 95.2123
      vertex 3.71231 -1.3 95.2123
    endloop
  endfacet
  facet normal -0.659353 -4.12465e-19 -0.751834
    outer loop
      vertex 3.71231 5 95.2123
      vertex 3.196 -1.3 95.6651
      vertex 3.196 5 95.6651
    endloop
  endfacet
  facet normal 0.0653822 -3.1544e-19 0.99786
    outer loop
      vertex -0.685262 5 82.2949
      vertex 0 -1.3 82.25
      vertex 0 5 82.25
    endloop
  endfacet
  facet normal 0.0653822 -3.1544e-19 0.99786
    outer loop
      vertex 0 -1.3 82.25
      vertex -0.685262 5 82.2949
      vertex -0.685262 -1.3 82.2949
    endloop
  endfacet
  facet normal 0.751835 0 -0.659352
    outer loop
      vertex -3.71231 -1.3 95.2123
      vertex -4.1651 5 94.696
      vertex -3.71231 5 95.2123
    endloop
  endfacet
  facet normal 0.751835 0 -0.659352
    outer loop
      vertex -4.1651 5 94.696
      vertex -3.71231 -1.3 95.2123
      vertex -4.1651 -1.3 94.696
    endloop
  endfacet
  facet normal -0.55554 -2.56127e-18 0.83149
    outer loop
      vertex 2.625 5 82.9534
      vertex 3.196 -1.3 83.3349
      vertex 3.196 5 83.3349
    endloop
  endfacet
  facet normal -0.55554 -2.56127e-18 0.83149
    outer loop
      vertex 3.196 -1.3 83.3349
      vertex 2.625 5 82.9534
      vertex 2.625 -1.3 82.9534
    endloop
  endfacet
  facet normal -0.442367 -1.5717e-18 -0.896834
    outer loop
      vertex 2.00909 -1.3 96.3504
      vertex 2.625 5 96.0466
      vertex 2.625 -1.3 96.0466
    endloop
  endfacet
  facet normal -0.442367 -1.5717e-18 -0.896834
    outer loop
      vertex 2.625 5 96.0466
      vertex 2.00909 -1.3 96.3504
      vertex 2.00909 5 96.3504
    endloop
  endfacet
  facet normal -0.83147 0 0.55557
    outer loop
      vertex 4.1651 -1.3 84.304
      vertex 4.54663 5 84.875
      vertex 4.1651 5 84.304
    endloop
  endfacet
  facet normal -0.83147 0 0.55557
    outer loop
      vertex 4.54663 5 84.875
      vertex 4.1651 -1.3 84.304
      vertex 4.54663 -1.3 84.875
    endloop
  endfacet
  facet normal -0.997859 0 -0.0654076
    outer loop
      vertex 5.25 -1.3 91.5
      vertex 5.20508 5 92.1853
      vertex 5.25 5 91.5
    endloop
  endfacet
  facet normal -0.997859 -0 -0.0654076
    outer loop
      vertex 5.20508 5 92.1853
      vertex 5.25 -1.3 91.5
      vertex 5.20508 -1.3 92.1853
    endloop
  endfacet
  facet normal 0.896866 -0 0.442302
    outer loop
      vertex -4.85037 -1.3 85.4909
      vertex -4.54663 5 84.875
      vertex -4.85037 5 85.4909
    endloop
  endfacet
  facet normal 0.896866 0 0.442302
    outer loop
      vertex -4.54663 5 84.875
      vertex -4.85037 -1.3 85.4909
      vertex -4.54663 -1.3 84.875
    endloop
  endfacet
  facet normal -0.83147 0 -0.55557
    outer loop
      vertex 4.54663 -1.3 94.125
      vertex 4.1651 5 94.696
      vertex 4.54663 5 94.125
    endloop
  endfacet
  facet normal -0.83147 -0 -0.55557
    outer loop
      vertex 4.1651 5 94.696
      vertex 4.54663 -1.3 94.125
      vertex 4.1651 -1.3 94.696
    endloop
  endfacet
  facet normal 0.195125 -9.98e-19 -0.980778
    outer loop
      vertex -1.3588 -1.3 96.5711
      vertex -0.685262 5 96.7051
      vertex -0.685262 -1.3 96.7051
    endloop
  endfacet
  facet normal 0.195125 -9.98e-19 -0.980778
    outer loop
      vertex -0.685262 5 96.7051
      vertex -1.3588 -1.3 96.5711
      vertex -1.3588 5 96.5711
    endloop
  endfacet
  facet normal 1 -0 0
    outer loop
      vertex -5.25 -1.3 91.5
      vertex -5.25 5 87.5
      vertex -5.25 5 91.5
    endloop
  endfacet
  facet normal 1 0 0
    outer loop
      vertex -5.25 5 87.5
      vertex -5.25 -1.3 91.5
      vertex -5.25 -1.3 87.5
    endloop
  endfacet
  facet normal -0.55554 2.56127e-18 -0.83149
    outer loop
      vertex 2.625 -1.3 96.0466
      vertex 3.196 5 95.6651
      vertex 3.196 -1.3 95.6651
    endloop
  endfacet
  facet normal -0.55554 2.56127e-18 -0.83149
    outer loop
      vertex 3.196 5 95.6651
      vertex 2.625 -1.3 96.0466
      vertex 2.625 5 96.0466
    endloop
  endfacet
  facet normal 0.0653822 3.1544e-19 -0.99786
    outer loop
      vertex -0.685262 -1.3 96.7051
      vertex 0 5 96.75
      vertex 0 -1.3 96.75
    endloop
  endfacet
  facet normal 0.0653822 3.1544e-19 -0.99786
    outer loop
      vertex 0 5 96.75
      vertex -0.685262 -1.3 96.7051
      vertex -0.685262 5 96.7051
    endloop
  endfacet
  facet normal 0.659353 4.12465e-19 -0.751834
    outer loop
      vertex -3.71231 -1.3 95.2123
      vertex -3.196 5 95.6651
      vertex -3.196 -1.3 95.6651
    endloop
  endfacet
  facet normal 0.659353 4.12465e-19 -0.751834
    outer loop
      vertex -3.196 5 95.6651
      vertex -3.71231 -1.3 95.2123
      vertex -3.71231 5 95.2123
    endloop
  endfacet
  facet normal 0.896866 0 -0.442302
    outer loop
      vertex -4.54663 -1.3 94.125
      vertex -4.85037 5 93.5091
      vertex -4.54663 5 94.125
    endloop
  endfacet
  facet normal 0.896866 0 -0.442302
    outer loop
      vertex -4.85037 5 93.5091
      vertex -4.54663 -1.3 94.125
      vertex -4.85037 -1.3 93.5091
    endloop
  endfacet
  facet normal -0.195125 9.98e-19 -0.980778
    outer loop
      vertex 0.685262 -1.3 96.7051
      vertex 1.3588 5 96.5711
      vertex 1.3588 -1.3 96.5711
    endloop
  endfacet
  facet normal -0.195125 9.98e-19 -0.980778
    outer loop
      vertex 1.3588 5 96.5711
      vertex 0.685262 -1.3 96.7051
      vertex 0.685262 5 96.7051
    endloop
  endfacet
  facet normal -0.980785 0 -0.195094
    outer loop
      vertex 5.20508 -1.3 92.1853
      vertex 5.07111 5 92.8588
      vertex 5.20508 5 92.1853
    endloop
  endfacet
  facet normal -0.980785 -0 -0.195094
    outer loop
      vertex 5.07111 5 92.8588
      vertex 5.20508 -1.3 92.1853
      vertex 5.07111 -1.3 92.8588
    endloop
  endfacet
  facet normal 0.321382 -5.83834e-19 -0.94695
    outer loop
      vertex -2.00909 -1.3 96.3504
      vertex -1.3588 5 96.5711
      vertex -1.3588 -1.3 96.5711
    endloop
  endfacet
  facet normal 0.321382 -5.83834e-19 -0.94695
    outer loop
      vertex -1.3588 5 96.5711
      vertex -2.00909 -1.3 96.3504
      vertex -2.00909 5 96.3504
    endloop
  endfacet
  facet normal 0.997859 -0 0.0654076
    outer loop
      vertex -5.25 -1.3 87.5
      vertex -5.20508 5 86.8147
      vertex -5.25 5 87.5
    endloop
  endfacet
  facet normal 0.997859 0 0.0654076
    outer loop
      vertex -5.20508 5 86.8147
      vertex -5.25 -1.3 87.5
      vertex -5.20508 -1.3 86.8147
    endloop
  endfacet
  facet normal -0.195125 -9.98e-19 0.980778
    outer loop
      vertex 0.685262 5 82.2949
      vertex 1.3588 -1.3 82.4289
      vertex 1.3588 5 82.4289
    endloop
  endfacet
  facet normal -0.195125 -9.98e-19 0.980778
    outer loop
      vertex 1.3588 -1.3 82.4289
      vertex 0.685262 5 82.2949
      vertex 0.685262 -1.3 82.2949
    endloop
  endfacet
  facet normal 0.83147 0 -0.55557
    outer loop
      vertex -4.1651 -1.3 94.696
      vertex -4.54663 5 94.125
      vertex -4.1651 5 94.696
    endloop
  endfacet
  facet normal 0.83147 0 -0.55557
    outer loop
      vertex -4.54663 5 94.125
      vertex -4.1651 -1.3 94.696
      vertex -4.54663 -1.3 94.125
    endloop
  endfacet
  facet normal -0.321382 5.83834e-19 -0.94695
    outer loop
      vertex 1.3588 -1.3 96.5711
      vertex 2.00909 5 96.3504
      vertex 2.00909 -1.3 96.3504
    endloop
  endfacet
  facet normal -0.321382 5.83834e-19 -0.94695
    outer loop
      vertex 2.00909 5 96.3504
      vertex 1.3588 -1.3 96.5711
      vertex 1.3588 5 96.5711
    endloop
  endfacet
  facet normal -1 0 0
    outer loop
      vertex 5.25 -1.3 87.5
      vertex 5.25 5 91.5
      vertex 5.25 5 87.5
    endloop
  endfacet
  facet normal -1 -0 0
    outer loop
      vertex 5.25 5 91.5
      vertex 5.25 -1.3 87.5
      vertex 5.25 -1.3 91.5
    endloop
  endfacet
  facet normal -0.896866 0 0.442302
    outer loop
      vertex 4.54663 -1.3 84.875
      vertex 4.85037 5 85.4909
      vertex 4.54663 5 84.875
    endloop
  endfacet
  facet normal -0.896866 0 0.442302
    outer loop
      vertex 4.85037 5 85.4909
      vertex 4.54663 -1.3 84.875
      vertex 4.85037 -1.3 85.4909
    endloop
  endfacet
  facet normal -0.896866 0 -0.442302
    outer loop
      vertex 4.85037 -1.3 93.5091
      vertex 4.54663 5 94.125
      vertex 4.85037 5 93.5091
    endloop
  endfacet
  facet normal -0.896866 -0 -0.442302
    outer loop
      vertex 4.54663 5 94.125
      vertex 4.85037 -1.3 93.5091
      vertex 4.54663 -1.3 94.125
    endloop
  endfacet
  facet normal -0.659353 4.12465e-19 0.751834
    outer loop
      vertex 3.196 5 83.3349
      vertex 3.71231 -1.3 83.7877
      vertex 3.71231 5 83.7877
    endloop
  endfacet
  facet normal -0.659353 4.12465e-19 0.751834
    outer loop
      vertex 3.71231 -1.3 83.7877
      vertex 3.196 5 83.3349
      vertex 3.196 -1.3 83.3349
    endloop
  endfacet
  facet normal 0 1 0
    outer loop
      vertex 0 -1.3 94.25
      vertex 0 -1.3 96.75
      vertex 0.685262 -1.3 96.7051
    endloop
  endfacet
  facet normal 0 1 0
    outer loop
      vertex 0.358947 -1.3 94.2265
      vertex 0.685262 -1.3 96.7051
      vertex 1.3588 -1.3 96.5711
    endloop
  endfacet
  facet normal 0 1 0
    outer loop
      vertex 0 -1.3 96.75
      vertex 0 -1.3 94.25
      vertex -0.685262 -1.3 96.7051
    endloop
  endfacet
  facet normal 0 1 0
    outer loop
      vertex 0.711752 -1.3 94.1563
      vertex 1.3588 -1.3 96.5711
      vertex 2.00909 -1.3 96.3504
    endloop
  endfacet
  facet normal 0 1 -0
    outer loop
      vertex -0.358947 -1.3 94.2265
      vertex -0.685262 -1.3 96.7051
      vertex 0 -1.3 94.25
    endloop
  endfacet
  facet normal 0 1 0
    outer loop
      vertex 1.05238 -1.3 94.0407
      vertex 2.00909 -1.3 96.3504
      vertex 2.625 -1.3 96.0466
    endloop
  endfacet
  facet normal 0 1 0
    outer loop
      vertex -0.685262 -1.3 96.7051
      vertex -0.358947 -1.3 94.2265
      vertex -1.3588 -1.3 96.5711
    endloop
  endfacet
  facet normal 0 1 0
    outer loop
      vertex 1.375 -1.3 93.8816
      vertex 2.625 -1.3 96.0466
      vertex 3.196 -1.3 95.6651
    endloop
  endfacet
  facet normal 0 1 -0
    outer loop
      vertex -0.711752 -1.3 94.1563
      vertex -1.3588 -1.3 96.5711
      vertex -0.358947 -1.3 94.2265
    endloop
  endfacet
  facet normal 0 1 0
    outer loop
      vertex 1.67409 -1.3 93.6817
      vertex 3.196 -1.3 95.6651
      vertex 3.71231 -1.3 95.2123
    endloop
  endfacet
  facet normal 0 1 0
    outer loop
      vertex -1.3588 -1.3 96.5711
      vertex -0.711752 -1.3 94.1563
      vertex -2.00909 -1.3 96.3504
    endloop
  endfacet
  facet normal 0 1 0
    outer loop
      vertex 1.94454 -1.3 93.4445
      vertex 3.71231 -1.3 95.2123
      vertex 4.1651 -1.3 94.696
    endloop
  endfacet
  facet normal 0 1 -0
    outer loop
      vertex -1.05238 -1.3 94.0407
      vertex -2.00909 -1.3 96.3504
      vertex -0.711752 -1.3 94.1563
    endloop
  endfacet
  facet normal 0 1 0
    outer loop
      vertex -2.00909 -1.3 96.3504
      vertex -1.05238 -1.3 94.0407
      vertex -2.625 -1.3 96.0466
    endloop
  endfacet
  facet normal 0 1 0
    outer loop
      vertex 0.685262 -1.3 96.7051
      vertex 0.358947 -1.3 94.2265
      vertex 0 -1.3 94.25
    endloop
  endfacet
  facet normal 0 1 0
    outer loop
      vertex 1.3588 -1.3 96.5711
      vertex 0.711752 -1.3 94.1563
      vertex 0.358947 -1.3 94.2265
    endloop
  endfacet
  facet normal 0 1 0
    outer loop
      vertex 2.18172 -1.3 93.1741
      vertex 4.1651 -1.3 94.696
      vertex 4.54663 -1.3 94.125
    endloop
  endfacet
  facet normal 0 1 0
    outer loop
      vertex 2.00909 -1.3 96.3504
      vertex 1.05238 -1.3 94.0407
      vertex 0.711752 -1.3 94.1563
    endloop
  endfacet
  facet normal 0 1 0
    outer loop
      vertex 2.625 -1.3 96.0466
      vertex 1.375 -1.3 93.8816
      vertex 1.05238 -1.3 94.0407
    endloop
  endfacet
  facet normal 0 1 0
    outer loop
      vertex 3.196 -1.3 95.6651
      vertex 1.67409 -1.3 93.6817
      vertex 1.375 -1.3 93.8816
    endloop
  endfacet
  facet normal 0 1 0
    outer loop
      vertex 2.38157 -1.3 92.875
      vertex 4.54663 -1.3 94.125
      vertex 4.85037 -1.3 93.5091
    endloop
  endfacet
  facet normal 0 1 0
    outer loop
      vertex 3.71231 -1.3 95.2123
      vertex 1.94454 -1.3 93.4445
      vertex 1.67409 -1.3 93.6817
    endloop
  endfacet
  facet normal 0 1 0
    outer loop
      vertex 4.1651 -1.3 94.696
      vertex 2.18172 -1.3 93.1741
      vertex 1.94454 -1.3 93.4445
    endloop
  endfacet
  facet normal 0 1 0
    outer loop
      vertex 4.54663 -1.3 94.125
      vertex 2.38157 -1.3 92.875
      vertex 2.18172 -1.3 93.1741
    endloop
  endfacet
  facet normal 0 1 0
    outer loop
      vertex 2.54067 -1.3 92.5524
      vertex 4.85037 -1.3 93.5091
      vertex 5.07111 -1.3 92.8588
    endloop
  endfacet
  facet normal 0 1 0
    outer loop
      vertex 4.85037 -1.3 93.5091
      vertex 2.54067 -1.3 92.5524
      vertex 2.38157 -1.3 92.875
    endloop
  endfacet
  facet normal 0 1 0
    outer loop
      vertex 5.07111 -1.3 92.8588
      vertex 2.6563 -1.3 92.2118
      vertex 2.54067 -1.3 92.5524
    endloop
  endfacet
  facet normal 0 1 0
    outer loop
      vertex 5.20508 -1.3 92.1853
      vertex 2.6563 -1.3 92.2118
      vertex 5.07111 -1.3 92.8588
    endloop
  endfacet
  facet normal 0 1 0
    outer loop
      vertex 5.20508 -1.3 92.1853
      vertex 2.72647 -1.3 91.8589
      vertex 2.6563 -1.3 92.2118
    endloop
  endfacet
  facet normal 0 1 0
    outer loop
      vertex 5.25 -1.3 91.5
      vertex 2.72647 -1.3 91.8589
      vertex 5.20508 -1.3 92.1853
    endloop
  endfacet
  facet normal 0 1 0
    outer loop
      vertex 5.25 -1.3 91.5
      vertex 2.75 -1.3 91.5
      vertex 2.72647 -1.3 91.8589
    endloop
  endfacet
  facet normal 0 1 -0
    outer loop
      vertex 5.25 -1.3 87.5
      vertex 2.75 -1.3 91.5
      vertex 5.25 -1.3 91.5
    endloop
  endfacet
  facet normal 0 1 0
    outer loop
      vertex 5.25 -1.3 87.5
      vertex 2.75 -1.3 87.5
      vertex 2.75 -1.3 91.5
    endloop
  endfacet
  facet normal 0 1 0
    outer loop
      vertex 5.25 -1.3 87.5
      vertex 2.72647 -1.3 87.1411
      vertex 2.75 -1.3 87.5
    endloop
  endfacet
  facet normal 0 1 -0
    outer loop
      vertex 5.20508 -1.3 86.8147
      vertex 2.72647 -1.3 87.1411
      vertex 5.25 -1.3 87.5
    endloop
  endfacet
  facet normal 0 1 0
    outer loop
      vertex 5.20508 -1.3 86.8147
      vertex 2.6563 -1.3 86.7882
      vertex 2.72647 -1.3 87.1411
    endloop
  endfacet
  facet normal 0 1 -0
    outer loop
      vertex 5.07111 -1.3 86.1412
      vertex 2.6563 -1.3 86.7882
      vertex 5.20508 -1.3 86.8147
    endloop
  endfacet
  facet normal 0 1 0
    outer loop
      vertex 2.6563 -1.3 86.7882
      vertex 5.07111 -1.3 86.1412
      vertex 2.54067 -1.3 86.4476
    endloop
  endfacet
  facet normal 0 1 -0
    outer loop
      vertex 4.85037 -1.3 85.4909
      vertex 2.54067 -1.3 86.4476
      vertex 5.07111 -1.3 86.1412
    endloop
  endfacet
  facet normal 0 1 0
    outer loop
      vertex 2.54067 -1.3 86.4476
      vertex 4.85037 -1.3 85.4909
      vertex 2.38157 -1.3 86.125
    endloop
  endfacet
  facet normal 0 1 -0
    outer loop
      vertex 4.54663 -1.3 84.875
      vertex 2.38157 -1.3 86.125
      vertex 4.85037 -1.3 85.4909
    endloop
  endfacet
  facet normal 0 1 0
    outer loop
      vertex 2.38157 -1.3 86.125
      vertex 4.54663 -1.3 84.875
      vertex 2.18172 -1.3 85.8259
    endloop
  endfacet
  facet normal 0 1 -0
    outer loop
      vertex 4.1651 -1.3 84.304
      vertex 2.18172 -1.3 85.8259
      vertex 4.54663 -1.3 84.875
    endloop
  endfacet
  facet normal 0 1 0
    outer loop
      vertex 2.18172 -1.3 85.8259
      vertex 4.1651 -1.3 84.304
      vertex 1.94454 -1.3 85.5555
    endloop
  endfacet
  facet normal 0 1 -0
    outer loop
      vertex 3.71231 -1.3 83.7877
      vertex 1.94454 -1.3 85.5555
      vertex 4.1651 -1.3 84.304
    endloop
  endfacet
  facet normal 0 1 0
    outer loop
      vertex 1.94454 -1.3 85.5555
      vertex 3.71231 -1.3 83.7877
      vertex 1.67409 -1.3 85.3183
    endloop
  endfacet
  facet normal 0 1 -0
    outer loop
      vertex 3.196 -1.3 83.3349
      vertex 1.67409 -1.3 85.3183
      vertex 3.71231 -1.3 83.7877
    endloop
  endfacet
  facet normal 0 1 0
    outer loop
      vertex 1.67409 -1.3 85.3183
      vertex 3.196 -1.3 83.3349
      vertex 1.375 -1.3 85.1184
    endloop
  endfacet
  facet normal 0 1 -0
    outer loop
      vertex 2.625 -1.3 82.9534
      vertex 1.375 -1.3 85.1184
      vertex 3.196 -1.3 83.3349
    endloop
  endfacet
  facet normal 0 1 0
    outer loop
      vertex 1.375 -1.3 85.1184
      vertex 2.625 -1.3 82.9534
      vertex 1.05238 -1.3 84.9593
    endloop
  endfacet
  facet normal 0 1 -0
    outer loop
      vertex -1.375 -1.3 93.8816
      vertex -2.625 -1.3 96.0466
      vertex -1.05238 -1.3 94.0407
    endloop
  endfacet
  facet normal 0 1 0
    outer loop
      vertex -2.625 -1.3 96.0466
      vertex -1.375 -1.3 93.8816
      vertex -3.196 -1.3 95.6651
    endloop
  endfacet
  facet normal 0 1 -0
    outer loop
      vertex -1.67409 -1.3 93.6817
      vertex -3.196 -1.3 95.6651
      vertex -1.375 -1.3 93.8816
    endloop
  endfacet
  facet normal 0 1 0
    outer loop
      vertex -3.196 -1.3 95.6651
      vertex -1.67409 -1.3 93.6817
      vertex -3.71231 -1.3 95.2123
    endloop
  endfacet
  facet normal 0 1 -0
    outer loop
      vertex -1.94454 -1.3 93.4445
      vertex -3.71231 -1.3 95.2123
      vertex -1.67409 -1.3 93.6817
    endloop
  endfacet
  facet normal 0 1 0
    outer loop
      vertex -3.71231 -1.3 95.2123
      vertex -1.94454 -1.3 93.4445
      vertex -4.1651 -1.3 94.696
    endloop
  endfacet
  facet normal 0 1 -0
    outer loop
      vertex -2.18172 -1.3 93.1741
      vertex -4.1651 -1.3 94.696
      vertex -1.94454 -1.3 93.4445
    endloop
  endfacet
  facet normal 0 1 0
    outer loop
      vertex -4.1651 -1.3 94.696
      vertex -2.18172 -1.3 93.1741
      vertex -4.54663 -1.3 94.125
    endloop
  endfacet
  facet normal 0 1 -0
    outer loop
      vertex -2.38157 -1.3 92.875
      vertex -4.54663 -1.3 94.125
      vertex -2.18172 -1.3 93.1741
    endloop
  endfacet
  facet normal 0 1 0
    outer loop
      vertex -4.54663 -1.3 94.125
      vertex -2.38157 -1.3 92.875
      vertex -4.85037 -1.3 93.5091
    endloop
  endfacet
  facet normal 0 1 -0
    outer loop
      vertex -2.54067 -1.3 92.5524
      vertex -4.85037 -1.3 93.5091
      vertex -2.38157 -1.3 92.875
    endloop
  endfacet
  facet normal 0 1 0
    outer loop
      vertex -4.85037 -1.3 93.5091
      vertex -2.54067 -1.3 92.5524
      vertex -5.07111 -1.3 92.8588
    endloop
  endfacet
  facet normal 0 1 -0
    outer loop
      vertex -2.6563 -1.3 92.2118
      vertex -5.07111 -1.3 92.8588
      vertex -2.54067 -1.3 92.5524
    endloop
  endfacet
  facet normal 0 1 0
    outer loop
      vertex -2.6563 -1.3 92.2118
      vertex -5.20508 -1.3 92.1853
      vertex -5.07111 -1.3 92.8588
    endloop
  endfacet
  facet normal 0 1 -0
    outer loop
      vertex -2.72647 -1.3 91.8589
      vertex -5.20508 -1.3 92.1853
      vertex -2.6563 -1.3 92.2118
    endloop
  endfacet
  facet normal 0 1 -0
    outer loop
      vertex -2.75 -1.3 91.5
      vertex -5.20508 -1.3 92.1853
      vertex -2.72647 -1.3 91.8589
    endloop
  endfacet
  facet normal 0 1 0
    outer loop
      vertex -2.75 -1.3 91.5
      vertex -5.25 -1.3 91.5
      vertex -5.20508 -1.3 92.1853
    endloop
  endfacet
  facet normal 0 1 -0
    outer loop
      vertex -2.75 -1.3 87.5
      vertex -5.25 -1.3 91.5
      vertex -2.75 -1.3 91.5
    endloop
  endfacet
  facet normal 0 1 0
    outer loop
      vertex -2.75 -1.3 87.5
      vertex -5.25 -1.3 87.5
      vertex -5.25 -1.3 91.5
    endloop
  endfacet
  facet normal 0 1 0
    outer loop
      vertex -2.72647 -1.3 87.1411
      vertex -5.25 -1.3 87.5
      vertex -2.75 -1.3 87.5
    endloop
  endfacet
  facet normal 0 1 0
    outer loop
      vertex -2.72647 -1.3 87.1411
      vertex -5.20508 -1.3 86.8147
      vertex -5.25 -1.3 87.5
    endloop
  endfacet
  facet normal 0 1 0
    outer loop
      vertex -2.6563 -1.3 86.7882
      vertex -5.20508 -1.3 86.8147
      vertex -2.72647 -1.3 87.1411
    endloop
  endfacet
  facet normal 0 1 0
    outer loop
      vertex -5.07111 -1.3 86.1412
      vertex -2.6563 -1.3 86.7882
      vertex -2.54067 -1.3 86.4476
    endloop
  endfacet
  facet normal 0 1 0
    outer loop
      vertex -2.6563 -1.3 86.7882
      vertex -5.07111 -1.3 86.1412
      vertex -5.20508 -1.3 86.8147
    endloop
  endfacet
  facet normal 0 1 0
    outer loop
      vertex -4.85037 -1.3 85.4909
      vertex -2.54067 -1.3 86.4476
      vertex -2.38157 -1.3 86.125
    endloop
  endfacet
  facet normal 0 1 0
    outer loop
      vertex -4.54663 -1.3 84.875
      vertex -2.38157 -1.3 86.125
      vertex -2.18172 -1.3 85.8259
    endloop
  endfacet
  facet normal 0 1 0
    outer loop
      vertex -4.1651 -1.3 84.304
      vertex -2.18172 -1.3 85.8259
      vertex -1.94454 -1.3 85.5555
    endloop
  endfacet
  facet normal 0 1 0
    outer loop
      vertex -2.54067 -1.3 86.4476
      vertex -4.85037 -1.3 85.4909
      vertex -5.07111 -1.3 86.1412
    endloop
  endfacet
  facet normal 0 1 0
    outer loop
      vertex -3.71231 -1.3 83.7877
      vertex -1.94454 -1.3 85.5555
      vertex -1.67409 -1.3 85.3183
    endloop
  endfacet
  facet normal 0 1 0
    outer loop
      vertex -3.196 -1.3 83.3349
      vertex -1.67409 -1.3 85.3183
      vertex -1.375 -1.3 85.1184
    endloop
  endfacet
  facet normal 0 1 0
    outer loop
      vertex -2.625 -1.3 82.9534
      vertex -1.375 -1.3 85.1184
      vertex -1.05238 -1.3 84.9593
    endloop
  endfacet
  facet normal 0 1 0
    outer loop
      vertex -2.38157 -1.3 86.125
      vertex -4.54663 -1.3 84.875
      vertex -4.85037 -1.3 85.4909
    endloop
  endfacet
  facet normal 0 1 0
    outer loop
      vertex -2.00909 -1.3 82.6496
      vertex -1.05238 -1.3 84.9593
      vertex -0.711752 -1.3 84.8437
    endloop
  endfacet
  facet normal 0 1 0
    outer loop
      vertex -1.3588 -1.3 82.4289
      vertex -0.711752 -1.3 84.8437
      vertex -0.358947 -1.3 84.7735
    endloop
  endfacet
  facet normal 0 1 0
    outer loop
      vertex -0.685262 -1.3 82.2949
      vertex -0.358947 -1.3 84.7735
      vertex 0 -1.3 84.75
    endloop
  endfacet
  facet normal 0 1 -0
    outer loop
      vertex 2.00909 -1.3 82.6496
      vertex 1.05238 -1.3 84.9593
      vertex 2.625 -1.3 82.9534
    endloop
  endfacet
  facet normal 0 1 0
    outer loop
      vertex -2.18172 -1.3 85.8259
      vertex -4.1651 -1.3 84.304
      vertex -4.54663 -1.3 84.875
    endloop
  endfacet
  facet normal 0 1 0
    outer loop
      vertex 1.05238 -1.3 84.9593
      vertex 2.00909 -1.3 82.6496
      vertex 0.711752 -1.3 84.8437
    endloop
  endfacet
  facet normal 0 1 0
    outer loop
      vertex -1.94454 -1.3 85.5555
      vertex -3.71231 -1.3 83.7877
      vertex -4.1651 -1.3 84.304
    endloop
  endfacet
  facet normal 0 1 -0
    outer loop
      vertex 1.3588 -1.3 82.4289
      vertex 0.711752 -1.3 84.8437
      vertex 2.00909 -1.3 82.6496
    endloop
  endfacet
  facet normal 0 1 0
    outer loop
      vertex -1.67409 -1.3 85.3183
      vertex -3.196 -1.3 83.3349
      vertex -3.71231 -1.3 83.7877
    endloop
  endfacet
  facet normal 0 1 0
    outer loop
      vertex 0.711752 -1.3 84.8437
      vertex 1.3588 -1.3 82.4289
      vertex 0.358947 -1.3 84.7735
    endloop
  endfacet
  facet normal 0 1 0
    outer loop
      vertex -1.375 -1.3 85.1184
      vertex -2.625 -1.3 82.9534
      vertex -3.196 -1.3 83.3349
    endloop
  endfacet
  facet normal 0 1 -0
    outer loop
      vertex 0.685262 -1.3 82.2949
      vertex 0.358947 -1.3 84.7735
      vertex 1.3588 -1.3 82.4289
    endloop
  endfacet
  facet normal 0 1 0
    outer loop
      vertex -1.05238 -1.3 84.9593
      vertex -2.00909 -1.3 82.6496
      vertex -2.625 -1.3 82.9534
    endloop
  endfacet
  facet normal 0 1 0
    outer loop
      vertex 0.358947 -1.3 84.7735
      vertex 0.685262 -1.3 82.2949
      vertex 0 -1.3 84.75
    endloop
  endfacet
  facet normal 0 1 0
    outer loop
      vertex -0.711752 -1.3 84.8437
      vertex -1.3588 -1.3 82.4289
      vertex -2.00909 -1.3 82.6496
    endloop
  endfacet
  facet normal 0 1 0
    outer loop
      vertex 0 -1.3 82.25
      vertex 0 -1.3 84.75
      vertex 0.685262 -1.3 82.2949
    endloop
  endfacet
  facet normal 0 1 0
    outer loop
      vertex -0.358947 -1.3 84.7735
      vertex -0.685262 -1.3 82.2949
      vertex -1.3588 -1.3 82.4289
    endloop
  endfacet
  facet normal 0 1 0
    outer loop
      vertex 0 -1.3 84.75
      vertex 0 -1.3 82.25
      vertex -0.685262 -1.3 82.2949
    endloop
  endfacet
  facet normal -0.194949 3.3603e-19 0.980813
    outer loop
      vertex -5.79116 5 10.4137
      vertex -5.58589 -2.3 10.4545
      vertex -5.58589 5 10.4545
    endloop
  endfacet
  facet normal -0.194949 3.3603e-19 0.980813
    outer loop
      vertex -5.58589 -2.3 10.4545
      vertex -5.79116 5 10.4137
      vertex -5.79116 -2.3 10.4137
    endloop
  endfacet
  facet normal -0.980791 0 0.195059
    outer loop
      vertex -4.45452 -2.3 11.5859
      vertex -4.41369 5 11.7912
      vertex -4.45452 5 11.5859
    endloop
  endfacet
  facet normal -0.980791 0 0.195059
    outer loop
      vertex -4.41369 5 11.7912
      vertex -4.45452 -2.3 11.5859
      vertex -4.41369 -2.3 11.7912
    endloop
  endfacet
  facet normal -0.997858 0 0.0654247
    outer loop
      vertex -4.41369 -2.3 11.7912
      vertex -4.4 5 12
      vertex -4.41369 5 11.7912
    endloop
  endfacet
  facet normal -0.997858 0 0.0654247
    outer loop
      vertex -4.4 5 12
      vertex -4.41369 -2.3 11.7912
      vertex -4.4 -2.3 12
    endloop
  endfacet
  facet normal -0.946944 0 0.321397
    outer loop
      vertex -4.52179 -2.3 11.3877
      vertex -4.45452 5 11.5859
      vertex -4.52179 5 11.3877
    endloop
  endfacet
  facet normal -0.946944 0 0.321397
    outer loop
      vertex -4.45452 5 11.5859
      vertex -4.52179 -2.3 11.3877
      vertex -4.45452 -2.3 11.5859
    endloop
  endfacet
  facet normal -0.831454 0 0.555593
    outer loop
      vertex -4.73063 -2.3 11.026
      vertex -4.61436 5 11.2
      vertex -4.73063 5 11.026
    endloop
  endfacet
  facet normal -0.831454 0 0.555593
    outer loop
      vertex -4.61436 5 11.2
      vertex -4.73063 -2.3 11.026
      vertex -4.61436 -2.3 11.2
    endloop
  endfacet
  facet normal -0.321555 -1.90666e-19 0.946891
    outer loop
      vertex -5.58589 5 10.4545
      vertex -5.38771 -2.3 10.5218
      vertex -5.38771 5 10.5218
    endloop
  endfacet
  facet normal -0.321555 -1.90666e-19 0.946891
    outer loop
      vertex -5.38771 -2.3 10.5218
      vertex -5.58589 5 10.4545
      vertex -5.58589 -2.3 10.4545
    endloop
  endfacet
  facet normal -0.997858 0 -0.0654247
    outer loop
      vertex -4.4 -2.3 12
      vertex -4.41369 5 12.2088
      vertex -4.4 5 12
    endloop
  endfacet
  facet normal -0.997858 -0 -0.0654247
    outer loop
      vertex -4.41369 5 12.2088
      vertex -4.4 -2.3 12
      vertex -4.41369 -2.3 12.2088
    endloop
  endfacet
  facet normal 0.555318 -7.78695e-19 -0.831638
    outer loop
      vertex -6.97402 -2.3 13.2694
      vertex -6.8 6.2 13.3856
      vertex -6.8 -2.3 13.3856
    endloop
  endfacet
  facet normal 0.555318 -7.78695e-19 -0.831638
    outer loop
      vertex -6.8 6.2 13.3856
      vertex -6.97402 -2.3 13.2694
      vertex -6.97402 6.2 13.2694
    endloop
  endfacet
  facet normal 0.321555 -1.63748e-19 -0.946891
    outer loop
      vertex -6.61229 -2.3 13.4782
      vertex -6.41411 6.2 13.5455
      vertex -6.41411 -2.3 13.5455
    endloop
  endfacet
  facet normal 0.321555 -1.63748e-19 -0.946891
    outer loop
      vertex -6.41411 6.2 13.5455
      vertex -6.61229 -2.3 13.4782
      vertex -6.61229 6.2 13.4782
    endloop
  endfacet
  facet normal -0.89686 0 0.442314
    outer loop
      vertex -4.61436 -2.3 11.2
      vertex -4.52179 5 11.3877
      vertex -4.61436 5 11.2
    endloop
  endfacet
  facet normal -0.89686 0 0.442314
    outer loop
      vertex -4.52179 5 11.3877
      vertex -4.61436 -2.3 11.2
      vertex -4.52179 -2.3 11.3877
    endloop
  endfacet
  facet normal 0.321555 1.90666e-19 0.946891
    outer loop
      vertex -6.61229 5 10.5218
      vertex -6.41411 -2.3 10.4545
      vertex -6.41411 5 10.4545
    endloop
  endfacet
  facet normal 0.321555 1.90666e-19 0.946891
    outer loop
      vertex -6.41411 -2.3 10.4545
      vertex -6.61229 5 10.5218
      vertex -6.61229 -2.3 10.5218
    endloop
  endfacet
  facet normal -0.751925 0 0.659248
    outer loop
      vertex -4.86863 -2.3 10.8686
      vertex -4.73063 5 11.026
      vertex -4.86863 5 10.8686
    endloop
  endfacet
  facet normal -0.751925 0 0.659248
    outer loop
      vertex -4.73063 5 11.026
      vertex -4.86863 -2.3 10.8686
      vertex -4.73063 -2.3 11.026
    endloop
  endfacet
  facet normal -0.946944 0 -0.321397
    outer loop
      vertex -4.45452 -2.3 12.4141
      vertex -4.52179 5 12.6123
      vertex -4.45452 5 12.4141
    endloop
  endfacet
  facet normal -0.946944 -0 -0.321397
    outer loop
      vertex -4.52179 5 12.6123
      vertex -4.45452 -2.3 12.4141
      vertex -4.52179 -2.3 12.6123
    endloop
  endfacet
  facet normal 0.751925 0 -0.659248
    outer loop
      vertex -7.13137 -2.3 13.1314
      vertex -7.26937 6.2 12.974
      vertex -7.13137 6.2 13.1314
    endloop
  endfacet
  facet normal 0.751925 0 -0.659248
    outer loop
      vertex -7.26937 6.2 12.974
      vertex -7.13137 -2.3 13.1314
      vertex -7.26937 -2.3 12.974
    endloop
  endfacet
  facet normal -0.980791 0 -0.195059
    outer loop
      vertex -4.41369 -2.3 12.2088
      vertex -4.45452 5 12.4141
      vertex -4.41369 5 12.2088
    endloop
  endfacet
  facet normal -0.980791 -0 -0.195059
    outer loop
      vertex -4.45452 5 12.4141
      vertex -4.41369 -2.3 12.2088
      vertex -4.45452 -2.3 12.4141
    endloop
  endfacet
  facet normal 0.659367 3.9862e-19 0.751821
    outer loop
      vertex -7.13137 5 10.8686
      vertex -6.97402 -2.3 10.7306
      vertex -6.97402 5 10.7306
    endloop
  endfacet
  facet normal 0.659367 3.9862e-19 0.751821
    outer loop
      vertex -6.97402 -2.3 10.7306
      vertex -7.13137 5 10.8686
      vertex -7.13137 -2.3 10.8686
    endloop
  endfacet
  facet normal 0.946944 0 -0.321397
    outer loop
      vertex -7.47821 -2.3 12.6123
      vertex -7.54548 6.2 12.4141
      vertex -7.47821 6.2 12.6123
    endloop
  endfacet
  facet normal 0.946944 0 -0.321397
    outer loop
      vertex -7.54548 6.2 12.4141
      vertex -7.47821 -2.3 12.6123
      vertex -7.54548 -2.3 12.4141
    endloop
  endfacet
  facet normal -0.831454 0 -0.555593
    outer loop
      vertex -4.61436 -2.3 12.8
      vertex -4.73063 5 12.974
      vertex -4.61436 5 12.8
    endloop
  endfacet
  facet normal -0.831454 -0 -0.555593
    outer loop
      vertex -4.73063 5 12.974
      vertex -4.61436 -2.3 12.8
      vertex -4.73063 -2.3 12.974
    endloop
  endfacet
  facet normal -0.44241 6.6845e-19 0.896813
    outer loop
      vertex -5.38771 5 10.5218
      vertex -5.2 -2.3 10.6144
      vertex -5.2 5 10.6144
    endloop
  endfacet
  facet normal -0.44241 6.6845e-19 0.896813
    outer loop
      vertex -5.2 -2.3 10.6144
      vertex -5.38771 5 10.5218
      vertex -5.38771 -2.3 10.5218
    endloop
  endfacet
  facet normal 0.44241 -6.6845e-19 0.896813
    outer loop
      vertex -6.8 5 10.6144
      vertex -6.61229 -2.3 10.5218
      vertex -6.61229 5 10.5218
    endloop
  endfacet
  facet normal 0.44241 -6.6845e-19 0.896813
    outer loop
      vertex -6.61229 -2.3 10.5218
      vertex -6.8 5 10.6144
      vertex -6.8 -2.3 10.6144
    endloop
  endfacet
  facet normal -0.44241 -6.6845e-19 -0.896813
    outer loop
      vertex -5.38771 -2.3 13.4782
      vertex -5.2 5 13.3856
      vertex -5.2 -2.3 13.3856
    endloop
  endfacet
  facet normal -0.44241 -6.6845e-19 -0.896813
    outer loop
      vertex -5.2 5 13.3856
      vertex -5.38771 -2.3 13.4782
      vertex -5.38771 5 13.4782
    endloop
  endfacet
  facet normal -0.321555 1.90666e-19 -0.946891
    outer loop
      vertex -5.58589 -2.3 13.5455
      vertex -5.38771 5 13.4782
      vertex -5.38771 -2.3 13.4782
    endloop
  endfacet
  facet normal -0.321555 1.90666e-19 -0.946891
    outer loop
      vertex -5.38771 5 13.4782
      vertex -5.58589 -2.3 13.5455
      vertex -5.58589 5 13.5455
    endloop
  endfacet
  facet normal 0.89686 0 -0.442314
    outer loop
      vertex -7.38564 -2.3 12.8
      vertex -7.47821 6.2 12.6123
      vertex -7.38564 6.2 12.8
    endloop
  endfacet
  facet normal 0.89686 0 -0.442314
    outer loop
      vertex -7.47821 6.2 12.6123
      vertex -7.38564 -2.3 12.8
      vertex -7.47821 -2.3 12.6123
    endloop
  endfacet
  facet normal 0.980791 0 -0.195059
    outer loop
      vertex -7.54548 -2.3 12.4141
      vertex -7.58631 6.2 12.2088
      vertex -7.54548 6.2 12.4141
    endloop
  endfacet
  facet normal 0.980791 0 -0.195059
    outer loop
      vertex -7.58631 6.2 12.2088
      vertex -7.54548 -2.3 12.4141
      vertex -7.58631 -2.3 12.2088
    endloop
  endfacet
  facet normal 0.555318 9.067e-19 0.831638
    outer loop
      vertex -6.97402 5 10.7306
      vertex -6.8 -2.3 10.6144
      vertex -6.8 5 10.6144
    endloop
  endfacet
  facet normal 0.555318 9.067e-19 0.831638
    outer loop
      vertex -6.8 -2.3 10.6144
      vertex -6.97402 5 10.7306
      vertex -6.97402 -2.3 10.7306
    endloop
  endfacet
  facet normal -0.555318 9.067e-19 -0.831638
    outer loop
      vertex -5.2 -2.3 13.3856
      vertex -5.02598 5 13.2694
      vertex -5.02598 -2.3 13.2694
    endloop
  endfacet
  facet normal -0.555318 9.067e-19 -0.831638
    outer loop
      vertex -5.02598 5 13.2694
      vertex -5.2 -2.3 13.3856
      vertex -5.2 5 13.3856
    endloop
  endfacet
  facet normal -0.194949 -3.3603e-19 -0.980813
    outer loop
      vertex -5.79116 -2.3 13.5863
      vertex -5.58589 5 13.5455
      vertex -5.58589 -2.3 13.5455
    endloop
  endfacet
  facet normal -0.194949 -3.3603e-19 -0.980813
    outer loop
      vertex -5.58589 5 13.5455
      vertex -5.79116 -2.3 13.5863
      vertex -5.79116 5 13.5863
    endloop
  endfacet
  facet normal -0.659367 -3.9862e-19 0.751821
    outer loop
      vertex -5.02598 5 10.7306
      vertex -4.86863 -2.3 10.8686
      vertex -4.86863 5 10.8686
    endloop
  endfacet
  facet normal -0.659367 -3.9862e-19 0.751821
    outer loop
      vertex -4.86863 -2.3 10.8686
      vertex -5.02598 5 10.7306
      vertex -5.02598 -2.3 10.7306
    endloop
  endfacet
  facet normal 0.946944 -0 0.321397
    outer loop
      vertex -7.54548 -2.3 11.5859
      vertex -7.47821 5 11.3877
      vertex -7.54548 5 11.5859
    endloop
  endfacet
  facet normal 0.946944 0 0.321397
    outer loop
      vertex -7.47821 5 11.3877
      vertex -7.54548 -2.3 11.5859
      vertex -7.47821 -2.3 11.3877
    endloop
  endfacet
  facet normal -0.0654598 8.37775e-20 -0.997855
    outer loop
      vertex -6 -2.3 13.6
      vertex -5.79116 5 13.5863
      vertex -5.79116 -2.3 13.5863
    endloop
  endfacet
  facet normal -0.0654598 8.37775e-20 -0.997855
    outer loop
      vertex -5.79116 5 13.5863
      vertex -6 -2.3 13.6
      vertex -6 5 13.6
    endloop
  endfacet
  facet normal 0.194949 -3.3603e-19 0.980813
    outer loop
      vertex -6.41411 5 10.4545
      vertex -6.20884 -2.3 10.4137
      vertex -6.20884 5 10.4137
    endloop
  endfacet
  facet normal 0.194949 -3.3603e-19 0.980813
    outer loop
      vertex -6.20884 -2.3 10.4137
      vertex -6.41411 5 10.4545
      vertex -6.41411 -2.3 10.4545
    endloop
  endfacet
  facet normal 0.659367 -3.42345e-19 -0.751821
    outer loop
      vertex -7.13137 -2.3 13.1314
      vertex -6.97402 6.2 13.2694
      vertex -6.97402 -2.3 13.2694
    endloop
  endfacet
  facet normal 0.659367 -3.42345e-19 -0.751821
    outer loop
      vertex -6.97402 6.2 13.2694
      vertex -7.13137 -2.3 13.1314
      vertex -7.13137 6.2 13.1314
    endloop
  endfacet
  facet normal 0.89686 -0 0.442314
    outer loop
      vertex -7.47821 -2.3 11.3877
      vertex -7.38564 5 11.2
      vertex -7.47821 5 11.3877
    endloop
  endfacet
  facet normal 0.89686 0 0.442314
    outer loop
      vertex -7.38564 5 11.2
      vertex -7.47821 -2.3 11.3877
      vertex -7.38564 -2.3 11.2
    endloop
  endfacet
  facet normal -0.89686 0 -0.442314
    outer loop
      vertex -4.52179 -2.3 12.6123
      vertex -4.61436 5 12.8
      vertex -4.52179 5 12.6123
    endloop
  endfacet
  facet normal -0.89686 -0 -0.442314
    outer loop
      vertex -4.61436 5 12.8
      vertex -4.52179 -2.3 12.6123
      vertex -4.61436 -2.3 12.8
    endloop
  endfacet
  facet normal -0.751925 0 -0.659248
    outer loop
      vertex -4.73063 -2.3 12.974
      vertex -4.86863 5 13.1314
      vertex -4.73063 5 12.974
    endloop
  endfacet
  facet normal -0.751925 -0 -0.659248
    outer loop
      vertex -4.86863 5 13.1314
      vertex -4.73063 -2.3 12.974
      vertex -4.86863 -2.3 13.1314
    endloop
  endfacet
  facet normal 0.0654598 -8.37775e-20 -0.997855
    outer loop
      vertex -6.20884 -2.3 13.5863
      vertex -6 5 13.6
      vertex -6 -2.3 13.6
    endloop
  endfacet
  facet normal 0.0654598 0 -0.997855
    outer loop
      vertex -6.20884 6.2 13.5863
      vertex -6 5 13.6
      vertex -6.20884 -2.3 13.5863
    endloop
  endfacet
  facet normal 0.0654598 0 -0.997855
    outer loop
      vertex -6 5 13.6
      vertex -6.20884 6.2 13.5863
      vertex -6 6.2 13.6
    endloop
  endfacet
  facet normal -0.0654598 -8.37775e-20 0.997855
    outer loop
      vertex -6 5 10.4
      vertex -5.79116 -2.3 10.4137
      vertex -5.79116 5 10.4137
    endloop
  endfacet
  facet normal -0.0654598 -8.37775e-20 0.997855
    outer loop
      vertex -5.79116 -2.3 10.4137
      vertex -6 5 10.4
      vertex -6 -2.3 10.4
    endloop
  endfacet
  facet normal -0.555318 -9.067e-19 0.831638
    outer loop
      vertex -5.2 5 10.6144
      vertex -5.02598 -2.3 10.7306
      vertex -5.02598 5 10.7306
    endloop
  endfacet
  facet normal -0.555318 -9.067e-19 0.831638
    outer loop
      vertex -5.02598 -2.3 10.7306
      vertex -5.2 5 10.6144
      vertex -5.2 -2.3 10.6144
    endloop
  endfacet
  facet normal 0.997858 -3.96484e-19 -0.0654247
    outer loop
      vertex -7.58631 6.2 12.2088
      vertex -7.6 5 12
      vertex -7.6 6.2 12
    endloop
  endfacet
  facet normal 0.997858 0 -0.0654247
    outer loop
      vertex -7.58631 -2.3 12.2088
      vertex -7.6 5 12
      vertex -7.58631 6.2 12.2088
    endloop
  endfacet
  facet normal 0.997858 0 -0.0654247
    outer loop
      vertex -7.6 5 12
      vertex -7.58631 -2.3 12.2088
      vertex -7.6 -2.3 12
    endloop
  endfacet
  facet normal 0.751925 -0 0.659248
    outer loop
      vertex -7.26937 -2.3 11.026
      vertex -7.13137 5 10.8686
      vertex -7.26937 5 11.026
    endloop
  endfacet
  facet normal 0.751925 0 0.659248
    outer loop
      vertex -7.13137 5 10.8686
      vertex -7.26937 -2.3 11.026
      vertex -7.13137 -2.3 10.8686
    endloop
  endfacet
  facet normal 0.0654598 8.37775e-20 0.997855
    outer loop
      vertex -6.20884 5 10.4137
      vertex -6 -2.3 10.4
      vertex -6 5 10.4
    endloop
  endfacet
  facet normal 0.0654598 8.37775e-20 0.997855
    outer loop
      vertex -6 -2.3 10.4
      vertex -6.20884 5 10.4137
      vertex -6.20884 -2.3 10.4137
    endloop
  endfacet
  facet normal 0.194949 2.88591e-19 -0.980813
    outer loop
      vertex -6.41411 -2.3 13.5455
      vertex -6.20884 6.2 13.5863
      vertex -6.20884 -2.3 13.5863
    endloop
  endfacet
  facet normal 0.194949 2.88591e-19 -0.980813
    outer loop
      vertex -6.20884 6.2 13.5863
      vertex -6.41411 -2.3 13.5455
      vertex -6.41411 6.2 13.5455
    endloop
  endfacet
  facet normal 0.980791 -0 0.195059
    outer loop
      vertex -7.58631 -2.3 11.7912
      vertex -7.54548 5 11.5859
      vertex -7.58631 5 11.7912
    endloop
  endfacet
  facet normal 0.980791 0 0.195059
    outer loop
      vertex -7.54548 5 11.5859
      vertex -7.58631 -2.3 11.7912
      vertex -7.54548 -2.3 11.5859
    endloop
  endfacet
  facet normal 0.997858 -0 0.0654247
    outer loop
      vertex -7.6 -2.3 12
      vertex -7.58631 5 11.7912
      vertex -7.6 5 12
    endloop
  endfacet
  facet normal 0.997858 0 0.0654247
    outer loop
      vertex -7.58631 5 11.7912
      vertex -7.6 -2.3 12
      vertex -7.58631 -2.3 11.7912
    endloop
  endfacet
  facet normal 0.44241 5.74081e-19 -0.896813
    outer loop
      vertex -6.8 -2.3 13.3856
      vertex -6.61229 6.2 13.4782
      vertex -6.61229 -2.3 13.4782
    endloop
  endfacet
  facet normal 0.44241 5.74081e-19 -0.896813
    outer loop
      vertex -6.61229 6.2 13.4782
      vertex -6.8 -2.3 13.3856
      vertex -6.8 6.2 13.3856
    endloop
  endfacet
  facet normal -0.659367 3.9862e-19 -0.751821
    outer loop
      vertex -5.02598 -2.3 13.2694
      vertex -4.86863 5 13.1314
      vertex -4.86863 -2.3 13.1314
    endloop
  endfacet
  facet normal -0.659367 3.9862e-19 -0.751821
    outer loop
      vertex -4.86863 5 13.1314
      vertex -5.02598 -2.3 13.2694
      vertex -5.02598 5 13.2694
    endloop
  endfacet
  facet normal 0.831454 -0 0.555593
    outer loop
      vertex -7.38564 -2.3 11.2
      vertex -7.26937 5 11.026
      vertex -7.38564 5 11.2
    endloop
  endfacet
  facet normal 0.831454 0 0.555593
    outer loop
      vertex -7.26937 5 11.026
      vertex -7.38564 -2.3 11.2
      vertex -7.26937 -2.3 11.026
    endloop
  endfacet
  facet normal 0.831454 0 -0.555593
    outer loop
      vertex -7.26937 -2.3 12.974
      vertex -7.38564 6.2 12.8
      vertex -7.26937 6.2 12.974
    endloop
  endfacet
  facet normal 0.831454 0 -0.555593
    outer loop
      vertex -7.38564 6.2 12.8
      vertex -7.26937 -2.3 12.974
      vertex -7.38564 -2.3 12.8
    endloop
  endfacet
  facet normal 0 0 -1
    outer loop
      vertex -7.64545 -5 14.85
      vertex -4.35455 -2.3 14.85
      vertex -4.35455 -5 14.85
    endloop
  endfacet
  facet normal -0 0 -1
    outer loop
      vertex -4.35455 -2.3 14.85
      vertex -7.64545 -5 14.85
      vertex -7.64545 -2.3 14.85
    endloop
  endfacet
  facet normal -0.866025 0 -0.5
    outer loop
      vertex -2.7091 -5 12
      vertex -4.35455 -2.3 14.85
      vertex -2.7091 -2.3 12
    endloop
  endfacet
  facet normal -0.866025 -0 -0.5
    outer loop
      vertex -4.35455 -2.3 14.85
      vertex -2.7091 -5 12
      vertex -4.35455 -5 14.85
    endloop
  endfacet
  facet normal -0 0 1
    outer loop
      vertex -7.64545 -2.3 9.15
      vertex -4.35455 -5 9.15
      vertex -4.35455 -2.3 9.15
    endloop
  endfacet
  facet normal 0 0 1
    outer loop
      vertex -4.35455 -5 9.15
      vertex -7.64545 -2.3 9.15
      vertex -7.64545 -5 9.15
    endloop
  endfacet
  facet normal -0.866025 0 0.5
    outer loop
      vertex -4.35455 -5 9.15
      vertex -2.7091 -2.3 12
      vertex -4.35455 -2.3 9.15
    endloop
  endfacet
  facet normal -0.866025 0 0.5
    outer loop
      vertex -2.7091 -2.3 12
      vertex -4.35455 -5 9.15
      vertex -2.7091 -5 12
    endloop
  endfacet
  facet normal 0.866025 -0 0.5
    outer loop
      vertex -9.2909 -5 12
      vertex -7.64545 -2.3 9.15
      vertex -9.2909 -2.3 12
    endloop
  endfacet
  facet normal 0.866025 0 0.5
    outer loop
      vertex -7.64545 -2.3 9.15
      vertex -9.2909 -5 12
      vertex -7.64545 -5 9.15
    endloop
  endfacet
  facet normal 0.866025 0 -0.5
    outer loop
      vertex -7.64545 -5 14.85
      vertex -9.2909 -2.3 12
      vertex -7.64545 -2.3 14.85
    endloop
  endfacet
  facet normal 0.866025 0 -0.5
    outer loop
      vertex -9.2909 -2.3 12
      vertex -7.64545 -5 14.85
      vertex -9.2909 -5 12
    endloop
  endfacet
  facet normal 0 -1 0
    outer loop
      vertex -7.64545 -2.3 14.85
      vertex -6 -2.3 13.6
      vertex -4.35455 -2.3 14.85
    endloop
  endfacet
  facet normal 0 -1 0
    outer loop
      vertex -7.64545 -2.3 14.85
      vertex -6.20884 -2.3 13.5863
      vertex -6 -2.3 13.6
    endloop
  endfacet
  facet normal 0 -1 0
    outer loop
      vertex -7.64545 -2.3 14.85
      vertex -6.41411 -2.3 13.5455
      vertex -6.20884 -2.3 13.5863
    endloop
  endfacet
  facet normal 0 -1 0
    outer loop
      vertex -7.64545 -2.3 14.85
      vertex -6.61229 -2.3 13.4782
      vertex -6.41411 -2.3 13.5455
    endloop
  endfacet
  facet normal 0 -1 0
    outer loop
      vertex -7.64545 -2.3 14.85
      vertex -6.8 -2.3 13.3856
      vertex -6.61229 -2.3 13.4782
    endloop
  endfacet
  facet normal 0 -1 0
    outer loop
      vertex -7.64545 -2.3 14.85
      vertex -6.97402 -2.3 13.2694
      vertex -6.8 -2.3 13.3856
    endloop
  endfacet
  facet normal 0 -1 0
    outer loop
      vertex -7.64545 -2.3 14.85
      vertex -7.13137 -2.3 13.1314
      vertex -6.97402 -2.3 13.2694
    endloop
  endfacet
  facet normal 0 -1 0
    outer loop
      vertex -7.64545 -2.3 14.85
      vertex -7.26937 -2.3 12.974
      vertex -7.13137 -2.3 13.1314
    endloop
  endfacet
  facet normal 0 -1 0
    outer loop
      vertex -7.64545 -2.3 14.85
      vertex -7.38564 -2.3 12.8
      vertex -7.26937 -2.3 12.974
    endloop
  endfacet
  facet normal 0 -1 0
    outer loop
      vertex -9.2909 -2.3 12
      vertex -7.38564 -2.3 12.8
      vertex -7.64545 -2.3 14.85
    endloop
  endfacet
  facet normal 0 -1 0
    outer loop
      vertex -7.38564 -2.3 12.8
      vertex -9.2909 -2.3 12
      vertex -7.47821 -2.3 12.6123
    endloop
  endfacet
  facet normal 0 -1 0
    outer loop
      vertex -7.47821 -2.3 12.6123
      vertex -9.2909 -2.3 12
      vertex -7.54548 -2.3 12.4141
    endloop
  endfacet
  facet normal 0 -1 0
    outer loop
      vertex -7.54548 -2.3 12.4141
      vertex -9.2909 -2.3 12
      vertex -7.58631 -2.3 12.2088
    endloop
  endfacet
  facet normal 0 -1 0
    outer loop
      vertex -9.2909 -2.3 12
      vertex -7.6 -2.3 12
      vertex -7.58631 -2.3 12.2088
    endloop
  endfacet
  facet normal 0 -1 0
    outer loop
      vertex -9.2909 -2.3 12
      vertex -7.58631 -2.3 11.7912
      vertex -7.6 -2.3 12
    endloop
  endfacet
  facet normal 0 -1 0
    outer loop
      vertex -9.2909 -2.3 12
      vertex -7.54548 -2.3 11.5859
      vertex -7.58631 -2.3 11.7912
    endloop
  endfacet
  facet normal 0 -1 0
    outer loop
      vertex -9.2909 -2.3 12
      vertex -7.47821 -2.3 11.3877
      vertex -7.54548 -2.3 11.5859
    endloop
  endfacet
  facet normal 0 -1 0
    outer loop
      vertex -9.2909 -2.3 12
      vertex -7.38564 -2.3 11.2
      vertex -7.47821 -2.3 11.3877
    endloop
  endfacet
  facet normal 0 -1 0
    outer loop
      vertex -7.64545 -2.3 9.15
      vertex -7.38564 -2.3 11.2
      vertex -9.2909 -2.3 12
    endloop
  endfacet
  facet normal 0 -1 -0
    outer loop
      vertex -7.38564 -2.3 11.2
      vertex -7.64545 -2.3 9.15
      vertex -7.26937 -2.3 11.026
    endloop
  endfacet
  facet normal 0 -1 -0
    outer loop
      vertex -7.26937 -2.3 11.026
      vertex -7.64545 -2.3 9.15
      vertex -7.13137 -2.3 10.8686
    endloop
  endfacet
  facet normal 0 -1 -0
    outer loop
      vertex -7.13137 -2.3 10.8686
      vertex -7.64545 -2.3 9.15
      vertex -6.97402 -2.3 10.7306
    endloop
  endfacet
  facet normal 0 -1 -0
    outer loop
      vertex -6.20884 -2.3 10.4137
      vertex -7.64545 -2.3 9.15
      vertex -6 -2.3 10.4
    endloop
  endfacet
  facet normal 0 -1 -0
    outer loop
      vertex -6.41411 -2.3 10.4545
      vertex -7.64545 -2.3 9.15
      vertex -6.20884 -2.3 10.4137
    endloop
  endfacet
  facet normal 0 -1 -0
    outer loop
      vertex -6.61229 -2.3 10.5218
      vertex -7.64545 -2.3 9.15
      vertex -6.41411 -2.3 10.4545
    endloop
  endfacet
  facet normal 0 -1 -0
    outer loop
      vertex -6.8 -2.3 10.6144
      vertex -7.64545 -2.3 9.15
      vertex -6.61229 -2.3 10.5218
    endloop
  endfacet
  facet normal 0 -1 -0
    outer loop
      vertex -6.97402 -2.3 10.7306
      vertex -7.64545 -2.3 9.15
      vertex -6.8 -2.3 10.6144
    endloop
  endfacet
  facet normal 0 -1 0
    outer loop
      vertex -5.79116 -2.3 13.5863
      vertex -4.35455 -2.3 14.85
      vertex -6 -2.3 13.6
    endloop
  endfacet
  facet normal 0 -1 0
    outer loop
      vertex -5.58589 -2.3 13.5455
      vertex -4.35455 -2.3 14.85
      vertex -5.79116 -2.3 13.5863
    endloop
  endfacet
  facet normal 0 -1 0
    outer loop
      vertex -5.38771 -2.3 13.4782
      vertex -4.35455 -2.3 14.85
      vertex -5.58589 -2.3 13.5455
    endloop
  endfacet
  facet normal 0 -1 0
    outer loop
      vertex -5.2 -2.3 13.3856
      vertex -4.35455 -2.3 14.85
      vertex -5.38771 -2.3 13.4782
    endloop
  endfacet
  facet normal 0 -1 0
    outer loop
      vertex -5.02598 -2.3 13.2694
      vertex -4.35455 -2.3 14.85
      vertex -5.2 -2.3 13.3856
    endloop
  endfacet
  facet normal 0 -1 0
    outer loop
      vertex -4.86863 -2.3 13.1314
      vertex -4.35455 -2.3 14.85
      vertex -5.02598 -2.3 13.2694
    endloop
  endfacet
  facet normal 0 -1 0
    outer loop
      vertex -4.73063 -2.3 12.974
      vertex -4.35455 -2.3 14.85
      vertex -4.86863 -2.3 13.1314
    endloop
  endfacet
  facet normal 0 -1 0
    outer loop
      vertex -4.61436 -2.3 12.8
      vertex -4.35455 -2.3 14.85
      vertex -4.73063 -2.3 12.974
    endloop
  endfacet
  facet normal 0 -1 0
    outer loop
      vertex -2.7091 -2.3 12
      vertex -4.61436 -2.3 12.8
      vertex -4.52179 -2.3 12.6123
    endloop
  endfacet
  facet normal 0 -1 0
    outer loop
      vertex -2.7091 -2.3 12
      vertex -4.52179 -2.3 12.6123
      vertex -4.45452 -2.3 12.4141
    endloop
  endfacet
  facet normal 0 -1 0
    outer loop
      vertex -2.7091 -2.3 12
      vertex -4.45452 -2.3 12.4141
      vertex -4.41369 -2.3 12.2088
    endloop
  endfacet
  facet normal 0 -1 0
    outer loop
      vertex -2.7091 -2.3 12
      vertex -4.41369 -2.3 12.2088
      vertex -4.4 -2.3 12
    endloop
  endfacet
  facet normal 0 -1 0
    outer loop
      vertex -4.61436 -2.3 12.8
      vertex -2.7091 -2.3 12
      vertex -4.35455 -2.3 14.85
    endloop
  endfacet
  facet normal 0 -1 0
    outer loop
      vertex -4.41369 -2.3 11.7912
      vertex -2.7091 -2.3 12
      vertex -4.4 -2.3 12
    endloop
  endfacet
  facet normal 0 -1 0
    outer loop
      vertex -4.45452 -2.3 11.5859
      vertex -2.7091 -2.3 12
      vertex -4.41369 -2.3 11.7912
    endloop
  endfacet
  facet normal 0 -1 0
    outer loop
      vertex -4.52179 -2.3 11.3877
      vertex -2.7091 -2.3 12
      vertex -4.45452 -2.3 11.5859
    endloop
  endfacet
  facet normal 0 -1 0
    outer loop
      vertex -4.61436 -2.3 11.2
      vertex -2.7091 -2.3 12
      vertex -4.52179 -2.3 11.3877
    endloop
  endfacet
  facet normal 0 -1 0
    outer loop
      vertex -4.35455 -2.3 9.15
      vertex -4.61436 -2.3 11.2
      vertex -4.73063 -2.3 11.026
    endloop
  endfacet
  facet normal 0 -1 0
    outer loop
      vertex -4.35455 -2.3 9.15
      vertex -4.73063 -2.3 11.026
      vertex -4.86863 -2.3 10.8686
    endloop
  endfacet
  facet normal 0 -1 0
    outer loop
      vertex -4.35455 -2.3 9.15
      vertex -4.86863 -2.3 10.8686
      vertex -5.02598 -2.3 10.7306
    endloop
  endfacet
  facet normal 0 -1 0
    outer loop
      vertex -4.35455 -2.3 9.15
      vertex -5.02598 -2.3 10.7306
      vertex -5.2 -2.3 10.6144
    endloop
  endfacet
  facet normal 0 -1 0
    outer loop
      vertex -4.35455 -2.3 9.15
      vertex -6 -2.3 10.4
      vertex -7.64545 -2.3 9.15
    endloop
  endfacet
  facet normal 0 -1 0
    outer loop
      vertex -6 -2.3 10.4
      vertex -4.35455 -2.3 9.15
      vertex -5.79116 -2.3 10.4137
    endloop
  endfacet
  facet normal 0 -1 0
    outer loop
      vertex -5.79116 -2.3 10.4137
      vertex -4.35455 -2.3 9.15
      vertex -5.58589 -2.3 10.4545
    endloop
  endfacet
  facet normal 0 -1 0
    outer loop
      vertex -5.58589 -2.3 10.4545
      vertex -4.35455 -2.3 9.15
      vertex -5.38771 -2.3 10.5218
    endloop
  endfacet
  facet normal 0 -1 0
    outer loop
      vertex -5.38771 -2.3 10.5218
      vertex -4.35455 -2.3 9.15
      vertex -5.2 -2.3 10.6144
    endloop
  endfacet
  facet normal 0 -1 0
    outer loop
      vertex -4.61436 -2.3 11.2
      vertex -4.35455 -2.3 9.15
      vertex -2.7091 -2.3 12
    endloop
  endfacet
  facet normal -0.194949 3.3603e-19 0.980813
    outer loop
      vertex 6.20884 5 10.4137
      vertex 6.41411 -2.3 10.4545
      vertex 6.41411 5 10.4545
    endloop
  endfacet
  facet normal -0.194949 3.3603e-19 0.980813
    outer loop
      vertex 6.41411 -2.3 10.4545
      vertex 6.20884 5 10.4137
      vertex 6.20884 -2.3 10.4137
    endloop
  endfacet
  facet normal -0.980791 0 0.195059
    outer loop
      vertex 7.54548 -2.3 11.5859
      vertex 7.58631 5 11.7912
      vertex 7.54548 5 11.5859
    endloop
  endfacet
  facet normal -0.980791 0 0.195059
    outer loop
      vertex 7.58631 5 11.7912
      vertex 7.54548 -2.3 11.5859
      vertex 7.58631 -2.3 11.7912
    endloop
  endfacet
  facet normal -0.997858 0 0.0654247
    outer loop
      vertex 7.58631 -2.3 11.7912
      vertex 7.6 5 12
      vertex 7.58631 5 11.7912
    endloop
  endfacet
  facet normal -0.997858 0 0.0654247
    outer loop
      vertex 7.6 5 12
      vertex 7.58631 -2.3 11.7912
      vertex 7.6 -2.3 12
    endloop
  endfacet
  facet normal -0.946944 0 0.321397
    outer loop
      vertex 7.47821 -2.3 11.3877
      vertex 7.54548 5 11.5859
      vertex 7.47821 5 11.3877
    endloop
  endfacet
  facet normal -0.946944 0 0.321397
    outer loop
      vertex 7.54548 5 11.5859
      vertex 7.47821 -2.3 11.3877
      vertex 7.54548 -2.3 11.5859
    endloop
  endfacet
  facet normal -0.831454 0 0.555593
    outer loop
      vertex 7.26937 -2.3 11.026
      vertex 7.38564 5 11.2
      vertex 7.26937 5 11.026
    endloop
  endfacet
  facet normal -0.831454 0 0.555593
    outer loop
      vertex 7.38564 5 11.2
      vertex 7.26937 -2.3 11.026
      vertex 7.38564 -2.3 11.2
    endloop
  endfacet
  facet normal -0.321555 -1.90666e-19 0.946891
    outer loop
      vertex 6.41411 5 10.4545
      vertex 6.61229 -2.3 10.5218
      vertex 6.61229 5 10.5218
    endloop
  endfacet
  facet normal -0.321555 -1.90666e-19 0.946891
    outer loop
      vertex 6.61229 -2.3 10.5218
      vertex 6.41411 5 10.4545
      vertex 6.41411 -2.3 10.4545
    endloop
  endfacet
  facet normal -0.997858 0 -0.0654247
    outer loop
      vertex 7.6 5 12
      vertex 7.58631 6.2 12.2088
      vertex 7.6 6.2 12
    endloop
  endfacet
  facet normal -0.997858 6.51755e-20 -0.0654247
    outer loop
      vertex 7.58631 -2.3 12.2088
      vertex 7.6 5 12
      vertex 7.6 -2.3 12
    endloop
  endfacet
  facet normal -0.997858 5.59742e-20 -0.0654247
    outer loop
      vertex 7.6 5 12
      vertex 7.58631 -2.3 12.2088
      vertex 7.58631 6.2 12.2088
    endloop
  endfacet
  facet normal 0.555318 -9.067e-19 -0.831638
    outer loop
      vertex 5.02598 -2.3 13.2694
      vertex 5.2 5 13.3856
      vertex 5.2 -2.3 13.3856
    endloop
  endfacet
  facet normal 0.555318 -9.067e-19 -0.831638
    outer loop
      vertex 5.2 5 13.3856
      vertex 5.02598 -2.3 13.2694
      vertex 5.02598 5 13.2694
    endloop
  endfacet
  facet normal 0.321555 -1.90666e-19 -0.946891
    outer loop
      vertex 5.38771 -2.3 13.4782
      vertex 5.58589 5 13.5455
      vertex 5.58589 -2.3 13.5455
    endloop
  endfacet
  facet normal 0.321555 -1.90666e-19 -0.946891
    outer loop
      vertex 5.58589 5 13.5455
      vertex 5.38771 -2.3 13.4782
      vertex 5.38771 5 13.4782
    endloop
  endfacet
  facet normal -0.89686 0 0.442314
    outer loop
      vertex 7.38564 -2.3 11.2
      vertex 7.47821 5 11.3877
      vertex 7.38564 5 11.2
    endloop
  endfacet
  facet normal -0.89686 0 0.442314
    outer loop
      vertex 7.47821 5 11.3877
      vertex 7.38564 -2.3 11.2
      vertex 7.47821 -2.3 11.3877
    endloop
  endfacet
  facet normal 0.321555 1.90666e-19 0.946891
    outer loop
      vertex 5.38771 5 10.5218
      vertex 5.58589 -2.3 10.4545
      vertex 5.58589 5 10.4545
    endloop
  endfacet
  facet normal 0.321555 1.90666e-19 0.946891
    outer loop
      vertex 5.58589 -2.3 10.4545
      vertex 5.38771 5 10.5218
      vertex 5.38771 -2.3 10.5218
    endloop
  endfacet
  facet normal -0.751925 0 0.659248
    outer loop
      vertex 7.13137 -2.3 10.8686
      vertex 7.26937 5 11.026
      vertex 7.13137 5 10.8686
    endloop
  endfacet
  facet normal -0.751925 0 0.659248
    outer loop
      vertex 7.26937 5 11.026
      vertex 7.13137 -2.3 10.8686
      vertex 7.26937 -2.3 11.026
    endloop
  endfacet
  facet normal -0.946944 0 -0.321397
    outer loop
      vertex 7.54548 -2.3 12.4141
      vertex 7.47821 6.2 12.6123
      vertex 7.54548 6.2 12.4141
    endloop
  endfacet
  facet normal -0.946944 -0 -0.321397
    outer loop
      vertex 7.47821 6.2 12.6123
      vertex 7.54548 -2.3 12.4141
      vertex 7.47821 -2.3 12.6123
    endloop
  endfacet
  facet normal 0.751925 0 -0.659248
    outer loop
      vertex 4.86863 -2.3 13.1314
      vertex 4.73063 5 12.974
      vertex 4.86863 5 13.1314
    endloop
  endfacet
  facet normal 0.751925 0 -0.659248
    outer loop
      vertex 4.73063 5 12.974
      vertex 4.86863 -2.3 13.1314
      vertex 4.73063 -2.3 12.974
    endloop
  endfacet
  facet normal -0.980791 0 -0.195059
    outer loop
      vertex 7.58631 -2.3 12.2088
      vertex 7.54548 6.2 12.4141
      vertex 7.58631 6.2 12.2088
    endloop
  endfacet
  facet normal -0.980791 -0 -0.195059
    outer loop
      vertex 7.54548 6.2 12.4141
      vertex 7.58631 -2.3 12.2088
      vertex 7.54548 -2.3 12.4141
    endloop
  endfacet
  facet normal 0.659367 3.9862e-19 0.751821
    outer loop
      vertex 4.86863 5 10.8686
      vertex 5.02598 -2.3 10.7306
      vertex 5.02598 5 10.7306
    endloop
  endfacet
  facet normal 0.659367 3.9862e-19 0.751821
    outer loop
      vertex 5.02598 -2.3 10.7306
      vertex 4.86863 5 10.8686
      vertex 4.86863 -2.3 10.8686
    endloop
  endfacet
  facet normal 0.946944 0 -0.321397
    outer loop
      vertex 4.52179 -2.3 12.6123
      vertex 4.45452 5 12.4141
      vertex 4.52179 5 12.6123
    endloop
  endfacet
  facet normal 0.946944 0 -0.321397
    outer loop
      vertex 4.45452 5 12.4141
      vertex 4.52179 -2.3 12.6123
      vertex 4.45452 -2.3 12.4141
    endloop
  endfacet
  facet normal -0.831454 0 -0.555593
    outer loop
      vertex 7.38564 -2.3 12.8
      vertex 7.26937 6.2 12.974
      vertex 7.38564 6.2 12.8
    endloop
  endfacet
  facet normal -0.831454 -0 -0.555593
    outer loop
      vertex 7.26937 6.2 12.974
      vertex 7.38564 -2.3 12.8
      vertex 7.26937 -2.3 12.974
    endloop
  endfacet
  facet normal -0.44241 6.6845e-19 0.896813
    outer loop
      vertex 6.61229 5 10.5218
      vertex 6.8 -2.3 10.6144
      vertex 6.8 5 10.6144
    endloop
  endfacet
  facet normal -0.44241 6.6845e-19 0.896813
    outer loop
      vertex 6.8 -2.3 10.6144
      vertex 6.61229 5 10.5218
      vertex 6.61229 -2.3 10.5218
    endloop
  endfacet
  facet normal 0.44241 -6.6845e-19 0.896813
    outer loop
      vertex 5.2 5 10.6144
      vertex 5.38771 -2.3 10.5218
      vertex 5.38771 5 10.5218
    endloop
  endfacet
  facet normal 0.44241 -6.6845e-19 0.896813
    outer loop
      vertex 5.38771 -2.3 10.5218
      vertex 5.2 5 10.6144
      vertex 5.2 -2.3 10.6144
    endloop
  endfacet
  facet normal -0.44241 -5.74081e-19 -0.896813
    outer loop
      vertex 6.61229 -2.3 13.4782
      vertex 6.8 6.2 13.3856
      vertex 6.8 -2.3 13.3856
    endloop
  endfacet
  facet normal -0.44241 -5.74081e-19 -0.896813
    outer loop
      vertex 6.8 6.2 13.3856
      vertex 6.61229 -2.3 13.4782
      vertex 6.61229 6.2 13.4782
    endloop
  endfacet
  facet normal -0.321555 1.63748e-19 -0.946891
    outer loop
      vertex 6.41411 -2.3 13.5455
      vertex 6.61229 6.2 13.4782
      vertex 6.61229 -2.3 13.4782
    endloop
  endfacet
  facet normal -0.321555 1.63748e-19 -0.946891
    outer loop
      vertex 6.61229 6.2 13.4782
      vertex 6.41411 -2.3 13.5455
      vertex 6.41411 6.2 13.5455
    endloop
  endfacet
  facet normal 0.980791 0 -0.195059
    outer loop
      vertex 4.45452 -2.3 12.4141
      vertex 4.41369 5 12.2088
      vertex 4.45452 5 12.4141
    endloop
  endfacet
  facet normal 0.980791 0 -0.195059
    outer loop
      vertex 4.41369 5 12.2088
      vertex 4.45452 -2.3 12.4141
      vertex 4.41369 -2.3 12.2088
    endloop
  endfacet
  facet normal 0.555318 9.067e-19 0.831638
    outer loop
      vertex 5.02598 5 10.7306
      vertex 5.2 -2.3 10.6144
      vertex 5.2 5 10.6144
    endloop
  endfacet
  facet normal 0.555318 9.067e-19 0.831638
    outer loop
      vertex 5.2 -2.3 10.6144
      vertex 5.02598 5 10.7306
      vertex 5.02598 -2.3 10.7306
    endloop
  endfacet
  facet normal -0.555318 7.78695e-19 -0.831638
    outer loop
      vertex 6.8 -2.3 13.3856
      vertex 6.97402 6.2 13.2694
      vertex 6.97402 -2.3 13.2694
    endloop
  endfacet
  facet normal -0.555318 7.78695e-19 -0.831638
    outer loop
      vertex 6.97402 6.2 13.2694
      vertex 6.8 -2.3 13.3856
      vertex 6.8 6.2 13.3856
    endloop
  endfacet
  facet normal -0.194949 -2.88591e-19 -0.980813
    outer loop
      vertex 6.20884 -2.3 13.5863
      vertex 6.41411 6.2 13.5455
      vertex 6.41411 -2.3 13.5455
    endloop
  endfacet
  facet normal -0.194949 -2.88591e-19 -0.980813
    outer loop
      vertex 6.41411 6.2 13.5455
      vertex 6.20884 -2.3 13.5863
      vertex 6.20884 6.2 13.5863
    endloop
  endfacet
  facet normal -0.659367 -3.9862e-19 0.751821
    outer loop
      vertex 6.97402 5 10.7306
      vertex 7.13137 -2.3 10.8686
      vertex 7.13137 5 10.8686
    endloop
  endfacet
  facet normal -0.659367 -3.9862e-19 0.751821
    outer loop
      vertex 7.13137 -2.3 10.8686
      vertex 6.97402 5 10.7306
      vertex 6.97402 -2.3 10.7306
    endloop
  endfacet
  facet normal 0.946944 -0 0.321397
    outer loop
      vertex 4.45452 -2.3 11.5859
      vertex 4.52179 5 11.3877
      vertex 4.45452 5 11.5859
    endloop
  endfacet
  facet normal 0.946944 0 0.321397
    outer loop
      vertex 4.52179 5 11.3877
      vertex 4.45452 -2.3 11.5859
      vertex 4.52179 -2.3 11.3877
    endloop
  endfacet
  facet normal 0.0654598 8.37775e-20 0.997855
    outer loop
      vertex 5.79116 5 10.4137
      vertex 6 -2.3 10.4
      vertex 6 5 10.4
    endloop
  endfacet
  facet normal 0.0654598 8.37775e-20 0.997855
    outer loop
      vertex 6 -2.3 10.4
      vertex 5.79116 5 10.4137
      vertex 5.79116 -2.3 10.4137
    endloop
  endfacet
  facet normal -0.0654598 -0 -0.997855
    outer loop
      vertex 6 5 13.6
      vertex 6.20884 -2.3 13.5863
      vertex 6 -2.3 13.6
    endloop
  endfacet
  facet normal -0.0654598 0 -0.997855
    outer loop
      vertex 6.20884 -2.3 13.5863
      vertex 6 5 13.6
      vertex 6.20884 6.2 13.5863
    endloop
  endfacet
  facet normal -0.0654598 5.09647e-19 -0.997855
    outer loop
      vertex 6.20884 6.2 13.5863
      vertex 6 5 13.6
      vertex 6 6.2 13.6
    endloop
  endfacet
  facet normal 0.194949 -3.3603e-19 0.980813
    outer loop
      vertex 5.58589 5 10.4545
      vertex 5.79116 -2.3 10.4137
      vertex 5.79116 5 10.4137
    endloop
  endfacet
  facet normal 0.194949 -3.3603e-19 0.980813
    outer loop
      vertex 5.79116 -2.3 10.4137
      vertex 5.58589 5 10.4545
      vertex 5.58589 -2.3 10.4545
    endloop
  endfacet
  facet normal 0.659367 -3.9862e-19 -0.751821
    outer loop
      vertex 4.86863 -2.3 13.1314
      vertex 5.02598 5 13.2694
      vertex 5.02598 -2.3 13.2694
    endloop
  endfacet
  facet normal 0.659367 -3.9862e-19 -0.751821
    outer loop
      vertex 5.02598 5 13.2694
      vertex 4.86863 -2.3 13.1314
      vertex 4.86863 5 13.1314
    endloop
  endfacet
  facet normal 0.89686 -0 0.442314
    outer loop
      vertex 4.52179 -2.3 11.3877
      vertex 4.61436 5 11.2
      vertex 4.52179 5 11.3877
    endloop
  endfacet
  facet normal 0.89686 0 0.442314
    outer loop
      vertex 4.61436 5 11.2
      vertex 4.52179 -2.3 11.3877
      vertex 4.61436 -2.3 11.2
    endloop
  endfacet
  facet normal -0.89686 0 -0.442314
    outer loop
      vertex 7.47821 -2.3 12.6123
      vertex 7.38564 6.2 12.8
      vertex 7.47821 6.2 12.6123
    endloop
  endfacet
  facet normal -0.89686 -0 -0.442314
    outer loop
      vertex 7.38564 6.2 12.8
      vertex 7.47821 -2.3 12.6123
      vertex 7.38564 -2.3 12.8
    endloop
  endfacet
  facet normal -0.751925 0 -0.659248
    outer loop
      vertex 7.26937 -2.3 12.974
      vertex 7.13137 6.2 13.1314
      vertex 7.26937 6.2 12.974
    endloop
  endfacet
  facet normal -0.751925 -0 -0.659248
    outer loop
      vertex 7.13137 6.2 13.1314
      vertex 7.26937 -2.3 12.974
      vertex 7.13137 -2.3 13.1314
    endloop
  endfacet
  facet normal 0.0654598 -8.37775e-20 -0.997855
    outer loop
      vertex 5.79116 -2.3 13.5863
      vertex 6 5 13.6
      vertex 6 -2.3 13.6
    endloop
  endfacet
  facet normal 0.0654598 -8.37775e-20 -0.997855
    outer loop
      vertex 6 5 13.6
      vertex 5.79116 -2.3 13.5863
      vertex 5.79116 5 13.5863
    endloop
  endfacet
  facet normal -0.0654598 -8.37775e-20 0.997855
    outer loop
      vertex 6 5 10.4
      vertex 6.20884 -2.3 10.4137
      vertex 6.20884 5 10.4137
    endloop
  endfacet
  facet normal -0.0654598 -8.37775e-20 0.997855
    outer loop
      vertex 6.20884 -2.3 10.4137
      vertex 6 5 10.4
      vertex 6 -2.3 10.4
    endloop
  endfacet
  facet normal -0.555318 -9.067e-19 0.831638
    outer loop
      vertex 6.8 5 10.6144
      vertex 6.97402 -2.3 10.7306
      vertex 6.97402 5 10.7306
    endloop
  endfacet
  facet normal -0.555318 -9.067e-19 0.831638
    outer loop
      vertex 6.97402 -2.3 10.7306
      vertex 6.8 5 10.6144
      vertex 6.8 -2.3 10.6144
    endloop
  endfacet
  facet normal 0.997858 0 -0.0654247
    outer loop
      vertex 4.41369 -2.3 12.2088
      vertex 4.4 5 12
      vertex 4.41369 5 12.2088
    endloop
  endfacet
  facet normal 0.997858 0 -0.0654247
    outer loop
      vertex 4.4 5 12
      vertex 4.41369 -2.3 12.2088
      vertex 4.4 -2.3 12
    endloop
  endfacet
  facet normal 0.751925 -0 0.659248
    outer loop
      vertex 4.73063 -2.3 11.026
      vertex 4.86863 5 10.8686
      vertex 4.73063 5 11.026
    endloop
  endfacet
  facet normal 0.751925 0 0.659248
    outer loop
      vertex 4.86863 5 10.8686
      vertex 4.73063 -2.3 11.026
      vertex 4.86863 -2.3 10.8686
    endloop
  endfacet
  facet normal 0.194949 3.3603e-19 -0.980813
    outer loop
      vertex 5.58589 -2.3 13.5455
      vertex 5.79116 5 13.5863
      vertex 5.79116 -2.3 13.5863
    endloop
  endfacet
  facet normal 0.194949 3.3603e-19 -0.980813
    outer loop
      vertex 5.79116 5 13.5863
      vertex 5.58589 -2.3 13.5455
      vertex 5.58589 5 13.5455
    endloop
  endfacet
  facet normal 0.980791 -0 0.195059
    outer loop
      vertex 4.41369 -2.3 11.7912
      vertex 4.45452 5 11.5859
      vertex 4.41369 5 11.7912
    endloop
  endfacet
  facet normal 0.980791 0 0.195059
    outer loop
      vertex 4.45452 5 11.5859
      vertex 4.41369 -2.3 11.7912
      vertex 4.45452 -2.3 11.5859
    endloop
  endfacet
  facet normal 0.997858 -0 0.0654247
    outer loop
      vertex 4.4 -2.3 12
      vertex 4.41369 5 11.7912
      vertex 4.4 5 12
    endloop
  endfacet
  facet normal 0.997858 0 0.0654247
    outer loop
      vertex 4.41369 5 11.7912
      vertex 4.4 -2.3 12
      vertex 4.41369 -2.3 11.7912
    endloop
  endfacet
  facet normal 0.44241 6.6845e-19 -0.896813
    outer loop
      vertex 5.2 -2.3 13.3856
      vertex 5.38771 5 13.4782
      vertex 5.38771 -2.3 13.4782
    endloop
  endfacet
  facet normal 0.44241 6.6845e-19 -0.896813
    outer loop
      vertex 5.38771 5 13.4782
      vertex 5.2 -2.3 13.3856
      vertex 5.2 5 13.3856
    endloop
  endfacet
  facet normal -0.659367 3.42345e-19 -0.751821
    outer loop
      vertex 6.97402 -2.3 13.2694
      vertex 7.13137 6.2 13.1314
      vertex 7.13137 -2.3 13.1314
    endloop
  endfacet
  facet normal -0.659367 3.42345e-19 -0.751821
    outer loop
      vertex 7.13137 6.2 13.1314
      vertex 6.97402 -2.3 13.2694
      vertex 6.97402 6.2 13.2694
    endloop
  endfacet
  facet normal 0.831454 -0 0.555593
    outer loop
      vertex 4.61436 -2.3 11.2
      vertex 4.73063 5 11.026
      vertex 4.61436 5 11.2
    endloop
  endfacet
  facet normal 0.831454 0 0.555593
    outer loop
      vertex 4.73063 5 11.026
      vertex 4.61436 -2.3 11.2
      vertex 4.73063 -2.3 11.026
    endloop
  endfacet
  facet normal 0.831454 0 -0.555593
    outer loop
      vertex 4.73063 -2.3 12.974
      vertex 4.61436 5 12.8
      vertex 4.73063 5 12.974
    endloop
  endfacet
  facet normal 0.831454 0 -0.555593
    outer loop
      vertex 4.61436 5 12.8
      vertex 4.73063 -2.3 12.974
      vertex 4.61436 -2.3 12.8
    endloop
  endfacet
  facet normal 0.89686 0 -0.442314
    outer loop
      vertex 4.61436 -2.3 12.8
      vertex 4.52179 5 12.6123
      vertex 4.61436 5 12.8
    endloop
  endfacet
  facet normal 0.89686 0 -0.442314
    outer loop
      vertex 4.52179 5 12.6123
      vertex 4.61436 -2.3 12.8
      vertex 4.52179 -2.3 12.6123
    endloop
  endfacet
  facet normal 0 0 -1
    outer loop
      vertex 4.35455 -5 14.85
      vertex 7.64545 -2.3 14.85
      vertex 7.64545 -5 14.85
    endloop
  endfacet
  facet normal -0 0 -1
    outer loop
      vertex 7.64545 -2.3 14.85
      vertex 4.35455 -5 14.85
      vertex 4.35455 -2.3 14.85
    endloop
  endfacet
  facet normal -0.866025 0 -0.5
    outer loop
      vertex 9.2909 -5 12
      vertex 7.64545 -2.3 14.85
      vertex 9.2909 -2.3 12
    endloop
  endfacet
  facet normal -0.866025 -0 -0.5
    outer loop
      vertex 7.64545 -2.3 14.85
      vertex 9.2909 -5 12
      vertex 7.64545 -5 14.85
    endloop
  endfacet
  facet normal -0 0 1
    outer loop
      vertex 4.35455 -2.3 9.15
      vertex 7.64545 -5 9.15
      vertex 7.64545 -2.3 9.15
    endloop
  endfacet
  facet normal 0 0 1
    outer loop
      vertex 7.64545 -5 9.15
      vertex 4.35455 -2.3 9.15
      vertex 4.35455 -5 9.15
    endloop
  endfacet
  facet normal -0.866025 0 0.5
    outer loop
      vertex 7.64545 -5 9.15
      vertex 9.2909 -2.3 12
      vertex 7.64545 -2.3 9.15
    endloop
  endfacet
  facet normal -0.866025 0 0.5
    outer loop
      vertex 9.2909 -2.3 12
      vertex 7.64545 -5 9.15
      vertex 9.2909 -5 12
    endloop
  endfacet
  facet normal 0.866025 -0 0.5
    outer loop
      vertex 2.7091 -5 12
      vertex 4.35455 -2.3 9.15
      vertex 2.7091 -2.3 12
    endloop
  endfacet
  facet normal 0.866025 0 0.5
    outer loop
      vertex 4.35455 -2.3 9.15
      vertex 2.7091 -5 12
      vertex 4.35455 -5 9.15
    endloop
  endfacet
  facet normal 0.866025 0 -0.5
    outer loop
      vertex 4.35455 -5 14.85
      vertex 2.7091 -2.3 12
      vertex 4.35455 -2.3 14.85
    endloop
  endfacet
  facet normal 0.866025 0 -0.5
    outer loop
      vertex 2.7091 -2.3 12
      vertex 4.35455 -5 14.85
      vertex 2.7091 -5 12
    endloop
  endfacet
  facet normal 0 -1 0
    outer loop
      vertex 4.35455 -2.3 14.85
      vertex 6 -2.3 13.6
      vertex 7.64545 -2.3 14.85
    endloop
  endfacet
  facet normal 0 -1 0
    outer loop
      vertex 4.35455 -2.3 14.85
      vertex 5.79116 -2.3 13.5863
      vertex 6 -2.3 13.6
    endloop
  endfacet
  facet normal 0 -1 0
    outer loop
      vertex 4.35455 -2.3 14.85
      vertex 5.58589 -2.3 13.5455
      vertex 5.79116 -2.3 13.5863
    endloop
  endfacet
  facet normal 0 -1 0
    outer loop
      vertex 4.35455 -2.3 14.85
      vertex 5.38771 -2.3 13.4782
      vertex 5.58589 -2.3 13.5455
    endloop
  endfacet
  facet normal 0 -1 0
    outer loop
      vertex 4.35455 -2.3 14.85
      vertex 5.2 -2.3 13.3856
      vertex 5.38771 -2.3 13.4782
    endloop
  endfacet
  facet normal 0 -1 0
    outer loop
      vertex 4.35455 -2.3 14.85
      vertex 5.02598 -2.3 13.2694
      vertex 5.2 -2.3 13.3856
    endloop
  endfacet
  facet normal 0 -1 0
    outer loop
      vertex 4.35455 -2.3 14.85
      vertex 4.86863 -2.3 13.1314
      vertex 5.02598 -2.3 13.2694
    endloop
  endfacet
  facet normal 0 -1 0
    outer loop
      vertex 4.35455 -2.3 14.85
      vertex 4.73063 -2.3 12.974
      vertex 4.86863 -2.3 13.1314
    endloop
  endfacet
  facet normal 0 -1 0
    outer loop
      vertex 4.35455 -2.3 14.85
      vertex 4.61436 -2.3 12.8
      vertex 4.73063 -2.3 12.974
    endloop
  endfacet
  facet normal 0 -1 0
    outer loop
      vertex 2.7091 -2.3 12
      vertex 4.61436 -2.3 12.8
      vertex 4.35455 -2.3 14.85
    endloop
  endfacet
  facet normal 0 -1 0
    outer loop
      vertex 4.61436 -2.3 12.8
      vertex 2.7091 -2.3 12
      vertex 4.52179 -2.3 12.6123
    endloop
  endfacet
  facet normal 0 -1 0
    outer loop
      vertex 4.52179 -2.3 12.6123
      vertex 2.7091 -2.3 12
      vertex 4.45452 -2.3 12.4141
    endloop
  endfacet
  facet normal 0 -1 0
    outer loop
      vertex 4.45452 -2.3 12.4141
      vertex 2.7091 -2.3 12
      vertex 4.41369 -2.3 12.2088
    endloop
  endfacet
  facet normal 0 -1 0
    outer loop
      vertex 2.7091 -2.3 12
      vertex 4.4 -2.3 12
      vertex 4.41369 -2.3 12.2088
    endloop
  endfacet
  facet normal 0 -1 0
    outer loop
      vertex 2.7091 -2.3 12
      vertex 4.41369 -2.3 11.7912
      vertex 4.4 -2.3 12
    endloop
  endfacet
  facet normal 0 -1 0
    outer loop
      vertex 2.7091 -2.3 12
      vertex 4.45452 -2.3 11.5859
      vertex 4.41369 -2.3 11.7912
    endloop
  endfacet
  facet normal 0 -1 0
    outer loop
      vertex 2.7091 -2.3 12
      vertex 4.52179 -2.3 11.3877
      vertex 4.45452 -2.3 11.5859
    endloop
  endfacet
  facet normal 0 -1 0
    outer loop
      vertex 2.7091 -2.3 12
      vertex 4.61436 -2.3 11.2
      vertex 4.52179 -2.3 11.3877
    endloop
  endfacet
  facet normal 0 -1 0
    outer loop
      vertex 4.35455 -2.3 9.15
      vertex 4.61436 -2.3 11.2
      vertex 2.7091 -2.3 12
    endloop
  endfacet
  facet normal 0 -1 -0
    outer loop
      vertex 4.61436 -2.3 11.2
      vertex 4.35455 -2.3 9.15
      vertex 4.73063 -2.3 11.026
    endloop
  endfacet
  facet normal 0 -1 -0
    outer loop
      vertex 4.73063 -2.3 11.026
      vertex 4.35455 -2.3 9.15
      vertex 4.86863 -2.3 10.8686
    endloop
  endfacet
  facet normal 0 -1 -0
    outer loop
      vertex 4.86863 -2.3 10.8686
      vertex 4.35455 -2.3 9.15
      vertex 5.02598 -2.3 10.7306
    endloop
  endfacet
  facet normal 0 -1 -0
    outer loop
      vertex 5.79116 -2.3 10.4137
      vertex 4.35455 -2.3 9.15
      vertex 6 -2.3 10.4
    endloop
  endfacet
  facet normal 0 -1 -0
    outer loop
      vertex 5.58589 -2.3 10.4545
      vertex 4.35455 -2.3 9.15
      vertex 5.79116 -2.3 10.4137
    endloop
  endfacet
  facet normal 0 -1 -0
    outer loop
      vertex 5.38771 -2.3 10.5218
      vertex 4.35455 -2.3 9.15
      vertex 5.58589 -2.3 10.4545
    endloop
  endfacet
  facet normal 0 -1 -0
    outer loop
      vertex 5.2 -2.3 10.6144
      vertex 4.35455 -2.3 9.15
      vertex 5.38771 -2.3 10.5218
    endloop
  endfacet
  facet normal 0 -1 -0
    outer loop
      vertex 5.02598 -2.3 10.7306
      vertex 4.35455 -2.3 9.15
      vertex 5.2 -2.3 10.6144
    endloop
  endfacet
  facet normal 0 -1 0
    outer loop
      vertex 6.20884 -2.3 13.5863
      vertex 7.64545 -2.3 14.85
      vertex 6 -2.3 13.6
    endloop
  endfacet
  facet normal 0 -1 0
    outer loop
      vertex 6.41411 -2.3 13.5455
      vertex 7.64545 -2.3 14.85
      vertex 6.20884 -2.3 13.5863
    endloop
  endfacet
  facet normal 0 -1 0
    outer loop
      vertex 6.61229 -2.3 13.4782
      vertex 7.64545 -2.3 14.85
      vertex 6.41411 -2.3 13.5455
    endloop
  endfacet
  facet normal 0 -1 0
    outer loop
      vertex 6.8 -2.3 13.3856
      vertex 7.64545 -2.3 14.85
      vertex 6.61229 -2.3 13.4782
    endloop
  endfacet
  facet normal 0 -1 0
    outer loop
      vertex 6.97402 -2.3 13.2694
      vertex 7.64545 -2.3 14.85
      vertex 6.8 -2.3 13.3856
    endloop
  endfacet
  facet normal 0 -1 0
    outer loop
      vertex 7.13137 -2.3 13.1314
      vertex 7.64545 -2.3 14.85
      vertex 6.97402 -2.3 13.2694
    endloop
  endfacet
  facet normal 0 -1 0
    outer loop
      vertex 7.26937 -2.3 12.974
      vertex 7.64545 -2.3 14.85
      vertex 7.13137 -2.3 13.1314
    endloop
  endfacet
  facet normal 0 -1 0
    outer loop
      vertex 7.38564 -2.3 12.8
      vertex 7.64545 -2.3 14.85
      vertex 7.26937 -2.3 12.974
    endloop
  endfacet
  facet normal 0 -1 0
    outer loop
      vertex 9.2909 -2.3 12
      vertex 7.38564 -2.3 12.8
      vertex 7.47821 -2.3 12.6123
    endloop
  endfacet
  facet normal 0 -1 0
    outer loop
      vertex 9.2909 -2.3 12
      vertex 7.47821 -2.3 12.6123
      vertex 7.54548 -2.3 12.4141
    endloop
  endfacet
  facet normal 0 -1 0
    outer loop
      vertex 9.2909 -2.3 12
      vertex 7.54548 -2.3 12.4141
      vertex 7.58631 -2.3 12.2088
    endloop
  endfacet
  facet normal 0 -1 0
    outer loop
      vertex 9.2909 -2.3 12
      vertex 7.58631 -2.3 12.2088
      vertex 7.6 -2.3 12
    endloop
  endfacet
  facet normal 0 -1 0
    outer loop
      vertex 7.38564 -2.3 12.8
      vertex 9.2909 -2.3 12
      vertex 7.64545 -2.3 14.85
    endloop
  endfacet
  facet normal 0 -1 0
    outer loop
      vertex 7.58631 -2.3 11.7912
      vertex 9.2909 -2.3 12
      vertex 7.6 -2.3 12
    endloop
  endfacet
  facet normal 0 -1 0
    outer loop
      vertex 7.54548 -2.3 11.5859
      vertex 9.2909 -2.3 12
      vertex 7.58631 -2.3 11.7912
    endloop
  endfacet
  facet normal 0 -1 0
    outer loop
      vertex 7.47821 -2.3 11.3877
      vertex 9.2909 -2.3 12
      vertex 7.54548 -2.3 11.5859
    endloop
  endfacet
  facet normal 0 -1 0
    outer loop
      vertex 7.38564 -2.3 11.2
      vertex 9.2909 -2.3 12
      vertex 7.47821 -2.3 11.3877
    endloop
  endfacet
  facet normal 0 -1 0
    outer loop
      vertex 7.64545 -2.3 9.15
      vertex 7.38564 -2.3 11.2
      vertex 7.26937 -2.3 11.026
    endloop
  endfacet
  facet normal 0 -1 0
    outer loop
      vertex 7.64545 -2.3 9.15
      vertex 7.26937 -2.3 11.026
      vertex 7.13137 -2.3 10.8686
    endloop
  endfacet
  facet normal 0 -1 0
    outer loop
      vertex 7.64545 -2.3 9.15
      vertex 7.13137 -2.3 10.8686
      vertex 6.97402 -2.3 10.7306
    endloop
  endfacet
  facet normal 0 -1 0
    outer loop
      vertex 7.64545 -2.3 9.15
      vertex 6.97402 -2.3 10.7306
      vertex 6.8 -2.3 10.6144
    endloop
  endfacet
  facet normal 0 -1 0
    outer loop
      vertex 7.64545 -2.3 9.15
      vertex 6 -2.3 10.4
      vertex 4.35455 -2.3 9.15
    endloop
  endfacet
  facet normal 0 -1 0
    outer loop
      vertex 6 -2.3 10.4
      vertex 7.64545 -2.3 9.15
      vertex 6.20884 -2.3 10.4137
    endloop
  endfacet
  facet normal 0 -1 0
    outer loop
      vertex 6.20884 -2.3 10.4137
      vertex 7.64545 -2.3 9.15
      vertex 6.41411 -2.3 10.4545
    endloop
  endfacet
  facet normal 0 -1 0
    outer loop
      vertex 6.41411 -2.3 10.4545
      vertex 7.64545 -2.3 9.15
      vertex 6.61229 -2.3 10.5218
    endloop
  endfacet
  facet normal 0 -1 0
    outer loop
      vertex 6.61229 -2.3 10.5218
      vertex 7.64545 -2.3 9.15
      vertex 6.8 -2.3 10.6144
    endloop
  endfacet
  facet normal 0 -1 0
    outer loop
      vertex 7.38564 -2.3 11.2
      vertex 7.64545 -2.3 9.15
      vertex 9.2909 -2.3 12
    endloop
  endfacet
  facet normal -0.194949 3.56014e-19 0.980813
    outer loop
      vertex -5.79116 5 74.6637
      vertex -5.58589 -2.3 74.7045
      vertex -5.58589 5 74.7045
    endloop
  endfacet
  facet normal -0.194949 3.56014e-19 0.980813
    outer loop
      vertex -5.58589 -2.3 74.7045
      vertex -5.79116 5 74.6637
      vertex -5.79116 -2.3 74.6637
    endloop
  endfacet
  facet normal -0.980791 0 0.195059
    outer loop
      vertex -4.45452 -2.3 75.8359
      vertex -4.41369 5 76.0412
      vertex -4.45452 5 75.8359
    endloop
  endfacet
  facet normal -0.980791 0 0.195059
    outer loop
      vertex -4.41369 5 76.0412
      vertex -4.45452 -2.3 75.8359
      vertex -4.41369 -2.3 76.0412
    endloop
  endfacet
  facet normal -0.997858 0 0.0654247
    outer loop
      vertex -4.41369 -2.3 76.0412
      vertex -4.4 5 76.25
      vertex -4.41369 5 76.0412
    endloop
  endfacet
  facet normal -0.997858 0 0.0654247
    outer loop
      vertex -4.4 5 76.25
      vertex -4.41369 -2.3 76.0412
      vertex -4.4 -2.3 76.25
    endloop
  endfacet
  facet normal -0.946944 0 0.321397
    outer loop
      vertex -4.52179 -2.3 75.6377
      vertex -4.45452 5 75.8359
      vertex -4.52179 5 75.6377
    endloop
  endfacet
  facet normal -0.946944 0 0.321397
    outer loop
      vertex -4.45452 5 75.8359
      vertex -4.52179 -2.3 75.6377
      vertex -4.45452 -2.3 75.8359
    endloop
  endfacet
  facet normal -0.831454 0 0.555593
    outer loop
      vertex -4.73063 -2.3 75.276
      vertex -4.61436 5 75.45
      vertex -4.73063 5 75.276
    endloop
  endfacet
  facet normal -0.831454 0 0.555593
    outer loop
      vertex -4.61436 5 75.45
      vertex -4.73063 -2.3 75.276
      vertex -4.61436 -2.3 75.45
    endloop
  endfacet
  facet normal -0.321555 -2.62968e-19 0.946891
    outer loop
      vertex -5.58589 5 74.7045
      vertex -5.38771 -2.3 74.7718
      vertex -5.38771 5 74.7718
    endloop
  endfacet
  facet normal -0.321555 -2.62968e-19 0.946891
    outer loop
      vertex -5.38771 -2.3 74.7718
      vertex -5.58589 5 74.7045
      vertex -5.58589 -2.3 74.7045
    endloop
  endfacet
  facet normal -0.997858 0 -0.0654247
    outer loop
      vertex -4.4 -2.3 76.25
      vertex -4.41369 5 76.4588
      vertex -4.4 5 76.25
    endloop
  endfacet
  facet normal -0.997858 -0 -0.0654247
    outer loop
      vertex -4.41369 5 76.4588
      vertex -4.4 -2.3 76.25
      vertex -4.41369 -2.3 76.4588
    endloop
  endfacet
  facet normal 0.555318 2.48933e-19 -0.831638
    outer loop
      vertex -6.97402 -2.3 77.5194
      vertex -6.8 5 77.6356
      vertex -6.8 -2.3 77.6356
    endloop
  endfacet
  facet normal 0.555318 2.48933e-19 -0.831638
    outer loop
      vertex -6.8 5 77.6356
      vertex -6.97402 -2.3 77.5194
      vertex -6.97402 5 77.5194
    endloop
  endfacet
  facet normal 0.321555 -2.62968e-19 -0.946891
    outer loop
      vertex -6.61229 -2.3 77.7282
      vertex -6.41411 5 77.7955
      vertex -6.41411 -2.3 77.7955
    endloop
  endfacet
  facet normal 0.321555 -2.62968e-19 -0.946891
    outer loop
      vertex -6.41411 5 77.7955
      vertex -6.61229 -2.3 77.7282
      vertex -6.61229 5 77.7282
    endloop
  endfacet
  facet normal -0.89686 0 0.442314
    outer loop
      vertex -4.61436 -2.3 75.45
      vertex -4.52179 5 75.6377
      vertex -4.61436 5 75.45
    endloop
  endfacet
  facet normal -0.89686 0 0.442314
    outer loop
      vertex -4.52179 5 75.6377
      vertex -4.61436 -2.3 75.45
      vertex -4.52179 -2.3 75.6377
    endloop
  endfacet
  facet normal 0.321555 2.25843e-19 0.946891
    outer loop
      vertex -6.61229 6.2 74.7718
      vertex -6.41411 -2.3 74.7045
      vertex -6.41411 6.2 74.7045
    endloop
  endfacet
  facet normal 0.321555 2.25843e-19 0.946891
    outer loop
      vertex -6.41411 -2.3 74.7045
      vertex -6.61229 6.2 74.7718
      vertex -6.61229 -2.3 74.7718
    endloop
  endfacet
  facet normal -0.751925 0 0.659248
    outer loop
      vertex -4.86863 -2.3 75.1186
      vertex -4.73063 5 75.276
      vertex -4.86863 5 75.1186
    endloop
  endfacet
  facet normal -0.751925 0 0.659248
    outer loop
      vertex -4.73063 5 75.276
      vertex -4.86863 -2.3 75.1186
      vertex -4.73063 -2.3 75.276
    endloop
  endfacet
  facet normal -0.946944 0 -0.321397
    outer loop
      vertex -4.45452 -2.3 76.6641
      vertex -4.52179 5 76.8623
      vertex -4.45452 5 76.6641
    endloop
  endfacet
  facet normal -0.946944 -0 -0.321397
    outer loop
      vertex -4.52179 5 76.8623
      vertex -4.45452 -2.3 76.6641
      vertex -4.52179 -2.3 76.8623
    endloop
  endfacet
  facet normal 0.751925 0 -0.659248
    outer loop
      vertex -7.13137 -2.3 77.3814
      vertex -7.26937 5 77.224
      vertex -7.13137 5 77.3814
    endloop
  endfacet
  facet normal 0.751925 0 -0.659248
    outer loop
      vertex -7.26937 5 77.224
      vertex -7.13137 -2.3 77.3814
      vertex -7.26937 -2.3 77.224
    endloop
  endfacet
  facet normal -0.980791 0 -0.195059
    outer loop
      vertex -4.41369 -2.3 76.4588
      vertex -4.45452 5 76.6641
      vertex -4.41369 5 76.4588
    endloop
  endfacet
  facet normal -0.980791 -0 -0.195059
    outer loop
      vertex -4.45452 5 76.6641
      vertex -4.41369 -2.3 76.4588
      vertex -4.45452 -2.3 76.6641
    endloop
  endfacet
  facet normal 0.659367 9.47701e-19 0.751821
    outer loop
      vertex -7.13137 6.2 75.1186
      vertex -6.97402 -2.3 74.9806
      vertex -6.97402 6.2 74.9806
    endloop
  endfacet
  facet normal 0.659367 9.47701e-19 0.751821
    outer loop
      vertex -6.97402 -2.3 74.9806
      vertex -7.13137 6.2 75.1186
      vertex -7.13137 -2.3 75.1186
    endloop
  endfacet
  facet normal 0.946944 0 -0.321397
    outer loop
      vertex -7.47821 -2.3 76.8623
      vertex -7.54548 5 76.6641
      vertex -7.47821 5 76.8623
    endloop
  endfacet
  facet normal 0.946944 0 -0.321397
    outer loop
      vertex -7.54548 5 76.6641
      vertex -7.47821 -2.3 76.8623
      vertex -7.54548 -2.3 76.6641
    endloop
  endfacet
  facet normal -0.831454 0 -0.555593
    outer loop
      vertex -4.61436 -2.3 77.05
      vertex -4.73063 5 77.224
      vertex -4.61436 5 77.05
    endloop
  endfacet
  facet normal -0.831454 -0 -0.555593
    outer loop
      vertex -4.73063 5 77.224
      vertex -4.61436 -2.3 77.05
      vertex -4.73063 -2.3 77.224
    endloop
  endfacet
  facet normal -0.44241 -8.69784e-19 0.896813
    outer loop
      vertex -5.38771 5 74.7718
      vertex -5.2 -2.3 74.8644
      vertex -5.2 5 74.8644
    endloop
  endfacet
  facet normal -0.44241 -8.69784e-19 0.896813
    outer loop
      vertex -5.2 -2.3 74.8644
      vertex -5.38771 5 74.7718
      vertex -5.38771 -2.3 74.7718
    endloop
  endfacet
  facet normal 0.44241 7.46991e-19 0.896813
    outer loop
      vertex -6.8 6.2 74.8644
      vertex -6.61229 -2.3 74.7718
      vertex -6.61229 6.2 74.7718
    endloop
  endfacet
  facet normal 0.44241 7.46991e-19 0.896813
    outer loop
      vertex -6.61229 -2.3 74.7718
      vertex -6.8 6.2 74.8644
      vertex -6.8 -2.3 74.8644
    endloop
  endfacet
  facet normal -0.44241 8.69784e-19 -0.896813
    outer loop
      vertex -5.38771 -2.3 77.7282
      vertex -5.2 5 77.6356
      vertex -5.2 -2.3 77.6356
    endloop
  endfacet
  facet normal -0.44241 8.69784e-19 -0.896813
    outer loop
      vertex -5.2 5 77.6356
      vertex -5.38771 -2.3 77.7282
      vertex -5.38771 5 77.7282
    endloop
  endfacet
  facet normal -0.321555 2.62968e-19 -0.946891
    outer loop
      vertex -5.58589 -2.3 77.7955
      vertex -5.38771 5 77.7282
      vertex -5.38771 -2.3 77.7282
    endloop
  endfacet
  facet normal -0.321555 2.62968e-19 -0.946891
    outer loop
      vertex -5.38771 5 77.7282
      vertex -5.58589 -2.3 77.7955
      vertex -5.58589 5 77.7955
    endloop
  endfacet
  facet normal 0.89686 0 -0.442314
    outer loop
      vertex -7.38564 -2.3 77.05
      vertex -7.47821 5 76.8623
      vertex -7.38564 5 77.05
    endloop
  endfacet
  facet normal 0.89686 0 -0.442314
    outer loop
      vertex -7.47821 5 76.8623
      vertex -7.38564 -2.3 77.05
      vertex -7.47821 -2.3 76.8623
    endloop
  endfacet
  facet normal 0.980791 0 -0.195059
    outer loop
      vertex -7.54548 -2.3 76.6641
      vertex -7.58631 5 76.4588
      vertex -7.54548 5 76.6641
    endloop
  endfacet
  facet normal 0.980791 0 -0.195059
    outer loop
      vertex -7.58631 5 76.4588
      vertex -7.54548 -2.3 76.6641
      vertex -7.58631 -2.3 76.4588
    endloop
  endfacet
  facet normal 0.555318 -2.13789e-19 0.831638
    outer loop
      vertex -6.97402 6.2 74.9806
      vertex -6.8 -2.3 74.8644
      vertex -6.8 6.2 74.8644
    endloop
  endfacet
  facet normal 0.555318 -2.13789e-19 0.831638
    outer loop
      vertex -6.8 -2.3 74.8644
      vertex -6.97402 6.2 74.9806
      vertex -6.97402 -2.3 74.9806
    endloop
  endfacet
  facet normal -0.555318 -2.48933e-19 -0.831638
    outer loop
      vertex -5.2 -2.3 77.6356
      vertex -5.02598 5 77.5194
      vertex -5.02598 -2.3 77.5194
    endloop
  endfacet
  facet normal -0.555318 -2.48933e-19 -0.831638
    outer loop
      vertex -5.02598 5 77.5194
      vertex -5.2 -2.3 77.6356
      vertex -5.2 5 77.6356
    endloop
  endfacet
  facet normal -0.194949 -3.56014e-19 -0.980813
    outer loop
      vertex -5.79116 -2.3 77.8363
      vertex -5.58589 5 77.7955
      vertex -5.58589 -2.3 77.7955
    endloop
  endfacet
  facet normal -0.194949 -3.56014e-19 -0.980813
    outer loop
      vertex -5.58589 5 77.7955
      vertex -5.79116 -2.3 77.8363
      vertex -5.79116 5 77.8363
    endloop
  endfacet
  facet normal -0.659367 -1.10349e-18 0.751821
    outer loop
      vertex -5.02598 5 74.9806
      vertex -4.86863 -2.3 75.1186
      vertex -4.86863 5 75.1186
    endloop
  endfacet
  facet normal -0.659367 -1.10349e-18 0.751821
    outer loop
      vertex -4.86863 -2.3 75.1186
      vertex -5.02598 5 74.9806
      vertex -5.02598 -2.3 74.9806
    endloop
  endfacet
  facet normal 0.946944 -0 0.321397
    outer loop
      vertex -7.54548 -2.3 75.8359
      vertex -7.47821 6.2 75.6377
      vertex -7.54548 6.2 75.8359
    endloop
  endfacet
  facet normal 0.946944 0 0.321397
    outer loop
      vertex -7.47821 6.2 75.6377
      vertex -7.54548 -2.3 75.8359
      vertex -7.47821 -2.3 75.6377
    endloop
  endfacet
  facet normal -0.0654598 8.37775e-20 -0.997855
    outer loop
      vertex -6 -2.3 77.85
      vertex -5.79116 5 77.8363
      vertex -5.79116 -2.3 77.8363
    endloop
  endfacet
  facet normal -0.0654598 8.37775e-20 -0.997855
    outer loop
      vertex -5.79116 5 77.8363
      vertex -6 -2.3 77.85
      vertex -6 5 77.85
    endloop
  endfacet
  facet normal 0.194949 -3.05753e-19 0.980813
    outer loop
      vertex -6.41411 6.2 74.7045
      vertex -6.20884 -2.3 74.6637
      vertex -6.20884 6.2 74.6637
    endloop
  endfacet
  facet normal 0.194949 -3.05753e-19 0.980813
    outer loop
      vertex -6.20884 -2.3 74.6637
      vertex -6.41411 6.2 74.7045
      vertex -6.41411 -2.3 74.7045
    endloop
  endfacet
  facet normal 0.659367 -1.10349e-18 -0.751821
    outer loop
      vertex -7.13137 -2.3 77.3814
      vertex -6.97402 5 77.5194
      vertex -6.97402 -2.3 77.5194
    endloop
  endfacet
  facet normal 0.659367 -1.10349e-18 -0.751821
    outer loop
      vertex -6.97402 5 77.5194
      vertex -7.13137 -2.3 77.3814
      vertex -7.13137 5 77.3814
    endloop
  endfacet
  facet normal 0.89686 -0 0.442314
    outer loop
      vertex -7.47821 -2.3 75.6377
      vertex -7.38564 6.2 75.45
      vertex -7.47821 6.2 75.6377
    endloop
  endfacet
  facet normal 0.89686 0 0.442314
    outer loop
      vertex -7.38564 6.2 75.45
      vertex -7.47821 -2.3 75.6377
      vertex -7.38564 -2.3 75.45
    endloop
  endfacet
  facet normal -0.89686 0 -0.442314
    outer loop
      vertex -4.52179 -2.3 76.8623
      vertex -4.61436 5 77.05
      vertex -4.52179 5 76.8623
    endloop
  endfacet
  facet normal -0.89686 -0 -0.442314
    outer loop
      vertex -4.61436 5 77.05
      vertex -4.52179 -2.3 76.8623
      vertex -4.61436 -2.3 77.05
    endloop
  endfacet
  facet normal -0.751925 0 -0.659248
    outer loop
      vertex -4.73063 -2.3 77.224
      vertex -4.86863 5 77.3814
      vertex -4.73063 5 77.224
    endloop
  endfacet
  facet normal -0.751925 -0 -0.659248
    outer loop
      vertex -4.86863 5 77.3814
      vertex -4.73063 -2.3 77.224
      vertex -4.86863 -2.3 77.3814
    endloop
  endfacet
  facet normal 0.0654598 -8.37775e-20 -0.997855
    outer loop
      vertex -6.20884 -2.3 77.8363
      vertex -6 5 77.85
      vertex -6 -2.3 77.85
    endloop
  endfacet
  facet normal 0.0654598 -8.37775e-20 -0.997855
    outer loop
      vertex -6 5 77.85
      vertex -6.20884 -2.3 77.8363
      vertex -6.20884 5 77.8363
    endloop
  endfacet
  facet normal -0.0654598 -8.37775e-20 0.997855
    outer loop
      vertex -6 5 74.65
      vertex -5.79116 -2.3 74.6637
      vertex -5.79116 5 74.6637
    endloop
  endfacet
  facet normal -0.0654598 -8.37775e-20 0.997855
    outer loop
      vertex -5.79116 -2.3 74.6637
      vertex -6 5 74.65
      vertex -6 -2.3 74.65
    endloop
  endfacet
  facet normal -0.555318 2.48933e-19 0.831638
    outer loop
      vertex -5.2 5 74.8644
      vertex -5.02598 -2.3 74.9806
      vertex -5.02598 5 74.9806
    endloop
  endfacet
  facet normal -0.555318 2.48933e-19 0.831638
    outer loop
      vertex -5.02598 -2.3 74.9806
      vertex -5.2 5 74.8644
      vertex -5.2 -2.3 74.8644
    endloop
  endfacet
  facet normal 0.997858 0 -0.0654247
    outer loop
      vertex -7.58631 -2.3 76.4588
      vertex -7.6 5 76.25
      vertex -7.58631 5 76.4588
    endloop
  endfacet
  facet normal 0.997858 0 -0.0654247
    outer loop
      vertex -7.6 5 76.25
      vertex -7.58631 -2.3 76.4588
      vertex -7.6 -2.3 76.25
    endloop
  endfacet
  facet normal 0.751925 -0 0.659248
    outer loop
      vertex -7.26937 -2.3 75.276
      vertex -7.13137 6.2 75.1186
      vertex -7.26937 6.2 75.276
    endloop
  endfacet
  facet normal 0.751925 0 0.659248
    outer loop
      vertex -7.13137 6.2 75.1186
      vertex -7.26937 -2.3 75.276
      vertex -7.13137 -2.3 75.1186
    endloop
  endfacet
  facet normal 0.0654598 5.09647e-19 0.997855
    outer loop
      vertex -6.20884 6.2 74.6637
      vertex -6 5 74.65
      vertex -6 6.2 74.65
    endloop
  endfacet
  facet normal 0.0654598 -0 0.997855
    outer loop
      vertex -6.20884 -2.3 74.6637
      vertex -6 5 74.65
      vertex -6.20884 6.2 74.6637
    endloop
  endfacet
  facet normal 0.0654598 0 0.997855
    outer loop
      vertex -6 5 74.65
      vertex -6.20884 -2.3 74.6637
      vertex -6 -2.3 74.65
    endloop
  endfacet
  facet normal 0.194949 3.56014e-19 -0.980813
    outer loop
      vertex -6.41411 -2.3 77.7955
      vertex -6.20884 5 77.8363
      vertex -6.20884 -2.3 77.8363
    endloop
  endfacet
  facet normal 0.194949 3.56014e-19 -0.980813
    outer loop
      vertex -6.20884 5 77.8363
      vertex -6.41411 -2.3 77.7955
      vertex -6.41411 5 77.7955
    endloop
  endfacet
  facet normal 0.980791 -0 0.195059
    outer loop
      vertex -7.58631 -2.3 76.0412
      vertex -7.54548 6.2 75.8359
      vertex -7.58631 6.2 76.0412
    endloop
  endfacet
  facet normal 0.980791 0 0.195059
    outer loop
      vertex -7.54548 6.2 75.8359
      vertex -7.58631 -2.3 76.0412
      vertex -7.54548 -2.3 75.8359
    endloop
  endfacet
  facet normal 0.997858 -0 0.0654247
    outer loop
      vertex -7.6 5 76.25
      vertex -7.58631 6.2 76.0412
      vertex -7.6 6.2 76.25
    endloop
  endfacet
  facet normal 0.997858 1.07331e-19 0.0654247
    outer loop
      vertex -7.58631 -2.3 76.0412
      vertex -7.6 5 76.25
      vertex -7.6 -2.3 76.25
    endloop
  endfacet
  facet normal 0.997858 9.21783e-20 0.0654247
    outer loop
      vertex -7.6 5 76.25
      vertex -7.58631 -2.3 76.0412
      vertex -7.58631 6.2 76.0412
    endloop
  endfacet
  facet normal 0.44241 -8.69784e-19 -0.896813
    outer loop
      vertex -6.8 -2.3 77.6356
      vertex -6.61229 5 77.7282
      vertex -6.61229 -2.3 77.7282
    endloop
  endfacet
  facet normal 0.44241 -8.69784e-19 -0.896813
    outer loop
      vertex -6.61229 5 77.7282
      vertex -6.8 -2.3 77.6356
      vertex -6.8 5 77.6356
    endloop
  endfacet
  facet normal -0.659367 1.10349e-18 -0.751821
    outer loop
      vertex -5.02598 -2.3 77.5194
      vertex -4.86863 5 77.3814
      vertex -4.86863 -2.3 77.3814
    endloop
  endfacet
  facet normal -0.659367 1.10349e-18 -0.751821
    outer loop
      vertex -4.86863 5 77.3814
      vertex -5.02598 -2.3 77.5194
      vertex -5.02598 5 77.5194
    endloop
  endfacet
  facet normal 0.831454 -0 0.555593
    outer loop
      vertex -7.38564 -2.3 75.45
      vertex -7.26937 6.2 75.276
      vertex -7.38564 6.2 75.45
    endloop
  endfacet
  facet normal 0.831454 0 0.555593
    outer loop
      vertex -7.26937 6.2 75.276
      vertex -7.38564 -2.3 75.45
      vertex -7.26937 -2.3 75.276
    endloop
  endfacet
  facet normal 0.831454 0 -0.555593
    outer loop
      vertex -7.26937 -2.3 77.224
      vertex -7.38564 5 77.05
      vertex -7.26937 5 77.224
    endloop
  endfacet
  facet normal 0.831454 0 -0.555593
    outer loop
      vertex -7.38564 5 77.05
      vertex -7.26937 -2.3 77.224
      vertex -7.38564 -2.3 77.05
    endloop
  endfacet
  facet normal 0 0 -1
    outer loop
      vertex -7.64545 -5 79.1
      vertex -4.35455 -2.3 79.1
      vertex -4.35455 -5 79.1
    endloop
  endfacet
  facet normal -0 0 -1
    outer loop
      vertex -4.35455 -2.3 79.1
      vertex -7.64545 -5 79.1
      vertex -7.64545 -2.3 79.1
    endloop
  endfacet
  facet normal -0.866025 0 -0.5
    outer loop
      vertex -2.7091 -5 76.25
      vertex -4.35455 -2.3 79.1
      vertex -2.7091 -2.3 76.25
    endloop
  endfacet
  facet normal -0.866025 -0 -0.5
    outer loop
      vertex -4.35455 -2.3 79.1
      vertex -2.7091 -5 76.25
      vertex -4.35455 -5 79.1
    endloop
  endfacet
  facet normal -0 0 1
    outer loop
      vertex -7.64545 -2.3 73.4
      vertex -4.35455 -5 73.4
      vertex -4.35455 -2.3 73.4
    endloop
  endfacet
  facet normal 0 0 1
    outer loop
      vertex -4.35455 -5 73.4
      vertex -7.64545 -2.3 73.4
      vertex -7.64545 -5 73.4
    endloop
  endfacet
  facet normal -0.866025 0 0.5
    outer loop
      vertex -4.35455 -5 73.4
      vertex -2.7091 -2.3 76.25
      vertex -4.35455 -2.3 73.4
    endloop
  endfacet
  facet normal -0.866025 0 0.5
    outer loop
      vertex -2.7091 -2.3 76.25
      vertex -4.35455 -5 73.4
      vertex -2.7091 -5 76.25
    endloop
  endfacet
  facet normal 0.866025 -0 0.5
    outer loop
      vertex -9.2909 -5 76.25
      vertex -7.64545 -2.3 73.4
      vertex -9.2909 -2.3 76.25
    endloop
  endfacet
  facet normal 0.866025 0 0.5
    outer loop
      vertex -7.64545 -2.3 73.4
      vertex -9.2909 -5 76.25
      vertex -7.64545 -5 73.4
    endloop
  endfacet
  facet normal 0.866025 0 -0.5
    outer loop
      vertex -7.64545 -5 79.1
      vertex -9.2909 -2.3 76.25
      vertex -7.64545 -2.3 79.1
    endloop
  endfacet
  facet normal 0.866025 0 -0.5
    outer loop
      vertex -9.2909 -2.3 76.25
      vertex -7.64545 -5 79.1
      vertex -9.2909 -5 76.25
    endloop
  endfacet
  facet normal 0 -1 0
    outer loop
      vertex -7.64545 -2.3 79.1
      vertex -6 -2.3 77.85
      vertex -4.35455 -2.3 79.1
    endloop
  endfacet
  facet normal 0 -1 0
    outer loop
      vertex -7.64545 -2.3 79.1
      vertex -6.20884 -2.3 77.8363
      vertex -6 -2.3 77.85
    endloop
  endfacet
  facet normal 0 -1 0
    outer loop
      vertex -7.64545 -2.3 79.1
      vertex -6.41411 -2.3 77.7955
      vertex -6.20884 -2.3 77.8363
    endloop
  endfacet
  facet normal 0 -1 0
    outer loop
      vertex -7.64545 -2.3 79.1
      vertex -6.61229 -2.3 77.7282
      vertex -6.41411 -2.3 77.7955
    endloop
  endfacet
  facet normal 0 -1 0
    outer loop
      vertex -7.64545 -2.3 79.1
      vertex -6.8 -2.3 77.6356
      vertex -6.61229 -2.3 77.7282
    endloop
  endfacet
  facet normal 0 -1 0
    outer loop
      vertex -7.64545 -2.3 79.1
      vertex -6.97402 -2.3 77.5194
      vertex -6.8 -2.3 77.6356
    endloop
  endfacet
  facet normal 0 -1 0
    outer loop
      vertex -7.64545 -2.3 79.1
      vertex -7.13137 -2.3 77.3814
      vertex -6.97402 -2.3 77.5194
    endloop
  endfacet
  facet normal 0 -1 0
    outer loop
      vertex -7.64545 -2.3 79.1
      vertex -7.26937 -2.3 77.224
      vertex -7.13137 -2.3 77.3814
    endloop
  endfacet
  facet normal 0 -1 0
    outer loop
      vertex -7.64545 -2.3 79.1
      vertex -7.38564 -2.3 77.05
      vertex -7.26937 -2.3 77.224
    endloop
  endfacet
  facet normal 0 -1 0
    outer loop
      vertex -9.2909 -2.3 76.25
      vertex -7.38564 -2.3 77.05
      vertex -7.64545 -2.3 79.1
    endloop
  endfacet
  facet normal 0 -1 0
    outer loop
      vertex -7.38564 -2.3 77.05
      vertex -9.2909 -2.3 76.25
      vertex -7.47821 -2.3 76.8623
    endloop
  endfacet
  facet normal 0 -1 0
    outer loop
      vertex -7.47821 -2.3 76.8623
      vertex -9.2909 -2.3 76.25
      vertex -7.54548 -2.3 76.6641
    endloop
  endfacet
  facet normal 0 -1 0
    outer loop
      vertex -7.54548 -2.3 76.6641
      vertex -9.2909 -2.3 76.25
      vertex -7.58631 -2.3 76.4588
    endloop
  endfacet
  facet normal 0 -1 0
    outer loop
      vertex -9.2909 -2.3 76.25
      vertex -7.6 -2.3 76.25
      vertex -7.58631 -2.3 76.4588
    endloop
  endfacet
  facet normal 0 -1 0
    outer loop
      vertex -9.2909 -2.3 76.25
      vertex -7.58631 -2.3 76.0412
      vertex -7.6 -2.3 76.25
    endloop
  endfacet
  facet normal 0 -1 0
    outer loop
      vertex -9.2909 -2.3 76.25
      vertex -7.54548 -2.3 75.8359
      vertex -7.58631 -2.3 76.0412
    endloop
  endfacet
  facet normal 0 -1 0
    outer loop
      vertex -9.2909 -2.3 76.25
      vertex -7.47821 -2.3 75.6377
      vertex -7.54548 -2.3 75.8359
    endloop
  endfacet
  facet normal 0 -1 0
    outer loop
      vertex -9.2909 -2.3 76.25
      vertex -7.38564 -2.3 75.45
      vertex -7.47821 -2.3 75.6377
    endloop
  endfacet
  facet normal 0 -1 0
    outer loop
      vertex -7.64545 -2.3 73.4
      vertex -7.38564 -2.3 75.45
      vertex -9.2909 -2.3 76.25
    endloop
  endfacet
  facet normal 0 -1 -0
    outer loop
      vertex -7.38564 -2.3 75.45
      vertex -7.64545 -2.3 73.4
      vertex -7.26937 -2.3 75.276
    endloop
  endfacet
  facet normal 0 -1 -0
    outer loop
      vertex -7.26937 -2.3 75.276
      vertex -7.64545 -2.3 73.4
      vertex -7.13137 -2.3 75.1186
    endloop
  endfacet
  facet normal 0 -1 -0
    outer loop
      vertex -7.13137 -2.3 75.1186
      vertex -7.64545 -2.3 73.4
      vertex -6.97402 -2.3 74.9806
    endloop
  endfacet
  facet normal 0 -1 -0
    outer loop
      vertex -6.20884 -2.3 74.6637
      vertex -7.64545 -2.3 73.4
      vertex -6 -2.3 74.65
    endloop
  endfacet
  facet normal 0 -1 -0
    outer loop
      vertex -6.41411 -2.3 74.7045
      vertex -7.64545 -2.3 73.4
      vertex -6.20884 -2.3 74.6637
    endloop
  endfacet
  facet normal 0 -1 -0
    outer loop
      vertex -6.61229 -2.3 74.7718
      vertex -7.64545 -2.3 73.4
      vertex -6.41411 -2.3 74.7045
    endloop
  endfacet
  facet normal 0 -1 -0
    outer loop
      vertex -6.8 -2.3 74.8644
      vertex -7.64545 -2.3 73.4
      vertex -6.61229 -2.3 74.7718
    endloop
  endfacet
  facet normal 0 -1 -0
    outer loop
      vertex -6.97402 -2.3 74.9806
      vertex -7.64545 -2.3 73.4
      vertex -6.8 -2.3 74.8644
    endloop
  endfacet
  facet normal 0 -1 0
    outer loop
      vertex -5.79116 -2.3 77.8363
      vertex -4.35455 -2.3 79.1
      vertex -6 -2.3 77.85
    endloop
  endfacet
  facet normal 0 -1 0
    outer loop
      vertex -5.58589 -2.3 77.7955
      vertex -4.35455 -2.3 79.1
      vertex -5.79116 -2.3 77.8363
    endloop
  endfacet
  facet normal 0 -1 0
    outer loop
      vertex -5.38771 -2.3 77.7282
      vertex -4.35455 -2.3 79.1
      vertex -5.58589 -2.3 77.7955
    endloop
  endfacet
  facet normal 0 -1 0
    outer loop
      vertex -5.2 -2.3 77.6356
      vertex -4.35455 -2.3 79.1
      vertex -5.38771 -2.3 77.7282
    endloop
  endfacet
  facet normal 0 -1 0
    outer loop
      vertex -5.02598 -2.3 77.5194
      vertex -4.35455 -2.3 79.1
      vertex -5.2 -2.3 77.6356
    endloop
  endfacet
  facet normal 0 -1 0
    outer loop
      vertex -4.86863 -2.3 77.3814
      vertex -4.35455 -2.3 79.1
      vertex -5.02598 -2.3 77.5194
    endloop
  endfacet
  facet normal 0 -1 0
    outer loop
      vertex -4.73063 -2.3 77.224
      vertex -4.35455 -2.3 79.1
      vertex -4.86863 -2.3 77.3814
    endloop
  endfacet
  facet normal 0 -1 0
    outer loop
      vertex -4.61436 -2.3 77.05
      vertex -4.35455 -2.3 79.1
      vertex -4.73063 -2.3 77.224
    endloop
  endfacet
  facet normal 0 -1 0
    outer loop
      vertex -2.7091 -2.3 76.25
      vertex -4.61436 -2.3 77.05
      vertex -4.52179 -2.3 76.8623
    endloop
  endfacet
  facet normal 0 -1 0
    outer loop
      vertex -2.7091 -2.3 76.25
      vertex -4.52179 -2.3 76.8623
      vertex -4.45452 -2.3 76.6641
    endloop
  endfacet
  facet normal 0 -1 0
    outer loop
      vertex -2.7091 -2.3 76.25
      vertex -4.45452 -2.3 76.6641
      vertex -4.41369 -2.3 76.4588
    endloop
  endfacet
  facet normal 0 -1 0
    outer loop
      vertex -2.7091 -2.3 76.25
      vertex -4.41369 -2.3 76.4588
      vertex -4.4 -2.3 76.25
    endloop
  endfacet
  facet normal 0 -1 0
    outer loop
      vertex -4.61436 -2.3 77.05
      vertex -2.7091 -2.3 76.25
      vertex -4.35455 -2.3 79.1
    endloop
  endfacet
  facet normal 0 -1 0
    outer loop
      vertex -4.41369 -2.3 76.0412
      vertex -2.7091 -2.3 76.25
      vertex -4.4 -2.3 76.25
    endloop
  endfacet
  facet normal 0 -1 0
    outer loop
      vertex -4.45452 -2.3 75.8359
      vertex -2.7091 -2.3 76.25
      vertex -4.41369 -2.3 76.0412
    endloop
  endfacet
  facet normal 0 -1 0
    outer loop
      vertex -4.52179 -2.3 75.6377
      vertex -2.7091 -2.3 76.25
      vertex -4.45452 -2.3 75.8359
    endloop
  endfacet
  facet normal 0 -1 0
    outer loop
      vertex -4.61436 -2.3 75.45
      vertex -2.7091 -2.3 76.25
      vertex -4.52179 -2.3 75.6377
    endloop
  endfacet
  facet normal 0 -1 0
    outer loop
      vertex -4.35455 -2.3 73.4
      vertex -4.61436 -2.3 75.45
      vertex -4.73063 -2.3 75.276
    endloop
  endfacet
  facet normal 0 -1 0
    outer loop
      vertex -4.35455 -2.3 73.4
      vertex -4.73063 -2.3 75.276
      vertex -4.86863 -2.3 75.1186
    endloop
  endfacet
  facet normal 0 -1 0
    outer loop
      vertex -4.35455 -2.3 73.4
      vertex -4.86863 -2.3 75.1186
      vertex -5.02598 -2.3 74.9806
    endloop
  endfacet
  facet normal 0 -1 0
    outer loop
      vertex -4.35455 -2.3 73.4
      vertex -5.02598 -2.3 74.9806
      vertex -5.2 -2.3 74.8644
    endloop
  endfacet
  facet normal 0 -1 0
    outer loop
      vertex -4.35455 -2.3 73.4
      vertex -6 -2.3 74.65
      vertex -7.64545 -2.3 73.4
    endloop
  endfacet
  facet normal 0 -1 0
    outer loop
      vertex -6 -2.3 74.65
      vertex -4.35455 -2.3 73.4
      vertex -5.79116 -2.3 74.6637
    endloop
  endfacet
  facet normal 0 -1 0
    outer loop
      vertex -5.79116 -2.3 74.6637
      vertex -4.35455 -2.3 73.4
      vertex -5.58589 -2.3 74.7045
    endloop
  endfacet
  facet normal 0 -1 0
    outer loop
      vertex -5.58589 -2.3 74.7045
      vertex -4.35455 -2.3 73.4
      vertex -5.38771 -2.3 74.7718
    endloop
  endfacet
  facet normal 0 -1 0
    outer loop
      vertex -5.38771 -2.3 74.7718
      vertex -4.35455 -2.3 73.4
      vertex -5.2 -2.3 74.8644
    endloop
  endfacet
  facet normal 0 -1 0
    outer loop
      vertex -4.61436 -2.3 75.45
      vertex -4.35455 -2.3 73.4
      vertex -2.7091 -2.3 76.25
    endloop
  endfacet
  facet normal -0.194949 3.05753e-19 0.980813
    outer loop
      vertex 6.20884 6.2 74.6637
      vertex 6.41411 -2.3 74.7045
      vertex 6.41411 6.2 74.7045
    endloop
  endfacet
  facet normal -0.194949 3.05753e-19 0.980813
    outer loop
      vertex 6.41411 -2.3 74.7045
      vertex 6.20884 6.2 74.6637
      vertex 6.20884 -2.3 74.6637
    endloop
  endfacet
  facet normal -0.980791 0 0.195059
    outer loop
      vertex 7.54548 -2.3 75.8359
      vertex 7.58631 6.2 76.0412
      vertex 7.54548 6.2 75.8359
    endloop
  endfacet
  facet normal -0.980791 0 0.195059
    outer loop
      vertex 7.58631 6.2 76.0412
      vertex 7.54548 -2.3 75.8359
      vertex 7.58631 -2.3 76.0412
    endloop
  endfacet
  facet normal -0.997858 -6.5293e-19 0.0654247
    outer loop
      vertex 7.58631 6.2 76.0412
      vertex 7.6 5 76.25
      vertex 7.6 6.2 76.25
    endloop
  endfacet
  facet normal -0.997858 0 0.0654247
    outer loop
      vertex 7.58631 -2.3 76.0412
      vertex 7.6 5 76.25
      vertex 7.58631 6.2 76.0412
    endloop
  endfacet
  facet normal -0.997858 0 0.0654247
    outer loop
      vertex 7.6 5 76.25
      vertex 7.58631 -2.3 76.0412
      vertex 7.6 -2.3 76.25
    endloop
  endfacet
  facet normal -0.946944 0 0.321397
    outer loop
      vertex 7.47821 -2.3 75.6377
      vertex 7.54548 6.2 75.8359
      vertex 7.47821 6.2 75.6377
    endloop
  endfacet
  facet normal -0.946944 0 0.321397
    outer loop
      vertex 7.54548 6.2 75.8359
      vertex 7.47821 -2.3 75.6377
      vertex 7.54548 -2.3 75.8359
    endloop
  endfacet
  facet normal -0.831454 0 0.555593
    outer loop
      vertex 7.26937 -2.3 75.276
      vertex 7.38564 6.2 75.45
      vertex 7.26937 6.2 75.276
    endloop
  endfacet
  facet normal -0.831454 0 0.555593
    outer loop
      vertex 7.38564 6.2 75.45
      vertex 7.26937 -2.3 75.276
      vertex 7.38564 -2.3 75.45
    endloop
  endfacet
  facet normal -0.321555 -2.25843e-19 0.946891
    outer loop
      vertex 6.41411 6.2 74.7045
      vertex 6.61229 -2.3 74.7718
      vertex 6.61229 6.2 74.7718
    endloop
  endfacet
  facet normal -0.321555 -2.25843e-19 0.946891
    outer loop
      vertex 6.61229 -2.3 74.7718
      vertex 6.41411 6.2 74.7045
      vertex 6.41411 -2.3 74.7045
    endloop
  endfacet
  facet normal -0.997858 0 -0.0654247
    outer loop
      vertex 7.6 -2.3 76.25
      vertex 7.58631 5 76.4588
      vertex 7.6 5 76.25
    endloop
  endfacet
  facet normal -0.997858 -0 -0.0654247
    outer loop
      vertex 7.58631 5 76.4588
      vertex 7.6 -2.3 76.25
      vertex 7.58631 -2.3 76.4588
    endloop
  endfacet
  facet normal 0.555318 2.48933e-19 -0.831638
    outer loop
      vertex 5.02598 -2.3 77.5194
      vertex 5.2 5 77.6356
      vertex 5.2 -2.3 77.6356
    endloop
  endfacet
  facet normal 0.555318 2.48933e-19 -0.831638
    outer loop
      vertex 5.2 5 77.6356
      vertex 5.02598 -2.3 77.5194
      vertex 5.02598 5 77.5194
    endloop
  endfacet
  facet normal 0.321555 -2.62968e-19 -0.946891
    outer loop
      vertex 5.38771 -2.3 77.7282
      vertex 5.58589 5 77.7955
      vertex 5.58589 -2.3 77.7955
    endloop
  endfacet
  facet normal 0.321555 -2.62968e-19 -0.946891
    outer loop
      vertex 5.58589 5 77.7955
      vertex 5.38771 -2.3 77.7282
      vertex 5.38771 5 77.7282
    endloop
  endfacet
  facet normal -0.89686 0 0.442314
    outer loop
      vertex 7.38564 -2.3 75.45
      vertex 7.47821 6.2 75.6377
      vertex 7.38564 6.2 75.45
    endloop
  endfacet
  facet normal -0.89686 0 0.442314
    outer loop
      vertex 7.47821 6.2 75.6377
      vertex 7.38564 -2.3 75.45
      vertex 7.47821 -2.3 75.6377
    endloop
  endfacet
  facet normal 0.321555 2.62968e-19 0.946891
    outer loop
      vertex 5.38771 5 74.7718
      vertex 5.58589 -2.3 74.7045
      vertex 5.58589 5 74.7045
    endloop
  endfacet
  facet normal 0.321555 2.62968e-19 0.946891
    outer loop
      vertex 5.58589 -2.3 74.7045
      vertex 5.38771 5 74.7718
      vertex 5.38771 -2.3 74.7718
    endloop
  endfacet
  facet normal -0.751925 0 0.659248
    outer loop
      vertex 7.13137 -2.3 75.1186
      vertex 7.26937 6.2 75.276
      vertex 7.13137 6.2 75.1186
    endloop
  endfacet
  facet normal -0.751925 0 0.659248
    outer loop
      vertex 7.26937 6.2 75.276
      vertex 7.13137 -2.3 75.1186
      vertex 7.26937 -2.3 75.276
    endloop
  endfacet
  facet normal -0.946944 0 -0.321397
    outer loop
      vertex 7.54548 -2.3 76.6641
      vertex 7.47821 5 76.8623
      vertex 7.54548 5 76.6641
    endloop
  endfacet
  facet normal -0.946944 -0 -0.321397
    outer loop
      vertex 7.47821 5 76.8623
      vertex 7.54548 -2.3 76.6641
      vertex 7.47821 -2.3 76.8623
    endloop
  endfacet
  facet normal 0.751925 0 -0.659248
    outer loop
      vertex 4.86863 -2.3 77.3814
      vertex 4.73063 5 77.224
      vertex 4.86863 5 77.3814
    endloop
  endfacet
  facet normal 0.751925 0 -0.659248
    outer loop
      vertex 4.73063 5 77.224
      vertex 4.86863 -2.3 77.3814
      vertex 4.73063 -2.3 77.224
    endloop
  endfacet
  facet normal -0.980791 0 -0.195059
    outer loop
      vertex 7.58631 -2.3 76.4588
      vertex 7.54548 5 76.6641
      vertex 7.58631 5 76.4588
    endloop
  endfacet
  facet normal -0.980791 -0 -0.195059
    outer loop
      vertex 7.54548 5 76.6641
      vertex 7.58631 -2.3 76.4588
      vertex 7.54548 -2.3 76.6641
    endloop
  endfacet
  facet normal 0.659367 1.10349e-18 0.751821
    outer loop
      vertex 4.86863 5 75.1186
      vertex 5.02598 -2.3 74.9806
      vertex 5.02598 5 74.9806
    endloop
  endfacet
  facet normal 0.659367 1.10349e-18 0.751821
    outer loop
      vertex 5.02598 -2.3 74.9806
      vertex 4.86863 5 75.1186
      vertex 4.86863 -2.3 75.1186
    endloop
  endfacet
  facet normal 0.946944 0 -0.321397
    outer loop
      vertex 4.52179 -2.3 76.8623
      vertex 4.45452 5 76.6641
      vertex 4.52179 5 76.8623
    endloop
  endfacet
  facet normal 0.946944 0 -0.321397
    outer loop
      vertex 4.45452 5 76.6641
      vertex 4.52179 -2.3 76.8623
      vertex 4.45452 -2.3 76.6641
    endloop
  endfacet
  facet normal -0.831454 0 -0.555593
    outer loop
      vertex 7.38564 -2.3 77.05
      vertex 7.26937 5 77.224
      vertex 7.38564 5 77.05
    endloop
  endfacet
  facet normal -0.831454 -0 -0.555593
    outer loop
      vertex 7.26937 5 77.224
      vertex 7.38564 -2.3 77.05
      vertex 7.26937 -2.3 77.224
    endloop
  endfacet
  facet normal -0.44241 -7.46991e-19 0.896813
    outer loop
      vertex 6.61229 6.2 74.7718
      vertex 6.8 -2.3 74.8644
      vertex 6.8 6.2 74.8644
    endloop
  endfacet
  facet normal -0.44241 -7.46991e-19 0.896813
    outer loop
      vertex 6.8 -2.3 74.8644
      vertex 6.61229 6.2 74.7718
      vertex 6.61229 -2.3 74.7718
    endloop
  endfacet
  facet normal 0.44241 8.69784e-19 0.896813
    outer loop
      vertex 5.2 5 74.8644
      vertex 5.38771 -2.3 74.7718
      vertex 5.38771 5 74.7718
    endloop
  endfacet
  facet normal 0.44241 8.69784e-19 0.896813
    outer loop
      vertex 5.38771 -2.3 74.7718
      vertex 5.2 5 74.8644
      vertex 5.2 -2.3 74.8644
    endloop
  endfacet
  facet normal -0.44241 8.69784e-19 -0.896813
    outer loop
      vertex 6.61229 -2.3 77.7282
      vertex 6.8 5 77.6356
      vertex 6.8 -2.3 77.6356
    endloop
  endfacet
  facet normal -0.44241 8.69784e-19 -0.896813
    outer loop
      vertex 6.8 5 77.6356
      vertex 6.61229 -2.3 77.7282
      vertex 6.61229 5 77.7282
    endloop
  endfacet
  facet normal -0.321555 2.62968e-19 -0.946891
    outer loop
      vertex 6.41411 -2.3 77.7955
      vertex 6.61229 5 77.7282
      vertex 6.61229 -2.3 77.7282
    endloop
  endfacet
  facet normal -0.321555 2.62968e-19 -0.946891
    outer loop
      vertex 6.61229 5 77.7282
      vertex 6.41411 -2.3 77.7955
      vertex 6.41411 5 77.7955
    endloop
  endfacet
  facet normal 0.980791 0 -0.195059
    outer loop
      vertex 4.45452 -2.3 76.6641
      vertex 4.41369 5 76.4588
      vertex 4.45452 5 76.6641
    endloop
  endfacet
  facet normal 0.980791 0 -0.195059
    outer loop
      vertex 4.41369 5 76.4588
      vertex 4.45452 -2.3 76.6641
      vertex 4.41369 -2.3 76.4588
    endloop
  endfacet
  facet normal 0.555318 -2.48933e-19 0.831638
    outer loop
      vertex 5.02598 5 74.9806
      vertex 5.2 -2.3 74.8644
      vertex 5.2 5 74.8644
    endloop
  endfacet
  facet normal 0.555318 -2.48933e-19 0.831638
    outer loop
      vertex 5.2 -2.3 74.8644
      vertex 5.02598 5 74.9806
      vertex 5.02598 -2.3 74.9806
    endloop
  endfacet
  facet normal -0.555318 -2.48933e-19 -0.831638
    outer loop
      vertex 6.8 -2.3 77.6356
      vertex 6.97402 5 77.5194
      vertex 6.97402 -2.3 77.5194
    endloop
  endfacet
  facet normal -0.555318 -2.48933e-19 -0.831638
    outer loop
      vertex 6.97402 5 77.5194
      vertex 6.8 -2.3 77.6356
      vertex 6.8 5 77.6356
    endloop
  endfacet
  facet normal -0.194949 -3.56014e-19 -0.980813
    outer loop
      vertex 6.20884 -2.3 77.8363
      vertex 6.41411 5 77.7955
      vertex 6.41411 -2.3 77.7955
    endloop
  endfacet
  facet normal -0.194949 -3.56014e-19 -0.980813
    outer loop
      vertex 6.41411 5 77.7955
      vertex 6.20884 -2.3 77.8363
      vertex 6.20884 5 77.8363
    endloop
  endfacet
  facet normal -0.659367 -9.47701e-19 0.751821
    outer loop
      vertex 6.97402 6.2 74.9806
      vertex 7.13137 -2.3 75.1186
      vertex 7.13137 6.2 75.1186
    endloop
  endfacet
  facet normal -0.659367 -9.47701e-19 0.751821
    outer loop
      vertex 7.13137 -2.3 75.1186
      vertex 6.97402 6.2 74.9806
      vertex 6.97402 -2.3 74.9806
    endloop
  endfacet
  facet normal 0.946944 -0 0.321397
    outer loop
      vertex 4.45452 -2.3 75.8359
      vertex 4.52179 5 75.6377
      vertex 4.45452 5 75.8359
    endloop
  endfacet
  facet normal 0.946944 0 0.321397
    outer loop
      vertex 4.52179 5 75.6377
      vertex 4.45452 -2.3 75.8359
      vertex 4.52179 -2.3 75.6377
    endloop
  endfacet
  facet normal -0.0654598 8.37775e-20 -0.997855
    outer loop
      vertex 6 -2.3 77.85
      vertex 6.20884 5 77.8363
      vertex 6.20884 -2.3 77.8363
    endloop
  endfacet
  facet normal -0.0654598 8.37775e-20 -0.997855
    outer loop
      vertex 6.20884 5 77.8363
      vertex 6 -2.3 77.85
      vertex 6 5 77.85
    endloop
  endfacet
  facet normal 0.194949 -3.56014e-19 0.980813
    outer loop
      vertex 5.58589 5 74.7045
      vertex 5.79116 -2.3 74.6637
      vertex 5.79116 5 74.6637
    endloop
  endfacet
  facet normal 0.194949 -3.56014e-19 0.980813
    outer loop
      vertex 5.79116 -2.3 74.6637
      vertex 5.58589 5 74.7045
      vertex 5.58589 -2.3 74.7045
    endloop
  endfacet
  facet normal 0.659367 -1.10349e-18 -0.751821
    outer loop
      vertex 4.86863 -2.3 77.3814
      vertex 5.02598 5 77.5194
      vertex 5.02598 -2.3 77.5194
    endloop
  endfacet
  facet normal 0.659367 -1.10349e-18 -0.751821
    outer loop
      vertex 5.02598 5 77.5194
      vertex 4.86863 -2.3 77.3814
      vertex 4.86863 5 77.3814
    endloop
  endfacet
  facet normal 0.89686 -0 0.442314
    outer loop
      vertex 4.52179 -2.3 75.6377
      vertex 4.61436 5 75.45
      vertex 4.52179 5 75.6377
    endloop
  endfacet
  facet normal 0.89686 0 0.442314
    outer loop
      vertex 4.61436 5 75.45
      vertex 4.52179 -2.3 75.6377
      vertex 4.61436 -2.3 75.45
    endloop
  endfacet
  facet normal -0.89686 0 -0.442314
    outer loop
      vertex 7.47821 -2.3 76.8623
      vertex 7.38564 5 77.05
      vertex 7.47821 5 76.8623
    endloop
  endfacet
  facet normal -0.89686 -0 -0.442314
    outer loop
      vertex 7.38564 5 77.05
      vertex 7.47821 -2.3 76.8623
      vertex 7.38564 -2.3 77.05
    endloop
  endfacet
  facet normal -0.751925 0 -0.659248
    outer loop
      vertex 7.26937 -2.3 77.224
      vertex 7.13137 5 77.3814
      vertex 7.26937 5 77.224
    endloop
  endfacet
  facet normal -0.751925 -0 -0.659248
    outer loop
      vertex 7.13137 5 77.3814
      vertex 7.26937 -2.3 77.224
      vertex 7.13137 -2.3 77.3814
    endloop
  endfacet
  facet normal 0.0654598 -8.37775e-20 -0.997855
    outer loop
      vertex 5.79116 -2.3 77.8363
      vertex 6 5 77.85
      vertex 6 -2.3 77.85
    endloop
  endfacet
  facet normal 0.0654598 -8.37775e-20 -0.997855
    outer loop
      vertex 6 5 77.85
      vertex 5.79116 -2.3 77.8363
      vertex 5.79116 5 77.8363
    endloop
  endfacet
  facet normal -0.0654598 0 0.997855
    outer loop
      vertex 6 5 74.65
      vertex 6.20884 6.2 74.6637
      vertex 6 6.2 74.65
    endloop
  endfacet
  facet normal -0.0654598 0 0.997855
    outer loop
      vertex 6.20884 6.2 74.6637
      vertex 6 5 74.65
      vertex 6.20884 -2.3 74.6637
    endloop
  endfacet
  facet normal -0.0654598 -8.37775e-20 0.997855
    outer loop
      vertex 6.20884 -2.3 74.6637
      vertex 6 5 74.65
      vertex 6 -2.3 74.65
    endloop
  endfacet
  facet normal -0.555318 2.13789e-19 0.831638
    outer loop
      vertex 6.8 6.2 74.8644
      vertex 6.97402 -2.3 74.9806
      vertex 6.97402 6.2 74.9806
    endloop
  endfacet
  facet normal -0.555318 2.13789e-19 0.831638
    outer loop
      vertex 6.97402 -2.3 74.9806
      vertex 6.8 6.2 74.8644
      vertex 6.8 -2.3 74.8644
    endloop
  endfacet
  facet normal 0.997858 0 -0.0654247
    outer loop
      vertex 4.41369 -2.3 76.4588
      vertex 4.4 5 76.25
      vertex 4.41369 5 76.4588
    endloop
  endfacet
  facet normal 0.997858 0 -0.0654247
    outer loop
      vertex 4.4 5 76.25
      vertex 4.41369 -2.3 76.4588
      vertex 4.4 -2.3 76.25
    endloop
  endfacet
  facet normal 0.751925 -0 0.659248
    outer loop
      vertex 4.73063 -2.3 75.276
      vertex 4.86863 5 75.1186
      vertex 4.73063 5 75.276
    endloop
  endfacet
  facet normal 0.751925 0 0.659248
    outer loop
      vertex 4.86863 5 75.1186
      vertex 4.73063 -2.3 75.276
      vertex 4.86863 -2.3 75.1186
    endloop
  endfacet
  facet normal 0.0654598 8.37775e-20 0.997855
    outer loop
      vertex 5.79116 5 74.6637
      vertex 6 -2.3 74.65
      vertex 6 5 74.65
    endloop
  endfacet
  facet normal 0.0654598 8.37775e-20 0.997855
    outer loop
      vertex 6 -2.3 74.65
      vertex 5.79116 5 74.6637
      vertex 5.79116 -2.3 74.6637
    endloop
  endfacet
  facet normal 0.194949 3.56014e-19 -0.980813
    outer loop
      vertex 5.58589 -2.3 77.7955
      vertex 5.79116 5 77.8363
      vertex 5.79116 -2.3 77.8363
    endloop
  endfacet
  facet normal 0.194949 3.56014e-19 -0.980813
    outer loop
      vertex 5.79116 5 77.8363
      vertex 5.58589 -2.3 77.7955
      vertex 5.58589 5 77.7955
    endloop
  endfacet
  facet normal 0.980791 -0 0.195059
    outer loop
      vertex 4.41369 -2.3 76.0412
      vertex 4.45452 5 75.8359
      vertex 4.41369 5 76.0412
    endloop
  endfacet
  facet normal 0.980791 0 0.195059
    outer loop
      vertex 4.45452 5 75.8359
      vertex 4.41369 -2.3 76.0412
      vertex 4.45452 -2.3 75.8359
    endloop
  endfacet
  facet normal 0.997858 -0 0.0654247
    outer loop
      vertex 4.4 -2.3 76.25
      vertex 4.41369 5 76.0412
      vertex 4.4 5 76.25
    endloop
  endfacet
  facet normal 0.997858 0 0.0654247
    outer loop
      vertex 4.41369 5 76.0412
      vertex 4.4 -2.3 76.25
      vertex 4.41369 -2.3 76.0412
    endloop
  endfacet
  facet normal 0.44241 -8.69784e-19 -0.896813
    outer loop
      vertex 5.2 -2.3 77.6356
      vertex 5.38771 5 77.7282
      vertex 5.38771 -2.3 77.7282
    endloop
  endfacet
  facet normal 0.44241 -8.69784e-19 -0.896813
    outer loop
      vertex 5.38771 5 77.7282
      vertex 5.2 -2.3 77.6356
      vertex 5.2 5 77.6356
    endloop
  endfacet
  facet normal -0.659367 1.10349e-18 -0.751821
    outer loop
      vertex 6.97402 -2.3 77.5194
      vertex 7.13137 5 77.3814
      vertex 7.13137 -2.3 77.3814
    endloop
  endfacet
  facet normal -0.659367 1.10349e-18 -0.751821
    outer loop
      vertex 7.13137 5 77.3814
      vertex 6.97402 -2.3 77.5194
      vertex 6.97402 5 77.5194
    endloop
  endfacet
  facet normal 0.831454 -0 0.555593
    outer loop
      vertex 4.61436 -2.3 75.45
      vertex 4.73063 5 75.276
      vertex 4.61436 5 75.45
    endloop
  endfacet
  facet normal 0.831454 0 0.555593
    outer loop
      vertex 4.73063 5 75.276
      vertex 4.61436 -2.3 75.45
      vertex 4.73063 -2.3 75.276
    endloop
  endfacet
  facet normal 0.831454 0 -0.555593
    outer loop
      vertex 4.73063 -2.3 77.224
      vertex 4.61436 5 77.05
      vertex 4.73063 5 77.224
    endloop
  endfacet
  facet normal 0.831454 0 -0.555593
    outer loop
      vertex 4.61436 5 77.05
      vertex 4.73063 -2.3 77.224
      vertex 4.61436 -2.3 77.05
    endloop
  endfacet
  facet normal 0.89686 0 -0.442314
    outer loop
      vertex 4.61436 -2.3 77.05
      vertex 4.52179 5 76.8623
      vertex 4.61436 5 77.05
    endloop
  endfacet
  facet normal 0.89686 0 -0.442314
    outer loop
      vertex 4.52179 5 76.8623
      vertex 4.61436 -2.3 77.05
      vertex 4.52179 -2.3 76.8623
    endloop
  endfacet
  facet normal 0 0 -1
    outer loop
      vertex 4.35455 -5 79.1
      vertex 7.64545 -2.3 79.1
      vertex 7.64545 -5 79.1
    endloop
  endfacet
  facet normal -0 0 -1
    outer loop
      vertex 7.64545 -2.3 79.1
      vertex 4.35455 -5 79.1
      vertex 4.35455 -2.3 79.1
    endloop
  endfacet
  facet normal -0.866025 0 -0.5
    outer loop
      vertex 9.2909 -5 76.25
      vertex 7.64545 -2.3 79.1
      vertex 9.2909 -2.3 76.25
    endloop
  endfacet
  facet normal -0.866025 -0 -0.5
    outer loop
      vertex 7.64545 -2.3 79.1
      vertex 9.2909 -5 76.25
      vertex 7.64545 -5 79.1
    endloop
  endfacet
  facet normal -0 0 1
    outer loop
      vertex 4.35455 -2.3 73.4
      vertex 7.64545 -5 73.4
      vertex 7.64545 -2.3 73.4
    endloop
  endfacet
  facet normal 0 0 1
    outer loop
      vertex 7.64545 -5 73.4
      vertex 4.35455 -2.3 73.4
      vertex 4.35455 -5 73.4
    endloop
  endfacet
  facet normal -0.866025 0 0.5
    outer loop
      vertex 7.64545 -5 73.4
      vertex 9.2909 -2.3 76.25
      vertex 7.64545 -2.3 73.4
    endloop
  endfacet
  facet normal -0.866025 0 0.5
    outer loop
      vertex 9.2909 -2.3 76.25
      vertex 7.64545 -5 73.4
      vertex 9.2909 -5 76.25
    endloop
  endfacet
  facet normal 0.866025 -0 0.5
    outer loop
      vertex 2.7091 -5 76.25
      vertex 4.35455 -2.3 73.4
      vertex 2.7091 -2.3 76.25
    endloop
  endfacet
  facet normal 0.866025 0 0.5
    outer loop
      vertex 4.35455 -2.3 73.4
      vertex 2.7091 -5 76.25
      vertex 4.35455 -5 73.4
    endloop
  endfacet
  facet normal 0.866025 0 -0.5
    outer loop
      vertex 4.35455 -5 79.1
      vertex 2.7091 -2.3 76.25
      vertex 4.35455 -2.3 79.1
    endloop
  endfacet
  facet normal 0.866025 0 -0.5
    outer loop
      vertex 2.7091 -2.3 76.25
      vertex 4.35455 -5 79.1
      vertex 2.7091 -5 76.25
    endloop
  endfacet
  facet normal 0 -1 0
    outer loop
      vertex 4.35455 -2.3 79.1
      vertex 6 -2.3 77.85
      vertex 7.64545 -2.3 79.1
    endloop
  endfacet
  facet normal 0 -1 0
    outer loop
      vertex 4.35455 -2.3 79.1
      vertex 5.79116 -2.3 77.8363
      vertex 6 -2.3 77.85
    endloop
  endfacet
  facet normal 0 -1 0
    outer loop
      vertex 4.35455 -2.3 79.1
      vertex 5.58589 -2.3 77.7955
      vertex 5.79116 -2.3 77.8363
    endloop
  endfacet
  facet normal 0 -1 0
    outer loop
      vertex 4.35455 -2.3 79.1
      vertex 5.38771 -2.3 77.7282
      vertex 5.58589 -2.3 77.7955
    endloop
  endfacet
  facet normal 0 -1 0
    outer loop
      vertex 4.35455 -2.3 79.1
      vertex 5.2 -2.3 77.6356
      vertex 5.38771 -2.3 77.7282
    endloop
  endfacet
  facet normal 0 -1 0
    outer loop
      vertex 4.35455 -2.3 79.1
      vertex 5.02598 -2.3 77.5194
      vertex 5.2 -2.3 77.6356
    endloop
  endfacet
  facet normal 0 -1 0
    outer loop
      vertex 4.35455 -2.3 79.1
      vertex 4.86863 -2.3 77.3814
      vertex 5.02598 -2.3 77.5194
    endloop
  endfacet
  facet normal 0 -1 0
    outer loop
      vertex 4.35455 -2.3 79.1
      vertex 4.73063 -2.3 77.224
      vertex 4.86863 -2.3 77.3814
    endloop
  endfacet
  facet normal 0 -1 0
    outer loop
      vertex 4.35455 -2.3 79.1
      vertex 4.61436 -2.3 77.05
      vertex 4.73063 -2.3 77.224
    endloop
  endfacet
  facet normal 0 -1 0
    outer loop
      vertex 2.7091 -2.3 76.25
      vertex 4.61436 -2.3 77.05
      vertex 4.35455 -2.3 79.1
    endloop
  endfacet
  facet normal 0 -1 0
    outer loop
      vertex 4.61436 -2.3 77.05
      vertex 2.7091 -2.3 76.25
      vertex 4.52179 -2.3 76.8623
    endloop
  endfacet
  facet normal 0 -1 0
    outer loop
      vertex 4.52179 -2.3 76.8623
      vertex 2.7091 -2.3 76.25
      vertex 4.45452 -2.3 76.6641
    endloop
  endfacet
  facet normal 0 -1 0
    outer loop
      vertex 4.45452 -2.3 76.6641
      vertex 2.7091 -2.3 76.25
      vertex 4.41369 -2.3 76.4588
    endloop
  endfacet
  facet normal 0 -1 0
    outer loop
      vertex 2.7091 -2.3 76.25
      vertex 4.4 -2.3 76.25
      vertex 4.41369 -2.3 76.4588
    endloop
  endfacet
  facet normal 0 -1 0
    outer loop
      vertex 2.7091 -2.3 76.25
      vertex 4.41369 -2.3 76.0412
      vertex 4.4 -2.3 76.25
    endloop
  endfacet
  facet normal 0 -1 0
    outer loop
      vertex 2.7091 -2.3 76.25
      vertex 4.45452 -2.3 75.8359
      vertex 4.41369 -2.3 76.0412
    endloop
  endfacet
  facet normal 0 -1 0
    outer loop
      vertex 2.7091 -2.3 76.25
      vertex 4.52179 -2.3 75.6377
      vertex 4.45452 -2.3 75.8359
    endloop
  endfacet
  facet normal 0 -1 0
    outer loop
      vertex 2.7091 -2.3 76.25
      vertex 4.61436 -2.3 75.45
      vertex 4.52179 -2.3 75.6377
    endloop
  endfacet
  facet normal 0 -1 0
    outer loop
      vertex 4.35455 -2.3 73.4
      vertex 4.61436 -2.3 75.45
      vertex 2.7091 -2.3 76.25
    endloop
  endfacet
  facet normal 0 -1 -0
    outer loop
      vertex 4.61436 -2.3 75.45
      vertex 4.35455 -2.3 73.4
      vertex 4.73063 -2.3 75.276
    endloop
  endfacet
  facet normal 0 -1 -0
    outer loop
      vertex 4.73063 -2.3 75.276
      vertex 4.35455 -2.3 73.4
      vertex 4.86863 -2.3 75.1186
    endloop
  endfacet
  facet normal 0 -1 -0
    outer loop
      vertex 4.86863 -2.3 75.1186
      vertex 4.35455 -2.3 73.4
      vertex 5.02598 -2.3 74.9806
    endloop
  endfacet
  facet normal 0 -1 -0
    outer loop
      vertex 5.79116 -2.3 74.6637
      vertex 4.35455 -2.3 73.4
      vertex 6 -2.3 74.65
    endloop
  endfacet
  facet normal 0 -1 -0
    outer loop
      vertex 5.58589 -2.3 74.7045
      vertex 4.35455 -2.3 73.4
      vertex 5.79116 -2.3 74.6637
    endloop
  endfacet
  facet normal 0 -1 -0
    outer loop
      vertex 5.38771 -2.3 74.7718
      vertex 4.35455 -2.3 73.4
      vertex 5.58589 -2.3 74.7045
    endloop
  endfacet
  facet normal 0 -1 -0
    outer loop
      vertex 5.2 -2.3 74.8644
      vertex 4.35455 -2.3 73.4
      vertex 5.38771 -2.3 74.7718
    endloop
  endfacet
  facet normal 0 -1 -0
    outer loop
      vertex 5.02598 -2.3 74.9806
      vertex 4.35455 -2.3 73.4
      vertex 5.2 -2.3 74.8644
    endloop
  endfacet
  facet normal 0 -1 0
    outer loop
      vertex 6.20884 -2.3 77.8363
      vertex 7.64545 -2.3 79.1
      vertex 6 -2.3 77.85
    endloop
  endfacet
  facet normal 0 -1 0
    outer loop
      vertex 6.41411 -2.3 77.7955
      vertex 7.64545 -2.3 79.1
      vertex 6.20884 -2.3 77.8363
    endloop
  endfacet
  facet normal 0 -1 0
    outer loop
      vertex 6.61229 -2.3 77.7282
      vertex 7.64545 -2.3 79.1
      vertex 6.41411 -2.3 77.7955
    endloop
  endfacet
  facet normal 0 -1 0
    outer loop
      vertex 6.8 -2.3 77.6356
      vertex 7.64545 -2.3 79.1
      vertex 6.61229 -2.3 77.7282
    endloop
  endfacet
  facet normal 0 -1 0
    outer loop
      vertex 6.97402 -2.3 77.5194
      vertex 7.64545 -2.3 79.1
      vertex 6.8 -2.3 77.6356
    endloop
  endfacet
  facet normal 0 -1 0
    outer loop
      vertex 7.13137 -2.3 77.3814
      vertex 7.64545 -2.3 79.1
      vertex 6.97402 -2.3 77.5194
    endloop
  endfacet
  facet normal 0 -1 0
    outer loop
      vertex 7.26937 -2.3 77.224
      vertex 7.64545 -2.3 79.1
      vertex 7.13137 -2.3 77.3814
    endloop
  endfacet
  facet normal 0 -1 0
    outer loop
      vertex 7.38564 -2.3 77.05
      vertex 7.64545 -2.3 79.1
      vertex 7.26937 -2.3 77.224
    endloop
  endfacet
  facet normal 0 -1 0
    outer loop
      vertex 9.2909 -2.3 76.25
      vertex 7.38564 -2.3 77.05
      vertex 7.47821 -2.3 76.8623
    endloop
  endfacet
  facet normal 0 -1 0
    outer loop
      vertex 9.2909 -2.3 76.25
      vertex 7.47821 -2.3 76.8623
      vertex 7.54548 -2.3 76.6641
    endloop
  endfacet
  facet normal 0 -1 0
    outer loop
      vertex 9.2909 -2.3 76.25
      vertex 7.54548 -2.3 76.6641
      vertex 7.58631 -2.3 76.4588
    endloop
  endfacet
  facet normal 0 -1 0
    outer loop
      vertex 9.2909 -2.3 76.25
      vertex 7.58631 -2.3 76.4588
      vertex 7.6 -2.3 76.25
    endloop
  endfacet
  facet normal 0 -1 0
    outer loop
      vertex 7.38564 -2.3 77.05
      vertex 9.2909 -2.3 76.25
      vertex 7.64545 -2.3 79.1
    endloop
  endfacet
  facet normal 0 -1 0
    outer loop
      vertex 7.58631 -2.3 76.0412
      vertex 9.2909 -2.3 76.25
      vertex 7.6 -2.3 76.25
    endloop
  endfacet
  facet normal 0 -1 0
    outer loop
      vertex 7.54548 -2.3 75.8359
      vertex 9.2909 -2.3 76.25
      vertex 7.58631 -2.3 76.0412
    endloop
  endfacet
  facet normal 0 -1 0
    outer loop
      vertex 7.47821 -2.3 75.6377
      vertex 9.2909 -2.3 76.25
      vertex 7.54548 -2.3 75.8359
    endloop
  endfacet
  facet normal 0 -1 0
    outer loop
      vertex 7.38564 -2.3 75.45
      vertex 9.2909 -2.3 76.25
      vertex 7.47821 -2.3 75.6377
    endloop
  endfacet
  facet normal 0 -1 0
    outer loop
      vertex 7.64545 -2.3 73.4
      vertex 7.38564 -2.3 75.45
      vertex 7.26937 -2.3 75.276
    endloop
  endfacet
  facet normal 0 -1 0
    outer loop
      vertex 7.64545 -2.3 73.4
      vertex 7.26937 -2.3 75.276
      vertex 7.13137 -2.3 75.1186
    endloop
  endfacet
  facet normal 0 -1 0
    outer loop
      vertex 7.64545 -2.3 73.4
      vertex 7.13137 -2.3 75.1186
      vertex 6.97402 -2.3 74.9806
    endloop
  endfacet
  facet normal 0 -1 0
    outer loop
      vertex 7.64545 -2.3 73.4
      vertex 6.97402 -2.3 74.9806
      vertex 6.8 -2.3 74.8644
    endloop
  endfacet
  facet normal 0 -1 0
    outer loop
      vertex 7.64545 -2.3 73.4
      vertex 6 -2.3 74.65
      vertex 4.35455 -2.3 73.4
    endloop
  endfacet
  facet normal 0 -1 0
    outer loop
      vertex 6 -2.3 74.65
      vertex 7.64545 -2.3 73.4
      vertex 6.20884 -2.3 74.6637
    endloop
  endfacet
  facet normal 0 -1 0
    outer loop
      vertex 6.20884 -2.3 74.6637
      vertex 7.64545 -2.3 73.4
      vertex 6.41411 -2.3 74.7045
    endloop
  endfacet
  facet normal 0 -1 0
    outer loop
      vertex 6.41411 -2.3 74.7045
      vertex 7.64545 -2.3 73.4
      vertex 6.61229 -2.3 74.7718
    endloop
  endfacet
  facet normal 0 -1 0
    outer loop
      vertex 6.61229 -2.3 74.7718
      vertex 7.64545 -2.3 73.4
      vertex 6.8 -2.3 74.8644
    endloop
  endfacet
  facet normal 0 -1 0
    outer loop
      vertex 7.38564 -2.3 75.45
      vertex 7.64545 -2.3 73.4
      vertex 9.2909 -2.3 76.25
    endloop
  endfacet
  facet normal 1 0 0
    outer loop
      vertex 11 5 115
      vertex 11 4.5 107
      vertex 11 5 107
    endloop
  endfacet
  facet normal 1 0 0
    outer loop
      vertex 11 -5 115
      vertex 11 4.5 93
      vertex 11 4.5 107
    endloop
  endfacet
  facet normal 1 0 0
    outer loop
      vertex 11 -5 0
      vertex 11 4.5 93
      vertex 11 -5 115
    endloop
  endfacet
  facet normal 1 0 0
    outer loop
      vertex 11 4.5 93
      vertex 11 -5 0
      vertex 11 4.5 19
    endloop
  endfacet
  facet normal 1 -0 0
    outer loop
      vertex 11 -5 115
      vertex 11 4.5 107
      vertex 11 5 115
    endloop
  endfacet
  facet normal 1 0 0
    outer loop
      vertex 11 10.5 93
      vertex 11 5 72.25
      vertex 11 10.5 72.25
    endloop
  endfacet
  facet normal 1 -0 0
    outer loop
      vertex 11 4.5 93
      vertex 11 5 72.25
      vertex 11 10.5 93
    endloop
  endfacet
  facet normal 1 0 0
    outer loop
      vertex 11 4.5 19
      vertex 11 5 72.25
      vertex 11 4.5 93
    endloop
  endfacet
  facet normal 1 0 0
    outer loop
      vertex 11 5 72.25
      vertex 11 4.5 19
      vertex 11 5 19
    endloop
  endfacet
  facet normal 1 -0 0
    outer loop
      vertex 11 4.5 5
      vertex 11 5 0
      vertex 11 5 5
    endloop
  endfacet
  facet normal 1 0 0
    outer loop
      vertex 11 4.5 5
      vertex 11 -5 0
      vertex 11 5 0
    endloop
  endfacet
  facet normal 1 0 0
    outer loop
      vertex 11 4.5 19
      vertex 11 -5 0
      vertex 11 4.5 5
    endloop
  endfacet
  facet normal -0 0 1
    outer loop
      vertex -11 5 115
      vertex 11 -5 115
      vertex 11 5 115
    endloop
  endfacet
  facet normal 0 0 1
    outer loop
      vertex 11 -5 115
      vertex -11 5 115
      vertex -11 -5 115
    endloop
  endfacet
  facet normal 0 0 -1
    outer loop
      vertex -11 -5 0
      vertex 11 5 0
      vertex 11 -5 0
    endloop
  endfacet
  facet normal -0 0 -1
    outer loop
      vertex 11 5 0
      vertex -11 -5 0
      vertex -11 5 0
    endloop
  endfacet
  facet normal -1 0 0
    outer loop
      vertex -11 5 0
      vertex -11 4.5 5
      vertex -11 5 5
    endloop
  endfacet
  facet normal -1 0 0
    outer loop
      vertex -11 -5 0
      vertex -11 4.5 19
      vertex -11 4.5 5
    endloop
  endfacet
  facet normal -1 -0 0
    outer loop
      vertex -11 4.5 19
      vertex -11 -5 0
      vertex -11 4.5 93
    endloop
  endfacet
  facet normal -1 0 0
    outer loop
      vertex -11 -5 115
      vertex -11 4.5 93
      vertex -11 -5 0
    endloop
  endfacet
  facet normal -1 0 0
    outer loop
      vertex -11 -5 0
      vertex -11 4.5 5
      vertex -11 5 0
    endloop
  endfacet
  facet normal -1 0 0
    outer loop
      vertex -11 5 19
      vertex -11 4.5 19
      vertex -11 5 72.25
    endloop
  endfacet
  facet normal -1 0 0
    outer loop
      vertex -11 5 72.25
      vertex -11 10.5 93
      vertex -11 10.5 72.25
    endloop
  endfacet
  facet normal -1 0 0
    outer loop
      vertex -11 5 72.25
      vertex -11 4.5 93
      vertex -11 10.5 93
    endloop
  endfacet
  facet normal -1 0 0
    outer loop
      vertex -11 4.5 93
      vertex -11 5 72.25
      vertex -11 4.5 19
    endloop
  endfacet
  facet normal -1 0 0
    outer loop
      vertex -11 4.5 107
      vertex -11 5 115
      vertex -11 5 107
    endloop
  endfacet
  facet normal -1 0 0
    outer loop
      vertex -11 4.5 93
      vertex -11 -5 115
      vertex -11 4.5 107
    endloop
  endfacet
  facet normal -1 0 0
    outer loop
      vertex -11 4.5 107
      vertex -11 -5 115
      vertex -11 5 115
    endloop
  endfacet
  facet normal 0 1 -0
    outer loop
      vertex 11 5 107
      vertex -11 5 115
      vertex 11 5 115
    endloop
  endfacet
  facet normal 0 1 0
    outer loop
      vertex -11 5 115
      vertex 11 5 107
      vertex -11 5 107
    endloop
  endfacet
  facet normal 0 1 -0
    outer loop
      vertex 11 5 0
      vertex -11 5 5
      vertex 11 5 5
    endloop
  endfacet
  facet normal 0 1 0
    outer loop
      vertex -11 5 5
      vertex 11 5 0
      vertex -11 5 0
    endloop
  endfacet
  facet normal 0 1 0
    outer loop
      vertex 11 5 72.25
      vertex 0 5 32.75
      vertex -11 5 72.25
    endloop
  endfacet
  facet normal 0 1 0
    outer loop
      vertex 11 5 72.25
      vertex 0.685262 5 32.7051
      vertex 0 5 32.75
    endloop
  endfacet
  facet normal 0 1 0
    outer loop
      vertex 11 5 72.25
      vertex 1.3588 5 32.5711
      vertex 0.685262 5 32.7051
    endloop
  endfacet
  facet normal 0 1 0
    outer loop
      vertex 11 5 72.25
      vertex 2.00909 5 32.3504
      vertex 1.3588 5 32.5711
    endloop
  endfacet
  facet normal 0 1 0
    outer loop
      vertex 11 5 72.25
      vertex 2.625 5 32.0466
      vertex 2.00909 5 32.3504
    endloop
  endfacet
  facet normal 0 1 0
    outer loop
      vertex 11 5 72.25
      vertex 3.196 5 31.6651
      vertex 2.625 5 32.0466
    endloop
  endfacet
  facet normal 0 1 0
    outer loop
      vertex 11 5 72.25
      vertex 3.71231 5 31.2123
      vertex 3.196 5 31.6651
    endloop
  endfacet
  facet normal 0 1 0
    outer loop
      vertex 11 5 72.25
      vertex 4.1651 5 30.696
      vertex 3.71231 5 31.2123
    endloop
  endfacet
  facet normal 0 1 0
    outer loop
      vertex 11 5 72.25
      vertex 4.54663 5 30.125
      vertex 4.1651 5 30.696
    endloop
  endfacet
  facet normal 0 1 0
    outer loop
      vertex 11 5 72.25
      vertex 4.85037 5 29.5091
      vertex 4.54663 5 30.125
    endloop
  endfacet
  facet normal 0 1 -0
    outer loop
      vertex 11 5 19
      vertex 4.85037 5 29.5091
      vertex 11 5 72.25
    endloop
  endfacet
  facet normal 0 1 0
    outer loop
      vertex 4.85037 5 29.5091
      vertex 11 5 19
      vertex 5.07111 5 28.8588
    endloop
  endfacet
  facet normal 0 1 0
    outer loop
      vertex 5.07111 5 28.8588
      vertex 11 5 19
      vertex 5.20508 5 28.1853
    endloop
  endfacet
  facet normal 0 1 0
    outer loop
      vertex 5.20508 5 28.1853
      vertex 11 5 19
      vertex 5.25 5 27.5
    endloop
  endfacet
  facet normal 0 1 0
    outer loop
      vertex 5.25 5 27.5
      vertex 11 5 19
      vertex 5.25 5 23.5
    endloop
  endfacet
  facet normal 0 1 0
    outer loop
      vertex 5.25 5 23.5
      vertex 11 5 19
      vertex 5.20508 5 22.8147
    endloop
  endfacet
  facet normal 0 1 0
    outer loop
      vertex 11 5 19
      vertex 5.07111 5 22.1412
      vertex 5.20508 5 22.8147
    endloop
  endfacet
  facet normal 0 1 0
    outer loop
      vertex 11 5 19
      vertex 4.85037 5 21.4909
      vertex 5.07111 5 22.1412
    endloop
  endfacet
  facet normal 0 1 0
    outer loop
      vertex 11 5 19
      vertex 4.54663 5 20.875
      vertex 4.85037 5 21.4909
    endloop
  endfacet
  facet normal 0 1 0
    outer loop
      vertex 11 5 19
      vertex 4.1651 5 20.304
      vertex 4.54663 5 20.875
    endloop
  endfacet
  facet normal 0 1 0
    outer loop
      vertex 11 5 19
      vertex 3.71231 5 19.7877
      vertex 4.1651 5 20.304
    endloop
  endfacet
  facet normal 0 1 0
    outer loop
      vertex 11 5 19
      vertex 3.196 5 19.3349
      vertex 3.71231 5 19.7877
    endloop
  endfacet
  facet normal 0 1 0
    outer loop
      vertex 3.196 5 19.3349
      vertex 11 5 19
      vertex 2.69479 5 19
    endloop
  endfacet
  facet normal 0 1 -0
    outer loop
      vertex -0.685262 5 32.7051
      vertex -11 5 72.25
      vertex 0 5 32.75
    endloop
  endfacet
  facet normal 0 1 -0
    outer loop
      vertex -1.3588 5 32.5711
      vertex -11 5 72.25
      vertex -0.685262 5 32.7051
    endloop
  endfacet
  facet normal 0 1 -0
    outer loop
      vertex -2.00909 5 32.3504
      vertex -11 5 72.25
      vertex -1.3588 5 32.5711
    endloop
  endfacet
  facet normal 0 1 -0
    outer loop
      vertex -2.625 5 32.0466
      vertex -11 5 72.25
      vertex -2.00909 5 32.3504
    endloop
  endfacet
  facet normal 0 1 -0
    outer loop
      vertex -3.196 5 31.6651
      vertex -11 5 72.25
      vertex -2.625 5 32.0466
    endloop
  endfacet
  facet normal 0 1 -0
    outer loop
      vertex -3.71231 5 31.2123
      vertex -11 5 72.25
      vertex -3.196 5 31.6651
    endloop
  endfacet
  facet normal 0 1 -0
    outer loop
      vertex -4.1651 5 30.696
      vertex -11 5 72.25
      vertex -3.71231 5 31.2123
    endloop
  endfacet
  facet normal 0 1 -0
    outer loop
      vertex -4.54663 5 30.125
      vertex -11 5 72.25
      vertex -4.1651 5 30.696
    endloop
  endfacet
  facet normal 0 1 -0
    outer loop
      vertex -4.85037 5 29.5091
      vertex -11 5 72.25
      vertex -4.54663 5 30.125
    endloop
  endfacet
  facet normal 0 1 0
    outer loop
      vertex -11 5 19
      vertex -4.85037 5 29.5091
      vertex -5.07111 5 28.8588
    endloop
  endfacet
  facet normal 0 1 0
    outer loop
      vertex -11 5 19
      vertex -5.07111 5 28.8588
      vertex -5.20508 5 28.1853
    endloop
  endfacet
  facet normal 0 1 0
    outer loop
      vertex -11 5 19
      vertex -5.20508 5 28.1853
      vertex -5.25 5 27.5
    endloop
  endfacet
  facet normal 0 1 0
    outer loop
      vertex -11 5 19
      vertex -5.25 5 27.5
      vertex -5.25 5 23.5
    endloop
  endfacet
  facet normal 0 1 0
    outer loop
      vertex -11 5 19
      vertex -5.25 5 23.5
      vertex -5.20508 5 22.8147
    endloop
  endfacet
  facet normal 0 1 0
    outer loop
      vertex -4.85037 5 29.5091
      vertex -11 5 19
      vertex -11 5 72.25
    endloop
  endfacet
  facet normal 0 1 0
    outer loop
      vertex -5.07111 5 22.1412
      vertex -11 5 19
      vertex -5.20508 5 22.8147
    endloop
  endfacet
  facet normal 0 1 0
    outer loop
      vertex -4.85037 5 21.4909
      vertex -11 5 19
      vertex -5.07111 5 22.1412
    endloop
  endfacet
  facet normal 0 1 0
    outer loop
      vertex -4.54663 5 20.875
      vertex -11 5 19
      vertex -4.85037 5 21.4909
    endloop
  endfacet
  facet normal 0 1 0
    outer loop
      vertex -4.1651 5 20.304
      vertex -11 5 19
      vertex -4.54663 5 20.875
    endloop
  endfacet
  facet normal 0 1 0
    outer loop
      vertex -3.71231 5 19.7877
      vertex -11 5 19
      vertex -4.1651 5 20.304
    endloop
  endfacet
  facet normal 0 1 0
    outer loop
      vertex -3.196 5 19.3349
      vertex -11 5 19
      vertex -3.71231 5 19.7877
    endloop
  endfacet
  facet normal 0 1 0
    outer loop
      vertex -11 5 19
      vertex -3.196 5 19.3349
      vertex -2.69479 5 19
    endloop
  endfacet
  facet normal 0 1 0
    outer loop
      vertex 0 5 96.75
      vertex 0 5 97.25
      vertex 0.750525 5 97.2008
    endloop
  endfacet
  facet normal 0 1 0
    outer loop
      vertex 0.685262 5 96.7051
      vertex 0.750525 5 97.2008
      vertex 1.48821 5 97.0541
    endloop
  endfacet
  facet normal 0 1 0
    outer loop
      vertex 0 5 97.25
      vertex 0 5 96.75
      vertex -0.750525 5 97.2008
    endloop
  endfacet
  facet normal 0 1 0
    outer loop
      vertex 1.3588 5 96.5711
      vertex 1.48821 5 97.0541
      vertex 2.20043 5 96.8123
    endloop
  endfacet
  facet normal 0 1 -0
    outer loop
      vertex -0.685262 5 96.7051
      vertex -0.750525 5 97.2008
      vertex 0 5 96.75
    endloop
  endfacet
  facet normal 0 1 0
    outer loop
      vertex -0.750525 5 97.2008
      vertex -0.685262 5 96.7051
      vertex -1.48821 5 97.0541
    endloop
  endfacet
  facet normal 0 1 0
    outer loop
      vertex 0.750525 5 97.2008
      vertex 0.685262 5 96.7051
      vertex 0 5 96.75
    endloop
  endfacet
  facet normal 0 1 0
    outer loop
      vertex 1.48821 5 97.0541
      vertex 1.3588 5 96.5711
      vertex 0.685262 5 96.7051
    endloop
  endfacet
  facet normal 0 1 0
    outer loop
      vertex 2.00909 5 96.3504
      vertex 2.20043 5 96.8123
      vertex 2.875 5 96.4796
    endloop
  endfacet
  facet normal 0 1 0
    outer loop
      vertex 2.20043 5 96.8123
      vertex 2.00909 5 96.3504
      vertex 1.3588 5 96.5711
    endloop
  endfacet
  facet normal 0 1 0
    outer loop
      vertex 2.625 5 96.0466
      vertex 2.875 5 96.4796
      vertex 3.50038 5 96.0618
    endloop
  endfacet
  facet normal 0 1 0
    outer loop
      vertex 2.875 5 96.4796
      vertex 2.625 5 96.0466
      vertex 2.00909 5 96.3504
    endloop
  endfacet
  facet normal 0 1 0
    outer loop
      vertex 3.50038 5 96.0618
      vertex 3.196 5 95.6651
      vertex 2.625 5 96.0466
    endloop
  endfacet
  facet normal 0 1 0
    outer loop
      vertex 4.06586 5 95.5659
      vertex 3.196 5 95.6651
      vertex 3.50038 5 96.0618
    endloop
  endfacet
  facet normal 0 1 0
    outer loop
      vertex 4.06586 5 95.5659
      vertex 3.71231 5 95.2123
      vertex 3.196 5 95.6651
    endloop
  endfacet
  facet normal 0 1 0
    outer loop
      vertex 4.56178 5 95.0004
      vertex 3.71231 5 95.2123
      vertex 4.06586 5 95.5659
    endloop
  endfacet
  facet normal 0 1 0
    outer loop
      vertex 4.56178 5 95.0004
      vertex 4.1651 5 94.696
      vertex 3.71231 5 95.2123
    endloop
  endfacet
  facet normal 0 1 0
    outer loop
      vertex 4.97965 5 94.375
      vertex 4.1651 5 94.696
      vertex 4.56178 5 95.0004
    endloop
  endfacet
  facet normal 0 1 0
    outer loop
      vertex 4.97965 5 94.375
      vertex 4.54663 5 94.125
      vertex 4.1651 5 94.696
    endloop
  endfacet
  facet normal 0 1 0
    outer loop
      vertex 5.31231 5 93.7004
      vertex 4.54663 5 94.125
      vertex 4.97965 5 94.375
    endloop
  endfacet
  facet normal 0 1 0
    outer loop
      vertex 5.31231 5 93.7004
      vertex 4.85037 5 93.5091
      vertex 4.54663 5 94.125
    endloop
  endfacet
  facet normal 0 1 0
    outer loop
      vertex 5.55407 5 92.9882
      vertex 4.85037 5 93.5091
      vertex 5.31231 5 93.7004
    endloop
  endfacet
  facet normal 0 1 0
    outer loop
      vertex 5.55407 5 92.9882
      vertex 5.07111 5 92.8588
      vertex 4.85037 5 93.5091
    endloop
  endfacet
  facet normal 0 1 0
    outer loop
      vertex 5.70081 5 92.2505
      vertex 5.07111 5 92.8588
      vertex 5.55407 5 92.9882
    endloop
  endfacet
  facet normal 0 1 0
    outer loop
      vertex 5.70081 5 92.2505
      vertex 5.20508 5 92.1853
      vertex 5.07111 5 92.8588
    endloop
  endfacet
  facet normal 0 1 0
    outer loop
      vertex 5.75 5 91.5
      vertex 5.20508 5 92.1853
      vertex 5.70081 5 92.2505
    endloop
  endfacet
  facet normal 0 1 0
    outer loop
      vertex 5.75 5 91.5
      vertex 5.25 5 91.5
      vertex 5.20508 5 92.1853
    endloop
  endfacet
  facet normal 0 1 -0
    outer loop
      vertex 5.75 5 87.5
      vertex 5.25 5 91.5
      vertex 5.75 5 91.5
    endloop
  endfacet
  facet normal 0 1 0
    outer loop
      vertex 5.75 5 87.5
      vertex 5.25 5 87.5
      vertex 5.25 5 91.5
    endloop
  endfacet
  facet normal 0 1 0
    outer loop
      vertex 5.75 5 87.5
      vertex 5.20508 5 86.8147
      vertex 5.25 5 87.5
    endloop
  endfacet
  facet normal 0 1 -0
    outer loop
      vertex 5.70081 5 86.7495
      vertex 5.20508 5 86.8147
      vertex 5.75 5 87.5
    endloop
  endfacet
  facet normal 0 1 0
    outer loop
      vertex 5.70081 5 86.7495
      vertex 5.07111 5 86.1412
      vertex 5.20508 5 86.8147
    endloop
  endfacet
  facet normal 0 1 -0
    outer loop
      vertex 5.55407 5 86.0118
      vertex 5.07111 5 86.1412
      vertex 5.70081 5 86.7495
    endloop
  endfacet
  facet normal 0 1 0
    outer loop
      vertex 5.55407 5 86.0118
      vertex 4.85037 5 85.4909
      vertex 5.07111 5 86.1412
    endloop
  endfacet
  facet normal 0 1 -0
    outer loop
      vertex 5.31231 5 85.2996
      vertex 4.85037 5 85.4909
      vertex 5.55407 5 86.0118
    endloop
  endfacet
  facet normal 0 1 0
    outer loop
      vertex 5.31231 5 85.2996
      vertex 4.54663 5 84.875
      vertex 4.85037 5 85.4909
    endloop
  endfacet
  facet normal 0 1 -0
    outer loop
      vertex 4.97965 5 84.625
      vertex 4.54663 5 84.875
      vertex 5.31231 5 85.2996
    endloop
  endfacet
  facet normal 0 1 0
    outer loop
      vertex 4.97965 5 84.625
      vertex 4.1651 5 84.304
      vertex 4.54663 5 84.875
    endloop
  endfacet
  facet normal 0 1 -0
    outer loop
      vertex 4.56178 5 83.9996
      vertex 4.1651 5 84.304
      vertex 4.97965 5 84.625
    endloop
  endfacet
  facet normal 0 1 0
    outer loop
      vertex 4.56178 5 83.9996
      vertex 3.71231 5 83.7877
      vertex 4.1651 5 84.304
    endloop
  endfacet
  facet normal 0 1 -0
    outer loop
      vertex 4.06586 5 83.4341
      vertex 3.71231 5 83.7877
      vertex 4.56178 5 83.9996
    endloop
  endfacet
  facet normal 0 1 0
    outer loop
      vertex 4.06586 5 83.4341
      vertex 3.196 5 83.3349
      vertex 3.71231 5 83.7877
    endloop
  endfacet
  facet normal 0 1 -0
    outer loop
      vertex 3.50038 5 82.9382
      vertex 3.196 5 83.3349
      vertex 4.06586 5 83.4341
    endloop
  endfacet
  facet normal 0 1 0
    outer loop
      vertex 3.196 5 83.3349
      vertex 3.50038 5 82.9382
      vertex 2.625 5 82.9534
    endloop
  endfacet
  facet normal 0 1 -0
    outer loop
      vertex 2.875 5 82.5204
      vertex 2.625 5 82.9534
      vertex 3.50038 5 82.9382
    endloop
  endfacet
  facet normal 0 1 0
    outer loop
      vertex 2.625 5 82.9534
      vertex 2.875 5 82.5204
      vertex 2.00909 5 82.6496
    endloop
  endfacet
  facet normal 0 1 -0
    outer loop
      vertex 2.20043 5 82.1877
      vertex 2.00909 5 82.6496
      vertex 2.875 5 82.5204
    endloop
  endfacet
  facet normal 0 1 0
    outer loop
      vertex 2.00909 5 82.6496
      vertex 2.20043 5 82.1877
      vertex 1.3588 5 82.4289
    endloop
  endfacet
  facet normal 0 1 0
    outer loop
      vertex 1.3588 5 82.4289
      vertex 1.48821 5 81.9459
      vertex 0.685262 5 82.2949
    endloop
  endfacet
  facet normal 0 1 -0
    outer loop
      vertex 1.48821 5 81.9459
      vertex 1.3588 5 82.4289
      vertex 2.20043 5 82.1877
    endloop
  endfacet
  facet normal 0 1 -0
    outer loop
      vertex -1.3588 5 96.5711
      vertex -1.48821 5 97.0541
      vertex -0.685262 5 96.7051
    endloop
  endfacet
  facet normal 0 1 0
    outer loop
      vertex -1.48821 5 97.0541
      vertex -1.3588 5 96.5711
      vertex -2.20043 5 96.8123
    endloop
  endfacet
  facet normal 0 1 -0
    outer loop
      vertex -2.00909 5 96.3504
      vertex -2.20043 5 96.8123
      vertex -1.3588 5 96.5711
    endloop
  endfacet
  facet normal 0 1 0
    outer loop
      vertex -2.20043 5 96.8123
      vertex -2.00909 5 96.3504
      vertex -2.875 5 96.4796
    endloop
  endfacet
  facet normal 0 1 -0
    outer loop
      vertex -2.625 5 96.0466
      vertex -2.875 5 96.4796
      vertex -2.00909 5 96.3504
    endloop
  endfacet
  facet normal 0 1 0
    outer loop
      vertex -2.875 5 96.4796
      vertex -2.625 5 96.0466
      vertex -3.50038 5 96.0618
    endloop
  endfacet
  facet normal 0 1 -0
    outer loop
      vertex -3.196 5 95.6651
      vertex -3.50038 5 96.0618
      vertex -2.625 5 96.0466
    endloop
  endfacet
  facet normal 0 1 0
    outer loop
      vertex -3.196 5 95.6651
      vertex -4.06586 5 95.5659
      vertex -3.50038 5 96.0618
    endloop
  endfacet
  facet normal 0 1 -0
    outer loop
      vertex -3.71231 5 95.2123
      vertex -4.06586 5 95.5659
      vertex -3.196 5 95.6651
    endloop
  endfacet
  facet normal 0 1 0
    outer loop
      vertex -3.71231 5 95.2123
      vertex -4.56178 5 95.0004
      vertex -4.06586 5 95.5659
    endloop
  endfacet
  facet normal 0 1 -0
    outer loop
      vertex -4.1651 5 94.696
      vertex -4.56178 5 95.0004
      vertex -3.71231 5 95.2123
    endloop
  endfacet
  facet normal 0 1 0
    outer loop
      vertex -4.1651 5 94.696
      vertex -4.97965 5 94.375
      vertex -4.56178 5 95.0004
    endloop
  endfacet
  facet normal 0 1 -0
    outer loop
      vertex -4.54663 5 94.125
      vertex -4.97965 5 94.375
      vertex -4.1651 5 94.696
    endloop
  endfacet
  facet normal 0 1 0
    outer loop
      vertex -4.54663 5 94.125
      vertex -5.31231 5 93.7004
      vertex -4.97965 5 94.375
    endloop
  endfacet
  facet normal 0 1 -0
    outer loop
      vertex -4.85037 5 93.5091
      vertex -5.31231 5 93.7004
      vertex -4.54663 5 94.125
    endloop
  endfacet
  facet normal 0 1 0
    outer loop
      vertex -4.85037 5 93.5091
      vertex -5.55407 5 92.9882
      vertex -5.31231 5 93.7004
    endloop
  endfacet
  facet normal 0 1 -0
    outer loop
      vertex -5.07111 5 92.8588
      vertex -5.55407 5 92.9882
      vertex -4.85037 5 93.5091
    endloop
  endfacet
  facet normal 0 1 0
    outer loop
      vertex -5.07111 5 92.8588
      vertex -5.70081 5 92.2505
      vertex -5.55407 5 92.9882
    endloop
  endfacet
  facet normal 0 1 -0
    outer loop
      vertex -5.20508 5 92.1853
      vertex -5.70081 5 92.2505
      vertex -5.07111 5 92.8588
    endloop
  endfacet
  facet normal 0 1 -0
    outer loop
      vertex -5.25 5 91.5
      vertex -5.70081 5 92.2505
      vertex -5.20508 5 92.1853
    endloop
  endfacet
  facet normal 0 1 0
    outer loop
      vertex -5.25 5 91.5
      vertex -5.75 5 91.5
      vertex -5.70081 5 92.2505
    endloop
  endfacet
  facet normal 0 1 -0
    outer loop
      vertex -5.25 5 87.5
      vertex -5.75 5 91.5
      vertex -5.25 5 91.5
    endloop
  endfacet
  facet normal 0 1 0
    outer loop
      vertex -5.25 5 87.5
      vertex -5.75 5 87.5
      vertex -5.75 5 91.5
    endloop
  endfacet
  facet normal 0 1 0
    outer loop
      vertex -5.20508 5 86.8147
      vertex -5.75 5 87.5
      vertex -5.25 5 87.5
    endloop
  endfacet
  facet normal 0 1 0
    outer loop
      vertex -5.20508 5 86.8147
      vertex -5.70081 5 86.7495
      vertex -5.75 5 87.5
    endloop
  endfacet
  facet normal 0 1 0
    outer loop
      vertex -5.07111 5 86.1412
      vertex -5.70081 5 86.7495
      vertex -5.20508 5 86.8147
    endloop
  endfacet
  facet normal 0 1 0
    outer loop
      vertex -5.07111 5 86.1412
      vertex -5.55407 5 86.0118
      vertex -5.70081 5 86.7495
    endloop
  endfacet
  facet normal 0 1 0
    outer loop
      vertex -4.85037 5 85.4909
      vertex -5.55407 5 86.0118
      vertex -5.07111 5 86.1412
    endloop
  endfacet
  facet normal 0 1 0
    outer loop
      vertex -4.85037 5 85.4909
      vertex -5.31231 5 85.2996
      vertex -5.55407 5 86.0118
    endloop
  endfacet
  facet normal 0 1 0
    outer loop
      vertex -4.54663 5 84.875
      vertex -5.31231 5 85.2996
      vertex -4.85037 5 85.4909
    endloop
  endfacet
  facet normal 0 1 0
    outer loop
      vertex -4.54663 5 84.875
      vertex -4.97965 5 84.625
      vertex -5.31231 5 85.2996
    endloop
  endfacet
  facet normal 0 1 0
    outer loop
      vertex -4.1651 5 84.304
      vertex -4.97965 5 84.625
      vertex -4.54663 5 84.875
    endloop
  endfacet
  facet normal 0 1 0
    outer loop
      vertex -4.1651 5 84.304
      vertex -4.56178 5 83.9996
      vertex -4.97965 5 84.625
    endloop
  endfacet
  facet normal 0 1 0
    outer loop
      vertex -3.71231 5 83.7877
      vertex -4.56178 5 83.9996
      vertex -4.1651 5 84.304
    endloop
  endfacet
  facet normal 0 1 0
    outer loop
      vertex -3.71231 5 83.7877
      vertex -4.06586 5 83.4341
      vertex -4.56178 5 83.9996
    endloop
  endfacet
  facet normal 0 1 0
    outer loop
      vertex -3.196 5 83.3349
      vertex -4.06586 5 83.4341
      vertex -3.71231 5 83.7877
    endloop
  endfacet
  facet normal 0 1 0
    outer loop
      vertex -3.50038 5 82.9382
      vertex -3.196 5 83.3349
      vertex -2.625 5 82.9534
    endloop
  endfacet
  facet normal 0 1 0
    outer loop
      vertex -3.196 5 83.3349
      vertex -3.50038 5 82.9382
      vertex -4.06586 5 83.4341
    endloop
  endfacet
  facet normal 0 1 0
    outer loop
      vertex -2.875 5 82.5204
      vertex -2.625 5 82.9534
      vertex -2.00909 5 82.6496
    endloop
  endfacet
  facet normal 0 1 0
    outer loop
      vertex -2.625 5 82.9534
      vertex -2.875 5 82.5204
      vertex -3.50038 5 82.9382
    endloop
  endfacet
  facet normal 0 1 0
    outer loop
      vertex -2.20043 5 82.1877
      vertex -2.00909 5 82.6496
      vertex -1.3588 5 82.4289
    endloop
  endfacet
  facet normal 0 1 0
    outer loop
      vertex -1.48821 5 81.9459
      vertex -1.3588 5 82.4289
      vertex -0.685262 5 82.2949
    endloop
  endfacet
  facet normal 0 1 0
    outer loop
      vertex -2.00909 5 82.6496
      vertex -2.20043 5 82.1877
      vertex -2.875 5 82.5204
    endloop
  endfacet
  facet normal 0 1 0
    outer loop
      vertex -0.750525 5 81.7992
      vertex -0.685262 5 82.2949
      vertex 0 5 82.25
    endloop
  endfacet
  facet normal 0 1 -0
    outer loop
      vertex 0.750525 5 81.7992
      vertex 0.685262 5 82.2949
      vertex 1.48821 5 81.9459
    endloop
  endfacet
  facet normal 0 1 0
    outer loop
      vertex 0.685262 5 82.2949
      vertex 0.750525 5 81.7992
      vertex 0 5 82.25
    endloop
  endfacet
  facet normal 0 1 0
    outer loop
      vertex -1.3588 5 82.4289
      vertex -1.48821 5 81.9459
      vertex -2.20043 5 82.1877
    endloop
  endfacet
  facet normal 0 1 0
    outer loop
      vertex 0 5 81.75
      vertex 0 5 82.25
      vertex 0.750525 5 81.7992
    endloop
  endfacet
  facet normal 0 1 0
    outer loop
      vertex -0.685262 5 82.2949
      vertex -0.750525 5 81.7992
      vertex -1.48821 5 81.9459
    endloop
  endfacet
  facet normal 0 1 0
    outer loop
      vertex 0 5 82.25
      vertex 0 5 81.75
      vertex -0.750525 5 81.7992
    endloop
  endfacet
  facet normal 0 -1 0
    outer loop
      vertex -2.7091 -5 12
      vertex 4.35455 -5 14.85
      vertex -4.35455 -5 14.85
    endloop
  endfacet
  facet normal 0 -1 0
    outer loop
      vertex -2.7091 -5 12
      vertex 2.7091 -5 12
      vertex 4.35455 -5 14.85
    endloop
  endfacet
  facet normal 0 -1 0
    outer loop
      vertex -4.35455 -5 9.15
      vertex 2.7091 -5 12
      vertex -2.7091 -5 12
    endloop
  endfacet
  facet normal 0 -1 -0
    outer loop
      vertex 2.7091 -5 12
      vertex -4.35455 -5 9.15
      vertex 4.35455 -5 9.15
    endloop
  endfacet
  facet normal 0 -1 0
    outer loop
      vertex -2.7091 -5 76.25
      vertex 4.35455 -5 79.1
      vertex -4.35455 -5 79.1
    endloop
  endfacet
  facet normal 0 -1 0
    outer loop
      vertex -2.7091 -5 76.25
      vertex 2.7091 -5 76.25
      vertex 4.35455 -5 79.1
    endloop
  endfacet
  facet normal 0 -1 0
    outer loop
      vertex -4.35455 -5 73.4
      vertex 2.7091 -5 76.25
      vertex -2.7091 -5 76.25
    endloop
  endfacet
  facet normal 0 -1 -0
    outer loop
      vertex 2.7091 -5 76.25
      vertex -4.35455 -5 73.4
      vertex 4.35455 -5 73.4
    endloop
  endfacet
  facet normal 0 -1 0
    outer loop
      vertex -11 -5 115
      vertex 0 -5 94.25
      vertex 11 -5 115
    endloop
  endfacet
  facet normal 0 -1 0
    outer loop
      vertex -11 -5 115
      vertex -0.358947 -5 94.2265
      vertex 0 -5 94.25
    endloop
  endfacet
  facet normal 0 -1 0
    outer loop
      vertex -11 -5 115
      vertex -0.711752 -5 94.1563
      vertex -0.358947 -5 94.2265
    endloop
  endfacet
  facet normal 0 -1 0
    outer loop
      vertex -11 -5 115
      vertex -1.05238 -5 94.0407
      vertex -0.711752 -5 94.1563
    endloop
  endfacet
  facet normal 0 -1 0
    outer loop
      vertex -11 -5 115
      vertex -1.375 -5 93.8816
      vertex -1.05238 -5 94.0407
    endloop
  endfacet
  facet normal 0 -1 0
    outer loop
      vertex -11 -5 115
      vertex -1.67409 -5 93.6817
      vertex -1.375 -5 93.8816
    endloop
  endfacet
  facet normal 0 -1 0
    outer loop
      vertex -11 -5 115
      vertex -1.94454 -5 93.4445
      vertex -1.67409 -5 93.6817
    endloop
  endfacet
  facet normal 0 -1 0
    outer loop
      vertex -11 -5 115
      vertex -2.18172 -5 93.1741
      vertex -1.94454 -5 93.4445
    endloop
  endfacet
  facet normal 0 -1 0
    outer loop
      vertex -11 -5 115
      vertex -2.38157 -5 92.875
      vertex -2.18172 -5 93.1741
    endloop
  endfacet
  facet normal 0 -1 0
    outer loop
      vertex -11 -5 115
      vertex -2.54067 -5 92.5524
      vertex -2.38157 -5 92.875
    endloop
  endfacet
  facet normal 0 -1 0
    outer loop
      vertex -11 -5 115
      vertex -2.6563 -5 92.2118
      vertex -2.54067 -5 92.5524
    endloop
  endfacet
  facet normal 0 -1 0
    outer loop
      vertex -11 -5 115
      vertex -2.72647 -5 91.8589
      vertex -2.6563 -5 92.2118
    endloop
  endfacet
  facet normal 0 -1 0
    outer loop
      vertex -7.64545 -5 79.1
      vertex -2.72647 -5 91.8589
      vertex -11 -5 115
    endloop
  endfacet
  facet normal 0 -1 0
    outer loop
      vertex -2.72647 -5 91.8589
      vertex -7.64545 -5 79.1
      vertex -2.75 -5 91.5
    endloop
  endfacet
  facet normal 0 -1 -0
    outer loop
      vertex -2.75 -5 91.5
      vertex -7.64545 -5 79.1
      vertex -2.75 -5 87.5
    endloop
  endfacet
  facet normal 0 -1 -0
    outer loop
      vertex -2.75 -5 87.5
      vertex -7.64545 -5 79.1
      vertex -2.72647 -5 87.1411
    endloop
  endfacet
  facet normal 0 -1 -0
    outer loop
      vertex -0.711752 -5 84.8437
      vertex -4.35455 -5 79.1
      vertex -0.358947 -5 84.7735
    endloop
  endfacet
  facet normal 0 -1 -0
    outer loop
      vertex -1.05238 -5 84.9593
      vertex -4.35455 -5 79.1
      vertex -0.711752 -5 84.8437
    endloop
  endfacet
  facet normal 0 -1 -0
    outer loop
      vertex -1.375 -5 85.1184
      vertex -4.35455 -5 79.1
      vertex -1.05238 -5 84.9593
    endloop
  endfacet
  facet normal 0 -1 -0
    outer loop
      vertex -1.67409 -5 85.3183
      vertex -4.35455 -5 79.1
      vertex -1.375 -5 85.1184
    endloop
  endfacet
  facet normal 0 -1 -0
    outer loop
      vertex -1.94454 -5 85.5555
      vertex -4.35455 -5 79.1
      vertex -1.67409 -5 85.3183
    endloop
  endfacet
  facet normal 0 -1 -0
    outer loop
      vertex -2.18172 -5 85.8259
      vertex -4.35455 -5 79.1
      vertex -1.94454 -5 85.5555
    endloop
  endfacet
  facet normal 0 -1 0
    outer loop
      vertex -4.35455 -5 79.1
      vertex -2.18172 -5 85.8259
      vertex -7.64545 -5 79.1
    endloop
  endfacet
  facet normal 0 -1 -0
    outer loop
      vertex -2.38157 -5 86.125
      vertex -7.64545 -5 79.1
      vertex -2.18172 -5 85.8259
    endloop
  endfacet
  facet normal 0 -1 -0
    outer loop
      vertex -2.54067 -5 86.4476
      vertex -7.64545 -5 79.1
      vertex -2.38157 -5 86.125
    endloop
  endfacet
  facet normal 0 -1 -0
    outer loop
      vertex -2.6563 -5 86.7882
      vertex -7.64545 -5 79.1
      vertex -2.54067 -5 86.4476
    endloop
  endfacet
  facet normal 0 -1 -0
    outer loop
      vertex -2.72647 -5 87.1411
      vertex -7.64545 -5 79.1
      vertex -2.6563 -5 86.7882
    endloop
  endfacet
  facet normal 0 -1 0
    outer loop
      vertex -11 -5 115
      vertex -9.2909 -5 76.25
      vertex -7.64545 -5 79.1
    endloop
  endfacet
  facet normal 0 -1 0
    outer loop
      vertex -0.711752 -5 30.1563
      vertex -4.35455 -5 73.4
      vertex -7.64545 -5 73.4
    endloop
  endfacet
  facet normal 0 -1 0
    outer loop
      vertex -4.35455 -5 73.4
      vertex 0 -5 30.25
      vertex 4.35455 -5 73.4
    endloop
  endfacet
  facet normal 0 -1 0
    outer loop
      vertex 0.358947 -5 30.2265
      vertex 4.35455 -5 73.4
      vertex 0 -5 30.25
    endloop
  endfacet
  facet normal 0 -1 0
    outer loop
      vertex -2.6563 -5 28.2118
      vertex -7.64545 -5 73.4
      vertex -9.2909 -5 76.25
    endloop
  endfacet
  facet normal 0 -1 0
    outer loop
      vertex -4.35455 -5 73.4
      vertex -0.358947 -5 30.2265
      vertex 0 -5 30.25
    endloop
  endfacet
  facet normal 0 -1 0
    outer loop
      vertex -4.35455 -5 73.4
      vertex -0.711752 -5 30.1563
      vertex -0.358947 -5 30.2265
    endloop
  endfacet
  facet normal 0 -1 0
    outer loop
      vertex -7.64545 -5 73.4
      vertex -1.05238 -5 30.0407
      vertex -0.711752 -5 30.1563
    endloop
  endfacet
  facet normal 0 -1 0
    outer loop
      vertex -7.64545 -5 73.4
      vertex -1.375 -5 29.8816
      vertex -1.05238 -5 30.0407
    endloop
  endfacet
  facet normal 0 -1 0
    outer loop
      vertex -7.64545 -5 73.4
      vertex -1.67409 -5 29.6817
      vertex -1.375 -5 29.8816
    endloop
  endfacet
  facet normal 0 -1 0
    outer loop
      vertex -7.64545 -5 73.4
      vertex -1.94454 -5 29.4445
      vertex -1.67409 -5 29.6817
    endloop
  endfacet
  facet normal 0 -1 0
    outer loop
      vertex -7.64545 -5 73.4
      vertex -2.18172 -5 29.1741
      vertex -1.94454 -5 29.4445
    endloop
  endfacet
  facet normal 0 -1 0
    outer loop
      vertex -7.64545 -5 73.4
      vertex -2.38157 -5 28.875
      vertex -2.18172 -5 29.1741
    endloop
  endfacet
  facet normal 0 -1 0
    outer loop
      vertex -7.64545 -5 73.4
      vertex -2.54067 -5 28.5524
      vertex -2.38157 -5 28.875
    endloop
  endfacet
  facet normal 0 -1 0
    outer loop
      vertex -7.64545 -5 73.4
      vertex -2.6563 -5 28.2118
      vertex -2.54067 -5 28.5524
    endloop
  endfacet
  facet normal 0 -1 0
    outer loop
      vertex -9.2909 -5 12
      vertex -2.6563 -5 28.2118
      vertex -9.2909 -5 76.25
    endloop
  endfacet
  facet normal -0 -1 0
    outer loop
      vertex -7.64545 -5 14.85
      vertex -2.6563 -5 28.2118
      vertex -9.2909 -5 12
    endloop
  endfacet
  facet normal 0 -1 0
    outer loop
      vertex -2.6563 -5 28.2118
      vertex -7.64545 -5 14.85
      vertex -2.72647 -5 27.8589
    endloop
  endfacet
  facet normal 0 -1 -0
    outer loop
      vertex -2.75 -5 27.5
      vertex -7.64545 -5 14.85
      vertex -2.75 -5 23.5
    endloop
  endfacet
  facet normal 0 -1 -0
    outer loop
      vertex -0.711752 -5 20.8437
      vertex -4.35455 -5 14.85
      vertex -0.358947 -5 20.7735
    endloop
  endfacet
  facet normal 0 -1 -0
    outer loop
      vertex -1.05238 -5 20.9593
      vertex -4.35455 -5 14.85
      vertex -0.711752 -5 20.8437
    endloop
  endfacet
  facet normal 0 -1 -0
    outer loop
      vertex -1.375 -5 21.1184
      vertex -4.35455 -5 14.85
      vertex -1.05238 -5 20.9593
    endloop
  endfacet
  facet normal 0 -1 -0
    outer loop
      vertex -1.67409 -5 21.3183
      vertex -4.35455 -5 14.85
      vertex -1.375 -5 21.1184
    endloop
  endfacet
  facet normal 0 -1 -0
    outer loop
      vertex -1.94454 -5 21.5555
      vertex -4.35455 -5 14.85
      vertex -1.67409 -5 21.3183
    endloop
  endfacet
  facet normal 0 -1 -0
    outer loop
      vertex -2.18172 -5 21.8259
      vertex -4.35455 -5 14.85
      vertex -1.94454 -5 21.5555
    endloop
  endfacet
  facet normal 0 -1 0
    outer loop
      vertex -4.35455 -5 14.85
      vertex -2.18172 -5 21.8259
      vertex -7.64545 -5 14.85
    endloop
  endfacet
  facet normal 0 -1 -0
    outer loop
      vertex -2.38157 -5 22.125
      vertex -7.64545 -5 14.85
      vertex -2.18172 -5 21.8259
    endloop
  endfacet
  facet normal 0 -1 -0
    outer loop
      vertex -2.54067 -5 22.4476
      vertex -7.64545 -5 14.85
      vertex -2.38157 -5 22.125
    endloop
  endfacet
  facet normal 0 -1 -0
    outer loop
      vertex -2.6563 -5 22.7882
      vertex -7.64545 -5 14.85
      vertex -2.54067 -5 22.4476
    endloop
  endfacet
  facet normal 0 -1 -0
    outer loop
      vertex -2.72647 -5 23.1411
      vertex -7.64545 -5 14.85
      vertex -2.6563 -5 22.7882
    endloop
  endfacet
  facet normal 0 -1 -0
    outer loop
      vertex -2.75 -5 23.5
      vertex -7.64545 -5 14.85
      vertex -2.72647 -5 23.1411
    endloop
  endfacet
  facet normal 0 -1 0
    outer loop
      vertex -11 -5 0
      vertex -9.2909 -5 76.25
      vertex -11 -5 115
    endloop
  endfacet
  facet normal 0 -1 0
    outer loop
      vertex -2.72647 -5 27.8589
      vertex -7.64545 -5 14.85
      vertex -2.75 -5 27.5
    endloop
  endfacet
  facet normal 0 -1 0
    outer loop
      vertex -11 -5 0
      vertex -4.35455 -5 9.15
      vertex -7.64545 -5 9.15
    endloop
  endfacet
  facet normal 0 -1 -0
    outer loop
      vertex -4.35455 -5 9.15
      vertex -11 -5 0
      vertex 4.35455 -5 9.15
    endloop
  endfacet
  facet normal 0 -1 0
    outer loop
      vertex 11 -5 0
      vertex 4.35455 -5 9.15
      vertex -11 -5 0
    endloop
  endfacet
  facet normal 0 -1 -0
    outer loop
      vertex -9.2909 -5 12
      vertex -11 -5 0
      vertex -7.64545 -5 9.15
    endloop
  endfacet
  facet normal 0 -1 -0
    outer loop
      vertex -9.2909 -5 76.25
      vertex -11 -5 0
      vertex -9.2909 -5 12
    endloop
  endfacet
  facet normal 0 -1 0
    outer loop
      vertex 0.358947 -5 94.2265
      vertex 11 -5 115
      vertex 0 -5 94.25
    endloop
  endfacet
  facet normal 0 -1 0
    outer loop
      vertex 0.711752 -5 94.1563
      vertex 11 -5 115
      vertex 0.358947 -5 94.2265
    endloop
  endfacet
  facet normal 0 -1 0
    outer loop
      vertex 1.05238 -5 94.0407
      vertex 11 -5 115
      vertex 0.711752 -5 94.1563
    endloop
  endfacet
  facet normal 0 -1 0
    outer loop
      vertex 1.375 -5 93.8816
      vertex 11 -5 115
      vertex 1.05238 -5 94.0407
    endloop
  endfacet
  facet normal 0 -1 0
    outer loop
      vertex 1.67409 -5 93.6817
      vertex 11 -5 115
      vertex 1.375 -5 93.8816
    endloop
  endfacet
  facet normal 0 -1 0
    outer loop
      vertex 1.94454 -5 93.4445
      vertex 11 -5 115
      vertex 1.67409 -5 93.6817
    endloop
  endfacet
  facet normal 0 -1 0
    outer loop
      vertex 2.18172 -5 93.1741
      vertex 11 -5 115
      vertex 1.94454 -5 93.4445
    endloop
  endfacet
  facet normal 0 -1 0
    outer loop
      vertex 2.38157 -5 92.875
      vertex 11 -5 115
      vertex 2.18172 -5 93.1741
    endloop
  endfacet
  facet normal 0 -1 0
    outer loop
      vertex 2.54067 -5 92.5524
      vertex 11 -5 115
      vertex 2.38157 -5 92.875
    endloop
  endfacet
  facet normal 0 -1 0
    outer loop
      vertex 2.6563 -5 92.2118
      vertex 11 -5 115
      vertex 2.54067 -5 92.5524
    endloop
  endfacet
  facet normal 0 -1 0
    outer loop
      vertex 2.72647 -5 91.8589
      vertex 11 -5 115
      vertex 2.6563 -5 92.2118
    endloop
  endfacet
  facet normal 0 -1 0
    outer loop
      vertex 7.64545 -5 79.1
      vertex 2.72647 -5 91.8589
      vertex 2.75 -5 91.5
    endloop
  endfacet
  facet normal 0 -1 0
    outer loop
      vertex 7.64545 -5 79.1
      vertex 2.75 -5 91.5
      vertex 2.75 -5 87.5
    endloop
  endfacet
  facet normal 0 -1 0
    outer loop
      vertex 7.64545 -5 79.1
      vertex 2.75 -5 87.5
      vertex 2.72647 -5 87.1411
    endloop
  endfacet
  facet normal 0 -1 0
    outer loop
      vertex 7.64545 -5 79.1
      vertex 2.72647 -5 87.1411
      vertex 2.6563 -5 86.7882
    endloop
  endfacet
  facet normal 0 -1 -0
    outer loop
      vertex -0.358947 -5 84.7735
      vertex -4.35455 -5 79.1
      vertex 0 -5 84.75
    endloop
  endfacet
  facet normal 0 -1 0
    outer loop
      vertex 4.35455 -5 79.1
      vertex 0 -5 84.75
      vertex -4.35455 -5 79.1
    endloop
  endfacet
  facet normal 0 -1 0
    outer loop
      vertex 0 -5 84.75
      vertex 4.35455 -5 79.1
      vertex 0.358947 -5 84.7735
    endloop
  endfacet
  facet normal 0 -1 0
    outer loop
      vertex 0.358947 -5 84.7735
      vertex 4.35455 -5 79.1
      vertex 0.711752 -5 84.8437
    endloop
  endfacet
  facet normal 0 -1 0
    outer loop
      vertex 0.711752 -5 84.8437
      vertex 4.35455 -5 79.1
      vertex 1.05238 -5 84.9593
    endloop
  endfacet
  facet normal 0 -1 0
    outer loop
      vertex 1.05238 -5 84.9593
      vertex 4.35455 -5 79.1
      vertex 1.375 -5 85.1184
    endloop
  endfacet
  facet normal 0 -1 0
    outer loop
      vertex 1.375 -5 85.1184
      vertex 4.35455 -5 79.1
      vertex 1.67409 -5 85.3183
    endloop
  endfacet
  facet normal 0 -1 0
    outer loop
      vertex 1.67409 -5 85.3183
      vertex 4.35455 -5 79.1
      vertex 1.94454 -5 85.5555
    endloop
  endfacet
  facet normal 0 -1 0
    outer loop
      vertex 4.35455 -5 79.1
      vertex 2.18172 -5 85.8259
      vertex 1.94454 -5 85.5555
    endloop
  endfacet
  facet normal 0 -1 0
    outer loop
      vertex 7.64545 -5 79.1
      vertex 2.18172 -5 85.8259
      vertex 4.35455 -5 79.1
    endloop
  endfacet
  facet normal 0 -1 0
    outer loop
      vertex 2.18172 -5 85.8259
      vertex 7.64545 -5 79.1
      vertex 2.38157 -5 86.125
    endloop
  endfacet
  facet normal 0 -1 0
    outer loop
      vertex 2.38157 -5 86.125
      vertex 7.64545 -5 79.1
      vertex 2.54067 -5 86.4476
    endloop
  endfacet
  facet normal 0 -1 0
    outer loop
      vertex 2.54067 -5 86.4476
      vertex 7.64545 -5 79.1
      vertex 2.6563 -5 86.7882
    endloop
  endfacet
  facet normal 0 -1 0
    outer loop
      vertex 2.72647 -5 91.8589
      vertex 7.64545 -5 79.1
      vertex 11 -5 115
    endloop
  endfacet
  facet normal 0 -1 0
    outer loop
      vertex 9.2909 -5 76.25
      vertex 11 -5 115
      vertex 7.64545 -5 79.1
    endloop
  endfacet
  facet normal 0 -1 0
    outer loop
      vertex 0.711752 -5 30.1563
      vertex 4.35455 -5 73.4
      vertex 0.358947 -5 30.2265
    endloop
  endfacet
  facet normal 0 -1 -0
    outer loop
      vertex 4.35455 -5 73.4
      vertex 0.711752 -5 30.1563
      vertex 7.64545 -5 73.4
    endloop
  endfacet
  facet normal 0 -1 0
    outer loop
      vertex 1.05238 -5 30.0407
      vertex 7.64545 -5 73.4
      vertex 0.711752 -5 30.1563
    endloop
  endfacet
  facet normal 0 -1 0
    outer loop
      vertex 1.375 -5 29.8816
      vertex 7.64545 -5 73.4
      vertex 1.05238 -5 30.0407
    endloop
  endfacet
  facet normal 0 -1 0
    outer loop
      vertex 1.67409 -5 29.6817
      vertex 7.64545 -5 73.4
      vertex 1.375 -5 29.8816
    endloop
  endfacet
  facet normal 0 -1 0
    outer loop
      vertex 1.94454 -5 29.4445
      vertex 7.64545 -5 73.4
      vertex 1.67409 -5 29.6817
    endloop
  endfacet
  facet normal 0 -1 0
    outer loop
      vertex 2.18172 -5 29.1741
      vertex 7.64545 -5 73.4
      vertex 1.94454 -5 29.4445
    endloop
  endfacet
  facet normal 0 -1 0
    outer loop
      vertex 2.38157 -5 28.875
      vertex 7.64545 -5 73.4
      vertex 2.18172 -5 29.1741
    endloop
  endfacet
  facet normal 0 -1 0
    outer loop
      vertex 2.54067 -5 28.5524
      vertex 7.64545 -5 73.4
      vertex 2.38157 -5 28.875
    endloop
  endfacet
  facet normal 0 -1 0
    outer loop
      vertex 2.6563 -5 28.2118
      vertex 7.64545 -5 73.4
      vertex 2.54067 -5 28.5524
    endloop
  endfacet
  facet normal 0 -1 -0
    outer loop
      vertex 7.64545 -5 73.4
      vertex 2.6563 -5 28.2118
      vertex 9.2909 -5 76.25
    endloop
  endfacet
  facet normal 0 -1 0
    outer loop
      vertex 7.64545 -5 14.85
      vertex 2.6563 -5 28.2118
      vertex 2.72647 -5 27.8589
    endloop
  endfacet
  facet normal 0 -1 0
    outer loop
      vertex 7.64545 -5 14.85
      vertex 2.72647 -5 27.8589
      vertex 2.75 -5 27.5
    endloop
  endfacet
  facet normal 0 -1 0
    outer loop
      vertex 7.64545 -5 14.85
      vertex 2.75 -5 27.5
      vertex 2.75 -5 23.5
    endloop
  endfacet
  facet normal 0 -1 0
    outer loop
      vertex 7.64545 -5 14.85
      vertex 2.75 -5 23.5
      vertex 2.72647 -5 23.1411
    endloop
  endfacet
  facet normal 0 -1 -0
    outer loop
      vertex -0.358947 -5 20.7735
      vertex -4.35455 -5 14.85
      vertex 0 -5 20.75
    endloop
  endfacet
  facet normal 0 -1 0
    outer loop
      vertex 4.35455 -5 14.85
      vertex 0 -5 20.75
      vertex -4.35455 -5 14.85
    endloop
  endfacet
  facet normal 0 -1 0
    outer loop
      vertex 0 -5 20.75
      vertex 4.35455 -5 14.85
      vertex 0.358947 -5 20.7735
    endloop
  endfacet
  facet normal 0 -1 0
    outer loop
      vertex 0.358947 -5 20.7735
      vertex 4.35455 -5 14.85
      vertex 0.711752 -5 20.8437
    endloop
  endfacet
  facet normal 0 -1 0
    outer loop
      vertex 0.711752 -5 20.8437
      vertex 4.35455 -5 14.85
      vertex 1.05238 -5 20.9593
    endloop
  endfacet
  facet normal 0 -1 0
    outer loop
      vertex 1.05238 -5 20.9593
      vertex 4.35455 -5 14.85
      vertex 1.375 -5 21.1184
    endloop
  endfacet
  facet normal 0 -1 0
    outer loop
      vertex 1.375 -5 21.1184
      vertex 4.35455 -5 14.85
      vertex 1.67409 -5 21.3183
    endloop
  endfacet
  facet normal 0 -1 0
    outer loop
      vertex 1.67409 -5 21.3183
      vertex 4.35455 -5 14.85
      vertex 1.94454 -5 21.5555
    endloop
  endfacet
  facet normal 0 -1 0
    outer loop
      vertex 4.35455 -5 14.85
      vertex 2.18172 -5 21.8259
      vertex 1.94454 -5 21.5555
    endloop
  endfacet
  facet normal 0 -1 0
    outer loop
      vertex 7.64545 -5 14.85
      vertex 2.18172 -5 21.8259
      vertex 4.35455 -5 14.85
    endloop
  endfacet
  facet normal 0 -1 0
    outer loop
      vertex 2.18172 -5 21.8259
      vertex 7.64545 -5 14.85
      vertex 2.38157 -5 22.125
    endloop
  endfacet
  facet normal 0 -1 0
    outer loop
      vertex 2.38157 -5 22.125
      vertex 7.64545 -5 14.85
      vertex 2.54067 -5 22.4476
    endloop
  endfacet
  facet normal 0 -1 0
    outer loop
      vertex 2.54067 -5 22.4476
      vertex 7.64545 -5 14.85
      vertex 2.6563 -5 22.7882
    endloop
  endfacet
  facet normal 0 -1 0
    outer loop
      vertex 2.6563 -5 22.7882
      vertex 7.64545 -5 14.85
      vertex 2.72647 -5 23.1411
    endloop
  endfacet
  facet normal 0 -1 0
    outer loop
      vertex 2.6563 -5 28.2118
      vertex 7.64545 -5 14.85
      vertex 9.2909 -5 12
    endloop
  endfacet
  facet normal 0 -1 0
    outer loop
      vertex 2.6563 -5 28.2118
      vertex 9.2909 -5 12
      vertex 9.2909 -5 76.25
    endloop
  endfacet
  facet normal 0 -1 0
    outer loop
      vertex 11 -5 0
      vertex 9.2909 -5 76.25
      vertex 9.2909 -5 12
    endloop
  endfacet
  facet normal 0 -1 0
    outer loop
      vertex 9.2909 -5 76.25
      vertex 11 -5 0
      vertex 11 -5 115
    endloop
  endfacet
  facet normal 0 -1 0
    outer loop
      vertex 7.64545 -5 9.15
      vertex 11 -5 0
      vertex 9.2909 -5 12
    endloop
  endfacet
  facet normal 0 -1 0
    outer loop
      vertex 4.35455 -5 9.15
      vertex 11 -5 0
      vertex 7.64545 -5 9.15
    endloop
  endfacet
  facet normal -0.194949 2.04418e-18 0.980813
    outer loop
      vertex -5.79116 6.2 10.4137
      vertex -5.58589 5 10.4545
      vertex -5.58589 6.2 10.4545
    endloop
  endfacet
  facet normal -0.194949 2.04418e-18 0.980813
    outer loop
      vertex -5.58589 5 10.4545
      vertex -5.79116 6.2 10.4137
      vertex -5.79116 5 10.4137
    endloop
  endfacet
  facet normal -0.980791 0 0.195059
    outer loop
      vertex -4.45452 5 11.5859
      vertex -4.41369 6.2 11.7912
      vertex -4.45452 6.2 11.5859
    endloop
  endfacet
  facet normal -0.980791 0 0.195059
    outer loop
      vertex -4.41369 6.2 11.7912
      vertex -4.45452 5 11.5859
      vertex -4.41369 5 11.7912
    endloop
  endfacet
  facet normal -0.997858 0 0.0654247
    outer loop
      vertex -4.41369 5 11.7912
      vertex -4.4 6.2 12
      vertex -4.41369 6.2 11.7912
    endloop
  endfacet
  facet normal -0.997858 0 0.0654247
    outer loop
      vertex -4.4 6.2 12
      vertex -4.41369 5 11.7912
      vertex -4.4 5 12
    endloop
  endfacet
  facet normal -0.946944 0 0.321397
    outer loop
      vertex -4.52179 5 11.3877
      vertex -4.45452 6.2 11.5859
      vertex -4.52179 6.2 11.3877
    endloop
  endfacet
  facet normal -0.946944 0 0.321397
    outer loop
      vertex -4.45452 6.2 11.5859
      vertex -4.52179 5 11.3877
      vertex -4.45452 5 11.5859
    endloop
  endfacet
  facet normal -0.831454 0 0.555593
    outer loop
      vertex -4.73063 5 11.026
      vertex -4.61436 6.2 11.2
      vertex -4.73063 6.2 11.026
    endloop
  endfacet
  facet normal -0.831454 0 0.555593
    outer loop
      vertex -4.61436 6.2 11.2
      vertex -4.73063 5 11.026
      vertex -4.61436 5 11.2
    endloop
  endfacet
  facet normal -0.321555 -1.15988e-18 0.946891
    outer loop
      vertex -5.58589 6.2 10.4545
      vertex -5.38771 5 10.5218
      vertex -5.38771 6.2 10.5218
    endloop
  endfacet
  facet normal -0.321555 -1.15988e-18 0.946891
    outer loop
      vertex -5.38771 5 10.5218
      vertex -5.58589 6.2 10.4545
      vertex -5.58589 5 10.4545
    endloop
  endfacet
  facet normal -0.997858 0 -0.0654247
    outer loop
      vertex -4.4 5 12
      vertex -4.41369 6.2 12.2088
      vertex -4.4 6.2 12
    endloop
  endfacet
  facet normal -0.997858 -0 -0.0654247
    outer loop
      vertex -4.41369 6.2 12.2088
      vertex -4.4 5 12
      vertex -4.41369 5 12.2088
    endloop
  endfacet
  facet normal -0.89686 0 0.442314
    outer loop
      vertex -4.61436 5 11.2
      vertex -4.52179 6.2 11.3877
      vertex -4.61436 6.2 11.2
    endloop
  endfacet
  facet normal -0.89686 0 0.442314
    outer loop
      vertex -4.52179 6.2 11.3877
      vertex -4.61436 5 11.2
      vertex -4.52179 5 11.3877
    endloop
  endfacet
  facet normal 0.321555 1.15988e-18 0.946891
    outer loop
      vertex -6.61229 6.2 10.5218
      vertex -6.41411 5 10.4545
      vertex -6.41411 6.2 10.4545
    endloop
  endfacet
  facet normal 0.321555 1.15988e-18 0.946891
    outer loop
      vertex -6.41411 5 10.4545
      vertex -6.61229 6.2 10.5218
      vertex -6.61229 5 10.5218
    endloop
  endfacet
  facet normal -0.751925 0 0.659248
    outer loop
      vertex -4.86863 5 10.8686
      vertex -4.73063 6.2 11.026
      vertex -4.86863 6.2 10.8686
    endloop
  endfacet
  facet normal -0.751925 0 0.659248
    outer loop
      vertex -4.73063 6.2 11.026
      vertex -4.86863 5 10.8686
      vertex -4.73063 5 11.026
    endloop
  endfacet
  facet normal -0.946944 0 -0.321397
    outer loop
      vertex -4.45452 5 12.4141
      vertex -4.52179 6.2 12.6123
      vertex -4.45452 6.2 12.4141
    endloop
  endfacet
  facet normal -0.946944 -0 -0.321397
    outer loop
      vertex -4.52179 6.2 12.6123
      vertex -4.45452 5 12.4141
      vertex -4.52179 5 12.6123
    endloop
  endfacet
  facet normal -0.980791 0 -0.195059
    outer loop
      vertex -4.41369 5 12.2088
      vertex -4.45452 6.2 12.4141
      vertex -4.41369 6.2 12.2088
    endloop
  endfacet
  facet normal -0.980791 -0 -0.195059
    outer loop
      vertex -4.45452 6.2 12.4141
      vertex -4.41369 5 12.2088
      vertex -4.45452 5 12.4141
    endloop
  endfacet
  facet normal 0.659367 2.42494e-18 0.751821
    outer loop
      vertex -7.13137 6.2 10.8686
      vertex -6.97402 5 10.7306
      vertex -6.97402 6.2 10.7306
    endloop
  endfacet
  facet normal 0.659367 2.42494e-18 0.751821
    outer loop
      vertex -6.97402 5 10.7306
      vertex -7.13137 6.2 10.8686
      vertex -7.13137 5 10.8686
    endloop
  endfacet
  facet normal -0.831454 0 -0.555593
    outer loop
      vertex -4.61436 5 12.8
      vertex -4.73063 6.2 12.974
      vertex -4.61436 6.2 12.8
    endloop
  endfacet
  facet normal -0.831454 -0 -0.555593
    outer loop
      vertex -4.73063 6.2 12.974
      vertex -4.61436 5 12.8
      vertex -4.73063 5 12.974
    endloop
  endfacet
  facet normal -0.44241 4.06641e-18 0.896813
    outer loop
      vertex -5.38771 6.2 10.5218
      vertex -5.2 5 10.6144
      vertex -5.2 6.2 10.6144
    endloop
  endfacet
  facet normal -0.44241 4.06641e-18 0.896813
    outer loop
      vertex -5.2 5 10.6144
      vertex -5.38771 6.2 10.5218
      vertex -5.38771 5 10.5218
    endloop
  endfacet
  facet normal 0.44241 -4.06641e-18 0.896813
    outer loop
      vertex -6.8 6.2 10.6144
      vertex -6.61229 5 10.5218
      vertex -6.61229 6.2 10.5218
    endloop
  endfacet
  facet normal 0.44241 -4.06641e-18 0.896813
    outer loop
      vertex -6.61229 5 10.5218
      vertex -6.8 6.2 10.6144
      vertex -6.8 5 10.6144
    endloop
  endfacet
  facet normal -0.44241 -4.06641e-18 -0.896813
    outer loop
      vertex -5.38771 5 13.4782
      vertex -5.2 6.2 13.3856
      vertex -5.2 5 13.3856
    endloop
  endfacet
  facet normal -0.44241 -4.06641e-18 -0.896813
    outer loop
      vertex -5.2 6.2 13.3856
      vertex -5.38771 5 13.4782
      vertex -5.38771 6.2 13.4782
    endloop
  endfacet
  facet normal -0.321555 1.15988e-18 -0.946891
    outer loop
      vertex -5.58589 5 13.5455
      vertex -5.38771 6.2 13.4782
      vertex -5.38771 5 13.4782
    endloop
  endfacet
  facet normal -0.321555 1.15988e-18 -0.946891
    outer loop
      vertex -5.38771 6.2 13.4782
      vertex -5.58589 5 13.5455
      vertex -5.58589 6.2 13.5455
    endloop
  endfacet
  facet normal 0.555318 5.51576e-18 0.831638
    outer loop
      vertex -6.97402 6.2 10.7306
      vertex -6.8 5 10.6144
      vertex -6.8 6.2 10.6144
    endloop
  endfacet
  facet normal 0.555318 5.51576e-18 0.831638
    outer loop
      vertex -6.8 5 10.6144
      vertex -6.97402 6.2 10.7306
      vertex -6.97402 5 10.7306
    endloop
  endfacet
  facet normal -0.555318 5.51576e-18 -0.831638
    outer loop
      vertex -5.2 5 13.3856
      vertex -5.02598 6.2 13.2694
      vertex -5.02598 5 13.2694
    endloop
  endfacet
  facet normal -0.555318 5.51576e-18 -0.831638
    outer loop
      vertex -5.02598 6.2 13.2694
      vertex -5.2 5 13.3856
      vertex -5.2 6.2 13.3856
    endloop
  endfacet
  facet normal -0.194949 -2.04418e-18 -0.980813
    outer loop
      vertex -5.79116 5 13.5863
      vertex -5.58589 6.2 13.5455
      vertex -5.58589 5 13.5455
    endloop
  endfacet
  facet normal -0.194949 -2.04418e-18 -0.980813
    outer loop
      vertex -5.58589 6.2 13.5455
      vertex -5.79116 5 13.5863
      vertex -5.79116 6.2 13.5863
    endloop
  endfacet
  facet normal -0.659367 -2.42494e-18 0.751821
    outer loop
      vertex -5.02598 6.2 10.7306
      vertex -4.86863 5 10.8686
      vertex -4.86863 6.2 10.8686
    endloop
  endfacet
  facet normal -0.659367 -2.42494e-18 0.751821
    outer loop
      vertex -4.86863 5 10.8686
      vertex -5.02598 6.2 10.7306
      vertex -5.02598 5 10.7306
    endloop
  endfacet
  facet normal 0.946944 -0 0.321397
    outer loop
      vertex -7.54548 5 11.5859
      vertex -7.47821 6.2 11.3877
      vertex -7.54548 6.2 11.5859
    endloop
  endfacet
  facet normal 0.946944 0 0.321397
    outer loop
      vertex -7.47821 6.2 11.3877
      vertex -7.54548 5 11.5859
      vertex -7.47821 5 11.3877
    endloop
  endfacet
  facet normal -0.0654598 5.09647e-19 -0.997855
    outer loop
      vertex -6 5 13.6
      vertex -5.79116 6.2 13.5863
      vertex -5.79116 5 13.5863
    endloop
  endfacet
  facet normal -0.0654598 5.09647e-19 -0.997855
    outer loop
      vertex -5.79116 6.2 13.5863
      vertex -6 5 13.6
      vertex -6 6.2 13.6
    endloop
  endfacet
  facet normal 0.194949 -2.04418e-18 0.980813
    outer loop
      vertex -6.41411 6.2 10.4545
      vertex -6.20884 5 10.4137
      vertex -6.20884 6.2 10.4137
    endloop
  endfacet
  facet normal 0.194949 -2.04418e-18 0.980813
    outer loop
      vertex -6.20884 5 10.4137
      vertex -6.41411 6.2 10.4545
      vertex -6.41411 5 10.4545
    endloop
  endfacet
  facet normal -0.659367 2.42494e-18 -0.751821
    outer loop
      vertex -5.02598 5 13.2694
      vertex -4.86863 6.2 13.1314
      vertex -4.86863 5 13.1314
    endloop
  endfacet
  facet normal -0.659367 2.42494e-18 -0.751821
    outer loop
      vertex -4.86863 6.2 13.1314
      vertex -5.02598 5 13.2694
      vertex -5.02598 6.2 13.2694
    endloop
  endfacet
  facet normal 0.89686 -0 0.442314
    outer loop
      vertex -7.47821 5 11.3877
      vertex -7.38564 6.2 11.2
      vertex -7.47821 6.2 11.3877
    endloop
  endfacet
  facet normal 0.89686 0 0.442314
    outer loop
      vertex -7.38564 6.2 11.2
      vertex -7.47821 5 11.3877
      vertex -7.38564 5 11.2
    endloop
  endfacet
  facet normal -0.89686 0 -0.442314
    outer loop
      vertex -4.52179 5 12.6123
      vertex -4.61436 6.2 12.8
      vertex -4.52179 6.2 12.6123
    endloop
  endfacet
  facet normal -0.89686 -0 -0.442314
    outer loop
      vertex -4.61436 6.2 12.8
      vertex -4.52179 5 12.6123
      vertex -4.61436 5 12.8
    endloop
  endfacet
  facet normal -0.751925 0 -0.659248
    outer loop
      vertex -4.73063 5 12.974
      vertex -4.86863 6.2 13.1314
      vertex -4.73063 6.2 12.974
    endloop
  endfacet
  facet normal -0.751925 -0 -0.659248
    outer loop
      vertex -4.86863 6.2 13.1314
      vertex -4.73063 5 12.974
      vertex -4.86863 5 13.1314
    endloop
  endfacet
  facet normal -0.0654598 -5.09647e-19 0.997855
    outer loop
      vertex -6 6.2 10.4
      vertex -5.79116 5 10.4137
      vertex -5.79116 6.2 10.4137
    endloop
  endfacet
  facet normal -0.0654598 -5.09647e-19 0.997855
    outer loop
      vertex -5.79116 5 10.4137
      vertex -6 6.2 10.4
      vertex -6 5 10.4
    endloop
  endfacet
  facet normal -0.555318 -5.51576e-18 0.831638
    outer loop
      vertex -5.2 6.2 10.6144
      vertex -5.02598 5 10.7306
      vertex -5.02598 6.2 10.7306
    endloop
  endfacet
  facet normal -0.555318 -5.51576e-18 0.831638
    outer loop
      vertex -5.02598 5 10.7306
      vertex -5.2 6.2 10.6144
      vertex -5.2 5 10.6144
    endloop
  endfacet
  facet normal 0.751925 -0 0.659248
    outer loop
      vertex -7.26937 5 11.026
      vertex -7.13137 6.2 10.8686
      vertex -7.26937 6.2 11.026
    endloop
  endfacet
  facet normal 0.751925 0 0.659248
    outer loop
      vertex -7.13137 6.2 10.8686
      vertex -7.26937 5 11.026
      vertex -7.13137 5 10.8686
    endloop
  endfacet
  facet normal 0.0654598 5.09647e-19 0.997855
    outer loop
      vertex -6.20884 6.2 10.4137
      vertex -6 5 10.4
      vertex -6 6.2 10.4
    endloop
  endfacet
  facet normal 0.0654598 5.09647e-19 0.997855
    outer loop
      vertex -6 5 10.4
      vertex -6.20884 6.2 10.4137
      vertex -6.20884 5 10.4137
    endloop
  endfacet
  facet normal 0.980791 -0 0.195059
    outer loop
      vertex -7.58631 5 11.7912
      vertex -7.54548 6.2 11.5859
      vertex -7.58631 6.2 11.7912
    endloop
  endfacet
  facet normal 0.980791 0 0.195059
    outer loop
      vertex -7.54548 6.2 11.5859
      vertex -7.58631 5 11.7912
      vertex -7.54548 5 11.5859
    endloop
  endfacet
  facet normal 0.997858 -0 0.0654247
    outer loop
      vertex -7.6 5 12
      vertex -7.58631 6.2 11.7912
      vertex -7.6 6.2 12
    endloop
  endfacet
  facet normal 0.997858 0 0.0654247
    outer loop
      vertex -7.58631 6.2 11.7912
      vertex -7.6 5 12
      vertex -7.58631 5 11.7912
    endloop
  endfacet
  facet normal 0.831454 -0 0.555593
    outer loop
      vertex -7.38564 5 11.2
      vertex -7.26937 6.2 11.026
      vertex -7.38564 6.2 11.2
    endloop
  endfacet
  facet normal 0.831454 0 0.555593
    outer loop
      vertex -7.26937 6.2 11.026
      vertex -7.38564 5 11.2
      vertex -7.26937 5 11.026
    endloop
  endfacet
  facet normal 0.19495 9.42637e-19 -0.980813
    outer loop
      vertex -6.77646 6.2 14.8978
      vertex -6.39158 10.5 14.9743
      vertex -6.39158 6.2 14.9743
    endloop
  endfacet
  facet normal 0.19495 9.42637e-19 -0.980813
    outer loop
      vertex -6.39158 10.5 14.9743
      vertex -6.77646 6.2 14.8978
      vertex -6.77646 10.5 14.8978
    endloop
  endfacet
  facet normal -0.980791 0 0.195062
    outer loop
      vertex -3.10222 6.2 11.2235
      vertex -3.02567 10.5 11.6084
      vertex -3.10222 10.5 11.2235
    endloop
  endfacet
  facet normal -0.980791 0 0.195062
    outer loop
      vertex -3.02567 10.5 11.6084
      vertex -3.10222 6.2 11.2235
      vertex -3.02567 6.2 11.6084
    endloop
  endfacet
  facet normal -0.997858 0 0.0654112
    outer loop
      vertex -3.02567 6.2 11.6084
      vertex -3 10.5 12
      vertex -3.02567 10.5 11.6084
    endloop
  endfacet
  facet normal -0.997858 0 0.0654112
    outer loop
      vertex -3 10.5 12
      vertex -3.02567 6.2 11.6084
      vertex -3 6.2 12
    endloop
  endfacet
  facet normal -0.0654906 -2.25533e-19 -0.997853
    outer loop
      vertex -6 6.2 15
      vertex -5.60842 10.5 14.9743
      vertex -5.60842 6.2 14.9743
    endloop
  endfacet
  facet normal -0.0654906 -2.25533e-19 -0.997853
    outer loop
      vertex -5.60842 10.5 14.9743
      vertex -6 6.2 15
      vertex -6 10.5 15
    endloop
  endfacet
  facet normal -0.321444 3.32418e-19 0.946928
    outer loop
      vertex -5.22354 10.5 9.10222
      vertex -4.85195 6.2 9.22836
      vertex -4.85195 10.5 9.22836
    endloop
  endfacet
  facet normal -0.321444 3.32418e-19 0.946928
    outer loop
      vertex -4.85195 6.2 9.22836
      vertex -5.22354 10.5 9.10222
      vertex -5.22354 6.2 9.10222
    endloop
  endfacet
  facet normal 0.442283 -1.61287e-18 0.896875
    outer loop
      vertex -7.5 10.5 9.40192
      vertex -7.14805 6.2 9.22836
      vertex -7.14805 10.5 9.22836
    endloop
  endfacet
  facet normal 0.442283 -1.61287e-18 0.896875
    outer loop
      vertex -7.14805 6.2 9.22836
      vertex -7.5 10.5 9.40192
      vertex -7.5 6.2 9.40192
    endloop
  endfacet
  facet normal 0.980791 0 -0.195062
    outer loop
      vertex -8.89778 6.2 12.7765
      vertex -8.97433 10.5 12.3916
      vertex -8.89778 10.5 12.7765
    endloop
  endfacet
  facet normal 0.980791 0 -0.195062
    outer loop
      vertex -8.97433 10.5 12.3916
      vertex -8.89778 6.2 12.7765
      vertex -8.97433 6.2 12.3916
    endloop
  endfacet
  facet normal 0.321582 5.18393e-19 -0.946882
    outer loop
      vertex -7.14805 6.2 14.7716
      vertex -6.77646 10.5 14.8978
      vertex -6.77646 6.2 14.8978
    endloop
  endfacet
  facet normal 0.321582 5.18393e-19 -0.946882
    outer loop
      vertex -6.77646 10.5 14.8978
      vertex -7.14805 6.2 14.7716
      vertex -7.14805 10.5 14.7716
    endloop
  endfacet
  facet normal -0.89685 0 0.442334
    outer loop
      vertex -3.40192 6.2 10.5
      vertex -3.22836 10.5 10.8519
      vertex -3.40192 10.5 10.5
    endloop
  endfacet
  facet normal -0.89685 0 0.442334
    outer loop
      vertex -3.22836 10.5 10.8519
      vertex -3.40192 6.2 10.5
      vertex -3.22836 6.2 10.8519
    endloop
  endfacet
  facet normal -0.195072 2.65582e-19 0.980789
    outer loop
      vertex -5.60842 10.5 9.02567
      vertex -5.22354 6.2 9.10222
      vertex -5.22354 10.5 9.10222
    endloop
  endfacet
  facet normal -0.195072 2.65582e-19 0.980789
    outer loop
      vertex -5.22354 6.2 9.10222
      vertex -5.60842 10.5 9.02567
      vertex -5.60842 6.2 9.02567
    endloop
  endfacet
  facet normal -0.659428 3.66708e-18 -0.751768
    outer loop
      vertex -4.17372 6.2 14.3801
      vertex -3.87868 10.5 14.1213
      vertex -3.87868 6.2 14.1213
    endloop
  endfacet
  facet normal -0.659428 3.66708e-18 -0.751768
    outer loop
      vertex -3.87868 10.5 14.1213
      vertex -4.17372 6.2 14.3801
      vertex -4.17372 10.5 14.3801
    endloop
  endfacet
  facet normal -0.831477 0 0.555558
    outer loop
      vertex -3.61994 6.2 10.1737
      vertex -3.40192 10.5 10.5
      vertex -3.61994 10.5 10.1737
    endloop
  endfacet
  facet normal -0.831477 0 0.555558
    outer loop
      vertex -3.40192 10.5 10.5
      vertex -3.61994 6.2 10.1737
      vertex -3.40192 6.2 10.5
    endloop
  endfacet
  facet normal 0.659341 1.1688e-18 0.751844
    outer loop
      vertex -8.12132 10.5 9.87868
      vertex -7.82628 6.2 9.61994
      vertex -7.82628 10.5 9.61994
    endloop
  endfacet
  facet normal 0.659341 1.1688e-18 0.751844
    outer loop
      vertex -7.82628 6.2 9.61994
      vertex -8.12132 10.5 9.87868
      vertex -8.12132 6.2 9.87868
    endloop
  endfacet
  facet normal -0.19495 -9.42637e-19 -0.980813
    outer loop
      vertex -5.60842 6.2 14.9743
      vertex -5.22354 10.5 14.8978
      vertex -5.22354 6.2 14.8978
    endloop
  endfacet
  facet normal -0.19495 -9.42637e-19 -0.980813
    outer loop
      vertex -5.22354 10.5 14.8978
      vertex -5.60842 6.2 14.9743
      vertex -5.60842 10.5 14.9743
    endloop
  endfacet
  facet normal 0.659428 9.6437e-19 -0.751768
    outer loop
      vertex -8.12132 6.2 14.1213
      vertex -7.82628 10.5 14.3801
      vertex -7.82628 6.2 14.3801
    endloop
  endfacet
  facet normal 0.659428 9.6437e-19 -0.751768
    outer loop
      vertex -7.82628 10.5 14.3801
      vertex -8.12132 6.2 14.1213
      vertex -8.12132 10.5 14.1213
    endloop
  endfacet
  facet normal 0 1 0
    outer loop
      vertex -6 6.2 13.6
      vertex -6 6.2 15
      vertex -5.60842 6.2 14.9743
    endloop
  endfacet
  facet normal 0 1 0
    outer loop
      vertex -5.79116 6.2 13.5863
      vertex -5.60842 6.2 14.9743
      vertex -5.22354 6.2 14.8978
    endloop
  endfacet
  facet normal 0 1 0
    outer loop
      vertex -6 6.2 15
      vertex -6 6.2 13.6
      vertex -6.39158 6.2 14.9743
    endloop
  endfacet
  facet normal 0 1 0
    outer loop
      vertex -5.58589 6.2 13.5455
      vertex -5.22354 6.2 14.8978
      vertex -4.85195 6.2 14.7716
    endloop
  endfacet
  facet normal 0 1 -0
    outer loop
      vertex -6.20884 6.2 13.5863
      vertex -6.39158 6.2 14.9743
      vertex -6 6.2 13.6
    endloop
  endfacet
  facet normal 0 1 0
    outer loop
      vertex -5.38771 6.2 13.4782
      vertex -4.85195 6.2 14.7716
      vertex -4.5 6.2 14.5981
    endloop
  endfacet
  facet normal 0 1 0
    outer loop
      vertex -6.39158 6.2 14.9743
      vertex -6.20884 6.2 13.5863
      vertex -6.77646 6.2 14.8978
    endloop
  endfacet
  facet normal 0 1 0
    outer loop
      vertex -5.2 6.2 13.3856
      vertex -4.5 6.2 14.5981
      vertex -4.17372 6.2 14.3801
    endloop
  endfacet
  facet normal 0 1 -0
    outer loop
      vertex -6.41411 6.2 13.5455
      vertex -6.77646 6.2 14.8978
      vertex -6.20884 6.2 13.5863
    endloop
  endfacet
  facet normal 0 1 0
    outer loop
      vertex -5.02598 6.2 13.2694
      vertex -4.17372 6.2 14.3801
      vertex -3.87868 6.2 14.1213
    endloop
  endfacet
  facet normal 0 1 0
    outer loop
      vertex -6.77646 6.2 14.8978
      vertex -6.41411 6.2 13.5455
      vertex -7.14805 6.2 14.7716
    endloop
  endfacet
  facet normal 0 1 0
    outer loop
      vertex -4.86863 6.2 13.1314
      vertex -3.87868 6.2 14.1213
      vertex -3.61994 6.2 13.8263
    endloop
  endfacet
  facet normal 0 1 -0
    outer loop
      vertex -6.61229 6.2 13.4782
      vertex -7.14805 6.2 14.7716
      vertex -6.41411 6.2 13.5455
    endloop
  endfacet
  facet normal 0 1 0
    outer loop
      vertex -7.14805 6.2 14.7716
      vertex -6.61229 6.2 13.4782
      vertex -7.5 6.2 14.5981
    endloop
  endfacet
  facet normal 0 1 0
    outer loop
      vertex -5.60842 6.2 14.9743
      vertex -5.79116 6.2 13.5863
      vertex -6 6.2 13.6
    endloop
  endfacet
  facet normal 0 1 0
    outer loop
      vertex -5.22354 6.2 14.8978
      vertex -5.58589 6.2 13.5455
      vertex -5.79116 6.2 13.5863
    endloop
  endfacet
  facet normal 0 1 0
    outer loop
      vertex -4.73063 6.2 12.974
      vertex -3.61994 6.2 13.8263
      vertex -3.40192 6.2 13.5
    endloop
  endfacet
  facet normal 0 1 0
    outer loop
      vertex -4.85195 6.2 14.7716
      vertex -5.38771 6.2 13.4782
      vertex -5.58589 6.2 13.5455
    endloop
  endfacet
  facet normal 0 1 0
    outer loop
      vertex -4.5 6.2 14.5981
      vertex -5.2 6.2 13.3856
      vertex -5.38771 6.2 13.4782
    endloop
  endfacet
  facet normal 0 1 0
    outer loop
      vertex -4.17372 6.2 14.3801
      vertex -5.02598 6.2 13.2694
      vertex -5.2 6.2 13.3856
    endloop
  endfacet
  facet normal 0 1 0
    outer loop
      vertex -4.61436 6.2 12.8
      vertex -3.40192 6.2 13.5
      vertex -3.22836 6.2 13.148
    endloop
  endfacet
  facet normal 0 1 0
    outer loop
      vertex -3.87868 6.2 14.1213
      vertex -4.86863 6.2 13.1314
      vertex -5.02598 6.2 13.2694
    endloop
  endfacet
  facet normal 0 1 0
    outer loop
      vertex -3.61994 6.2 13.8263
      vertex -4.73063 6.2 12.974
      vertex -4.86863 6.2 13.1314
    endloop
  endfacet
  facet normal 0 1 0
    outer loop
      vertex -3.40192 6.2 13.5
      vertex -4.61436 6.2 12.8
      vertex -4.73063 6.2 12.974
    endloop
  endfacet
  facet normal 0 1 0
    outer loop
      vertex -4.52179 6.2 12.6123
      vertex -3.22836 6.2 13.148
      vertex -3.10222 6.2 12.7765
    endloop
  endfacet
  facet normal 0 1 0
    outer loop
      vertex -3.22836 6.2 13.148
      vertex -4.52179 6.2 12.6123
      vertex -4.61436 6.2 12.8
    endloop
  endfacet
  facet normal 0 1 0
    outer loop
      vertex -3.10222 6.2 12.7765
      vertex -4.45452 6.2 12.4141
      vertex -4.52179 6.2 12.6123
    endloop
  endfacet
  facet normal 0 1 0
    outer loop
      vertex -3.02567 6.2 12.3916
      vertex -4.45452 6.2 12.4141
      vertex -3.10222 6.2 12.7765
    endloop
  endfacet
  facet normal 0 1 0
    outer loop
      vertex -3.02567 6.2 12.3916
      vertex -4.41369 6.2 12.2088
      vertex -4.45452 6.2 12.4141
    endloop
  endfacet
  facet normal 0 1 0
    outer loop
      vertex -3 6.2 12
      vertex -4.41369 6.2 12.2088
      vertex -3.02567 6.2 12.3916
    endloop
  endfacet
  facet normal 0 1 0
    outer loop
      vertex -3 6.2 12
      vertex -4.4 6.2 12
      vertex -4.41369 6.2 12.2088
    endloop
  endfacet
  facet normal 0 1 0
    outer loop
      vertex -3 6.2 12
      vertex -4.41369 6.2 11.7912
      vertex -4.4 6.2 12
    endloop
  endfacet
  facet normal 0 1 -0
    outer loop
      vertex -3.02567 6.2 11.6084
      vertex -4.41369 6.2 11.7912
      vertex -3 6.2 12
    endloop
  endfacet
  facet normal 0 1 0
    outer loop
      vertex -3.02567 6.2 11.6084
      vertex -4.45452 6.2 11.5859
      vertex -4.41369 6.2 11.7912
    endloop
  endfacet
  facet normal 0 1 -0
    outer loop
      vertex -3.10222 6.2 11.2235
      vertex -4.45452 6.2 11.5859
      vertex -3.02567 6.2 11.6084
    endloop
  endfacet
  facet normal 0 1 0
    outer loop
      vertex -4.45452 6.2 11.5859
      vertex -3.10222 6.2 11.2235
      vertex -4.52179 6.2 11.3877
    endloop
  endfacet
  facet normal 0 1 -0
    outer loop
      vertex -3.22836 6.2 10.8519
      vertex -4.52179 6.2 11.3877
      vertex -3.10222 6.2 11.2235
    endloop
  endfacet
  facet normal 0 1 0
    outer loop
      vertex -4.52179 6.2 11.3877
      vertex -3.22836 6.2 10.8519
      vertex -4.61436 6.2 11.2
    endloop
  endfacet
  facet normal 0 1 -0
    outer loop
      vertex -3.40192 6.2 10.5
      vertex -4.61436 6.2 11.2
      vertex -3.22836 6.2 10.8519
    endloop
  endfacet
  facet normal 0 1 0
    outer loop
      vertex -4.61436 6.2 11.2
      vertex -3.40192 6.2 10.5
      vertex -4.73063 6.2 11.026
    endloop
  endfacet
  facet normal 0 1 -0
    outer loop
      vertex -3.61994 6.2 10.1737
      vertex -4.73063 6.2 11.026
      vertex -3.40192 6.2 10.5
    endloop
  endfacet
  facet normal 0 1 0
    outer loop
      vertex -4.73063 6.2 11.026
      vertex -3.61994 6.2 10.1737
      vertex -4.86863 6.2 10.8686
    endloop
  endfacet
  facet normal 0 1 -0
    outer loop
      vertex -3.87868 6.2 9.87868
      vertex -4.86863 6.2 10.8686
      vertex -3.61994 6.2 10.1737
    endloop
  endfacet
  facet normal 0 1 0
    outer loop
      vertex -4.86863 6.2 10.8686
      vertex -3.87868 6.2 9.87868
      vertex -5.02598 6.2 10.7306
    endloop
  endfacet
  facet normal 0 1 -0
    outer loop
      vertex -4.17372 6.2 9.61994
      vertex -5.02598 6.2 10.7306
      vertex -3.87868 6.2 9.87868
    endloop
  endfacet
  facet normal 0 1 0
    outer loop
      vertex -5.02598 6.2 10.7306
      vertex -4.17372 6.2 9.61994
      vertex -5.2 6.2 10.6144
    endloop
  endfacet
  facet normal 0 1 -0
    outer loop
      vertex -4.5 6.2 9.40192
      vertex -5.2 6.2 10.6144
      vertex -4.17372 6.2 9.61994
    endloop
  endfacet
  facet normal 0 1 0
    outer loop
      vertex -5.2 6.2 10.6144
      vertex -4.5 6.2 9.40192
      vertex -5.38771 6.2 10.5218
    endloop
  endfacet
  facet normal 0 1 -0
    outer loop
      vertex -6.8 6.2 13.3856
      vertex -7.5 6.2 14.5981
      vertex -6.61229 6.2 13.4782
    endloop
  endfacet
  facet normal 0 1 0
    outer loop
      vertex -7.5 6.2 14.5981
      vertex -6.8 6.2 13.3856
      vertex -7.82628 6.2 14.3801
    endloop
  endfacet
  facet normal 0 1 -0
    outer loop
      vertex -6.97402 6.2 13.2694
      vertex -7.82628 6.2 14.3801
      vertex -6.8 6.2 13.3856
    endloop
  endfacet
  facet normal 0 1 0
    outer loop
      vertex -7.82628 6.2 14.3801
      vertex -6.97402 6.2 13.2694
      vertex -8.12132 6.2 14.1213
    endloop
  endfacet
  facet normal 0 1 -0
    outer loop
      vertex -7.13137 6.2 13.1314
      vertex -8.12132 6.2 14.1213
      vertex -6.97402 6.2 13.2694
    endloop
  endfacet
  facet normal 0 1 0
    outer loop
      vertex -8.12132 6.2 14.1213
      vertex -7.13137 6.2 13.1314
      vertex -8.38006 6.2 13.8263
    endloop
  endfacet
  facet normal 0 1 -0
    outer loop
      vertex -7.26937 6.2 12.974
      vertex -8.38006 6.2 13.8263
      vertex -7.13137 6.2 13.1314
    endloop
  endfacet
  facet normal 0 1 0
    outer loop
      vertex -8.38006 6.2 13.8263
      vertex -7.26937 6.2 12.974
      vertex -8.59808 6.2 13.5
    endloop
  endfacet
  facet normal 0 1 -0
    outer loop
      vertex -7.38564 6.2 12.8
      vertex -8.59808 6.2 13.5
      vertex -7.26937 6.2 12.974
    endloop
  endfacet
  facet normal 0 1 0
    outer loop
      vertex -8.59808 6.2 13.5
      vertex -7.38564 6.2 12.8
      vertex -8.77164 6.2 13.148
    endloop
  endfacet
  facet normal 0 1 -0
    outer loop
      vertex -7.47821 6.2 12.6123
      vertex -8.77164 6.2 13.148
      vertex -7.38564 6.2 12.8
    endloop
  endfacet
  facet normal 0 1 0
    outer loop
      vertex -8.77164 6.2 13.148
      vertex -7.47821 6.2 12.6123
      vertex -8.89778 6.2 12.7765
    endloop
  endfacet
  facet normal 0 1 -0
    outer loop
      vertex -7.54548 6.2 12.4141
      vertex -8.89778 6.2 12.7765
      vertex -7.47821 6.2 12.6123
    endloop
  endfacet
  facet normal 0 1 0
    outer loop
      vertex -7.54548 6.2 12.4141
      vertex -8.97433 6.2 12.3916
      vertex -8.89778 6.2 12.7765
    endloop
  endfacet
  facet normal 0 1 -0
    outer loop
      vertex -7.58631 6.2 12.2088
      vertex -8.97433 6.2 12.3916
      vertex -7.54548 6.2 12.4141
    endloop
  endfacet
  facet normal 0 1 -0
    outer loop
      vertex -7.6 6.2 12
      vertex -8.97433 6.2 12.3916
      vertex -7.58631 6.2 12.2088
    endloop
  endfacet
  facet normal 0 1 0
    outer loop
      vertex -7.6 6.2 12
      vertex -9 6.2 12
      vertex -8.97433 6.2 12.3916
    endloop
  endfacet
  facet normal 0 1 0
    outer loop
      vertex -7.58631 6.2 11.7912
      vertex -9 6.2 12
      vertex -7.6 6.2 12
    endloop
  endfacet
  facet normal 0 1 0
    outer loop
      vertex -7.58631 6.2 11.7912
      vertex -8.97433 6.2 11.6084
      vertex -9 6.2 12
    endloop
  endfacet
  facet normal 0 1 0
    outer loop
      vertex -7.54548 6.2 11.5859
      vertex -8.97433 6.2 11.6084
      vertex -7.58631 6.2 11.7912
    endloop
  endfacet
  facet normal 0 1 0
    outer loop
      vertex -8.89778 6.2 11.2235
      vertex -7.54548 6.2 11.5859
      vertex -7.47821 6.2 11.3877
    endloop
  endfacet
  facet normal 0 1 0
    outer loop
      vertex -7.54548 6.2 11.5859
      vertex -8.89778 6.2 11.2235
      vertex -8.97433 6.2 11.6084
    endloop
  endfacet
  facet normal 0 1 0
    outer loop
      vertex -8.77164 6.2 10.8519
      vertex -7.47821 6.2 11.3877
      vertex -7.38564 6.2 11.2
    endloop
  endfacet
  facet normal 0 1 0
    outer loop
      vertex -8.59808 6.2 10.5
      vertex -7.38564 6.2 11.2
      vertex -7.26937 6.2 11.026
    endloop
  endfacet
  facet normal 0 1 0
    outer loop
      vertex -8.38006 6.2 10.1737
      vertex -7.26937 6.2 11.026
      vertex -7.13137 6.2 10.8686
    endloop
  endfacet
  facet normal 0 1 0
    outer loop
      vertex -7.47821 6.2 11.3877
      vertex -8.77164 6.2 10.8519
      vertex -8.89778 6.2 11.2235
    endloop
  endfacet
  facet normal 0 1 0
    outer loop
      vertex -8.12132 6.2 9.87868
      vertex -7.13137 6.2 10.8686
      vertex -6.97402 6.2 10.7306
    endloop
  endfacet
  facet normal 0 1 0
    outer loop
      vertex -7.82628 6.2 9.61994
      vertex -6.97402 6.2 10.7306
      vertex -6.8 6.2 10.6144
    endloop
  endfacet
  facet normal 0 1 0
    outer loop
      vertex -7.5 6.2 9.40192
      vertex -6.8 6.2 10.6144
      vertex -6.61229 6.2 10.5218
    endloop
  endfacet
  facet normal 0 1 0
    outer loop
      vertex -7.38564 6.2 11.2
      vertex -8.59808 6.2 10.5
      vertex -8.77164 6.2 10.8519
    endloop
  endfacet
  facet normal 0 1 0
    outer loop
      vertex -7.14805 6.2 9.22836
      vertex -6.61229 6.2 10.5218
      vertex -6.41411 6.2 10.4545
    endloop
  endfacet
  facet normal 0 1 0
    outer loop
      vertex -6.77646 6.2 9.10222
      vertex -6.41411 6.2 10.4545
      vertex -6.20884 6.2 10.4137
    endloop
  endfacet
  facet normal 0 1 0
    outer loop
      vertex -6.39158 6.2 9.02567
      vertex -6.20884 6.2 10.4137
      vertex -6 6.2 10.4
    endloop
  endfacet
  facet normal 0 1 -0
    outer loop
      vertex -4.85195 6.2 9.22836
      vertex -5.38771 6.2 10.5218
      vertex -4.5 6.2 9.40192
    endloop
  endfacet
  facet normal 0 1 0
    outer loop
      vertex -7.26937 6.2 11.026
      vertex -8.38006 6.2 10.1737
      vertex -8.59808 6.2 10.5
    endloop
  endfacet
  facet normal 0 1 0
    outer loop
      vertex -5.38771 6.2 10.5218
      vertex -4.85195 6.2 9.22836
      vertex -5.58589 6.2 10.4545
    endloop
  endfacet
  facet normal 0 1 0
    outer loop
      vertex -7.13137 6.2 10.8686
      vertex -8.12132 6.2 9.87868
      vertex -8.38006 6.2 10.1737
    endloop
  endfacet
  facet normal 0 1 -0
    outer loop
      vertex -5.22354 6.2 9.10222
      vertex -5.58589 6.2 10.4545
      vertex -4.85195 6.2 9.22836
    endloop
  endfacet
  facet normal 0 1 0
    outer loop
      vertex -6.97402 6.2 10.7306
      vertex -7.82628 6.2 9.61994
      vertex -8.12132 6.2 9.87868
    endloop
  endfacet
  facet normal 0 1 0
    outer loop
      vertex -5.58589 6.2 10.4545
      vertex -5.22354 6.2 9.10222
      vertex -5.79116 6.2 10.4137
    endloop
  endfacet
  facet normal 0 1 0
    outer loop
      vertex -6.8 6.2 10.6144
      vertex -7.5 6.2 9.40192
      vertex -7.82628 6.2 9.61994
    endloop
  endfacet
  facet normal 0 1 -0
    outer loop
      vertex -5.60842 6.2 9.02567
      vertex -5.79116 6.2 10.4137
      vertex -5.22354 6.2 9.10222
    endloop
  endfacet
  facet normal 0 1 0
    outer loop
      vertex -6.61229 6.2 10.5218
      vertex -7.14805 6.2 9.22836
      vertex -7.5 6.2 9.40192
    endloop
  endfacet
  facet normal 0 1 0
    outer loop
      vertex -5.79116 6.2 10.4137
      vertex -5.60842 6.2 9.02567
      vertex -6 6.2 10.4
    endloop
  endfacet
  facet normal 0 1 0
    outer loop
      vertex -6.41411 6.2 10.4545
      vertex -6.77646 6.2 9.10222
      vertex -7.14805 6.2 9.22836
    endloop
  endfacet
  facet normal 0 1 0
    outer loop
      vertex -6 6.2 9
      vertex -6 6.2 10.4
      vertex -5.60842 6.2 9.02567
    endloop
  endfacet
  facet normal 0 1 0
    outer loop
      vertex -6.20884 6.2 10.4137
      vertex -6.39158 6.2 9.02567
      vertex -6.77646 6.2 9.10222
    endloop
  endfacet
  facet normal 0 1 0
    outer loop
      vertex -6 6.2 10.4
      vertex -6 6.2 9
      vertex -6.39158 6.2 9.02567
    endloop
  endfacet
  facet normal -0.44216 1.83702e-18 -0.896936
    outer loop
      vertex -4.85195 6.2 14.7716
      vertex -4.5 10.5 14.5981
      vertex -4.5 6.2 14.5981
    endloop
  endfacet
  facet normal -0.44216 1.83702e-18 -0.896936
    outer loop
      vertex -4.5 10.5 14.5981
      vertex -4.85195 6.2 14.7716
      vertex -4.85195 10.5 14.7716
    endloop
  endfacet
  facet normal 0.831477 0 -0.555558
    outer loop
      vertex -8.38006 6.2 13.8263
      vertex -8.59808 10.5 13.5
      vertex -8.38006 10.5 13.8263
    endloop
  endfacet
  facet normal 0.831477 0 -0.555558
    outer loop
      vertex -8.59808 10.5 13.5
      vertex -8.38006 6.2 13.8263
      vertex -8.59808 6.2 13.5
    endloop
  endfacet
  facet normal -0.321582 -5.18393e-19 -0.946882
    outer loop
      vertex -5.22354 6.2 14.8978
      vertex -4.85195 10.5 14.7716
      vertex -4.85195 6.2 14.7716
    endloop
  endfacet
  facet normal -0.321582 -5.18393e-19 -0.946882
    outer loop
      vertex -4.85195 10.5 14.7716
      vertex -5.22354 6.2 14.8978
      vertex -5.22354 10.5 14.8978
    endloop
  endfacet
  facet normal -0.997858 0 -0.0654112
    outer loop
      vertex -3 6.2 12
      vertex -3.02567 10.5 12.3916
      vertex -3 10.5 12
    endloop
  endfacet
  facet normal -0.997858 -0 -0.0654112
    outer loop
      vertex -3.02567 10.5 12.3916
      vertex -3 6.2 12
      vertex -3.02567 6.2 12.3916
    endloop
  endfacet
  facet normal 0.555582 -8.5895e-19 0.831462
    outer loop
      vertex -7.82628 10.5 9.61994
      vertex -7.5 6.2 9.40192
      vertex -7.5 10.5 9.40192
    endloop
  endfacet
  facet normal 0.555582 -8.5895e-19 0.831462
    outer loop
      vertex -7.5 6.2 9.40192
      vertex -7.82628 10.5 9.61994
      vertex -7.82628 6.2 9.61994
    endloop
  endfacet
  facet normal 0.946905 0 -0.321514
    outer loop
      vertex -8.77164 6.2 13.148
      vertex -8.89778 10.5 12.7765
      vertex -8.77164 10.5 13.148
    endloop
  endfacet
  facet normal 0.946905 0 -0.321514
    outer loop
      vertex -8.89778 10.5 12.7765
      vertex -8.77164 6.2 13.148
      vertex -8.89778 6.2 12.7765
    endloop
  endfacet
  facet normal -0.831477 0 -0.555558
    outer loop
      vertex -3.40192 6.2 13.5
      vertex -3.61994 10.5 13.8263
      vertex -3.40192 10.5 13.5
    endloop
  endfacet
  facet normal -0.831477 -0 -0.555558
    outer loop
      vertex -3.61994 10.5 13.8263
      vertex -3.40192 6.2 13.5
      vertex -3.61994 6.2 13.8263
    endloop
  endfacet
  facet normal 0.0654906 2.25533e-19 -0.997853
    outer loop
      vertex -6.39158 6.2 14.9743
      vertex -6 10.5 15
      vertex -6 6.2 15
    endloop
  endfacet
  facet normal 0.0654906 2.25533e-19 -0.997853
    outer loop
      vertex -6 10.5 15
      vertex -6.39158 6.2 14.9743
      vertex -6.39158 10.5 14.9743
    endloop
  endfacet
  facet normal -0.659341 2.45515e-18 0.751844
    outer loop
      vertex -4.17372 10.5 9.61994
      vertex -3.87868 6.2 9.87868
      vertex -3.87868 10.5 9.87868
    endloop
  endfacet
  facet normal -0.659341 2.45515e-18 0.751844
    outer loop
      vertex -3.87868 6.2 9.87868
      vertex -4.17372 10.5 9.61994
      vertex -4.17372 6.2 9.61994
    endloop
  endfacet
  facet normal 0.195072 -2.65582e-19 0.980789
    outer loop
      vertex -6.77646 10.5 9.10222
      vertex -6.39158 6.2 9.02567
      vertex -6.39158 10.5 9.02567
    endloop
  endfacet
  facet normal 0.195072 -2.65582e-19 0.980789
    outer loop
      vertex -6.39158 6.2 9.02567
      vertex -6.77646 10.5 9.10222
      vertex -6.77646 6.2 9.10222
    endloop
  endfacet
  facet normal -0.555582 8.5895e-19 0.831462
    outer loop
      vertex -4.5 10.5 9.40192
      vertex -4.17372 6.2 9.61994
      vertex -4.17372 10.5 9.61994
    endloop
  endfacet
  facet normal -0.555582 8.5895e-19 0.831462
    outer loop
      vertex -4.17372 6.2 9.61994
      vertex -4.5 10.5 9.40192
      vertex -4.5 6.2 9.40192
    endloop
  endfacet
  facet normal 0.0654145 -3.79455e-19 0.997858
    outer loop
      vertex -6.39158 10.5 9.02567
      vertex -6 6.2 9
      vertex -6 10.5 9
    endloop
  endfacet
  facet normal 0.0654145 -3.79455e-19 0.997858
    outer loop
      vertex -6 6.2 9
      vertex -6.39158 10.5 9.02567
      vertex -6.39158 6.2 9.02567
    endloop
  endfacet
  facet normal -0.555547 -3.10772e-20 -0.831485
    outer loop
      vertex -4.5 6.2 14.5981
      vertex -4.17372 10.5 14.3801
      vertex -4.17372 6.2 14.3801
    endloop
  endfacet
  facet normal -0.555547 -3.10772e-20 -0.831485
    outer loop
      vertex -4.17372 10.5 14.3801
      vertex -4.5 6.2 14.5981
      vertex -4.5 10.5 14.5981
    endloop
  endfacet
  facet normal -0.946931 0 0.321437
    outer loop
      vertex -3.22836 6.2 10.8519
      vertex -3.10222 10.5 11.2235
      vertex -3.22836 10.5 10.8519
    endloop
  endfacet
  facet normal -0.946931 0 0.321437
    outer loop
      vertex -3.10222 10.5 11.2235
      vertex -3.22836 6.2 10.8519
      vertex -3.10222 6.2 11.2235
    endloop
  endfacet
  facet normal 0.831477 -0 0.555558
    outer loop
      vertex -8.59808 6.2 10.5
      vertex -8.38006 10.5 10.1737
      vertex -8.59808 10.5 10.5
    endloop
  endfacet
  facet normal 0.831477 0 0.555558
    outer loop
      vertex -8.38006 10.5 10.1737
      vertex -8.59808 6.2 10.5
      vertex -8.38006 6.2 10.1737
    endloop
  endfacet
  facet normal 0.8969 0 -0.442233
    outer loop
      vertex -8.59808 6.2 13.5
      vertex -8.77164 10.5 13.148
      vertex -8.59808 10.5 13.5
    endloop
  endfacet
  facet normal 0.8969 0 -0.442233
    outer loop
      vertex -8.77164 10.5 13.148
      vertex -8.59808 6.2 13.5
      vertex -8.77164 6.2 13.148
    endloop
  endfacet
  facet normal -0.751799 0 -0.659392
    outer loop
      vertex -3.61994 6.2 13.8263
      vertex -3.87868 10.5 14.1213
      vertex -3.61994 10.5 13.8263
    endloop
  endfacet
  facet normal -0.751799 -0 -0.659392
    outer loop
      vertex -3.87868 10.5 14.1213
      vertex -3.61994 6.2 13.8263
      vertex -3.87868 6.2 14.1213
    endloop
  endfacet
  facet normal -0.442283 1.61287e-18 0.896875
    outer loop
      vertex -4.85195 10.5 9.22836
      vertex -4.5 6.2 9.40192
      vertex -4.5 10.5 9.40192
    endloop
  endfacet
  facet normal -0.442283 1.61287e-18 0.896875
    outer loop
      vertex -4.5 6.2 9.40192
      vertex -4.85195 10.5 9.22836
      vertex -4.85195 6.2 9.22836
    endloop
  endfacet
  facet normal 0.751822 -0 0.659367
    outer loop
      vertex -8.38006 6.2 10.1737
      vertex -8.12132 10.5 9.87868
      vertex -8.38006 10.5 10.1737
    endloop
  endfacet
  facet normal 0.751822 0 0.659367
    outer loop
      vertex -8.12132 10.5 9.87868
      vertex -8.38006 6.2 10.1737
      vertex -8.12132 6.2 9.87868
    endloop
  endfacet
  facet normal 0.321444 -3.32418e-19 0.946928
    outer loop
      vertex -7.14805 10.5 9.22836
      vertex -6.77646 6.2 9.10222
      vertex -6.77646 10.5 9.10222
    endloop
  endfacet
  facet normal 0.321444 -3.32418e-19 0.946928
    outer loop
      vertex -6.77646 6.2 9.10222
      vertex -7.14805 10.5 9.22836
      vertex -7.14805 6.2 9.22836
    endloop
  endfacet
  facet normal -0.946905 0 -0.321514
    outer loop
      vertex -3.10222 6.2 12.7765
      vertex -3.22836 10.5 13.148
      vertex -3.10222 10.5 12.7765
    endloop
  endfacet
  facet normal -0.946905 -0 -0.321514
    outer loop
      vertex -3.22836 10.5 13.148
      vertex -3.10222 6.2 12.7765
      vertex -3.22836 6.2 13.148
    endloop
  endfacet
  facet normal 0.980791 -0 0.195062
    outer loop
      vertex -8.97433 6.2 11.6084
      vertex -8.89778 10.5 11.2235
      vertex -8.97433 10.5 11.6084
    endloop
  endfacet
  facet normal 0.980791 0 0.195062
    outer loop
      vertex -8.89778 10.5 11.2235
      vertex -8.97433 6.2 11.6084
      vertex -8.89778 6.2 11.2235
    endloop
  endfacet
  facet normal 0.997858 0 -0.0654112
    outer loop
      vertex -8.97433 6.2 12.3916
      vertex -9 10.5 12
      vertex -8.97433 10.5 12.3916
    endloop
  endfacet
  facet normal 0.997858 0 -0.0654112
    outer loop
      vertex -9 10.5 12
      vertex -8.97433 6.2 12.3916
      vertex -9 6.2 12
    endloop
  endfacet
  facet normal -0.751822 0 0.659367
    outer loop
      vertex -3.87868 6.2 9.87868
      vertex -3.61994 10.5 10.1737
      vertex -3.87868 10.5 9.87868
    endloop
  endfacet
  facet normal -0.751822 0 0.659367
    outer loop
      vertex -3.61994 10.5 10.1737
      vertex -3.87868 6.2 9.87868
      vertex -3.61994 6.2 10.1737
    endloop
  endfacet
  facet normal 0 1 -0
    outer loop
      vertex 5.60842 10.5 14.9743
      vertex -6 10.5 15
      vertex 6 10.5 15
    endloop
  endfacet
  facet normal 0 1 0
    outer loop
      vertex 5.60842 10.5 14.9743
      vertex -5.60842 10.5 14.9743
      vertex -6 10.5 15
    endloop
  endfacet
  facet normal 0 1 -0
    outer loop
      vertex 5.22354 10.5 14.8978
      vertex -5.60842 10.5 14.9743
      vertex 5.60842 10.5 14.9743
    endloop
  endfacet
  facet normal 0 1 0
    outer loop
      vertex 5.22354 10.5 14.8978
      vertex -5.22354 10.5 14.8978
      vertex -5.60842 10.5 14.9743
    endloop
  endfacet
  facet normal 0 1 -0
    outer loop
      vertex 4.85195 10.5 14.7716
      vertex -5.22354 10.5 14.8978
      vertex 5.22354 10.5 14.8978
    endloop
  endfacet
  facet normal 0 1 0
    outer loop
      vertex 4.85195 10.5 14.7716
      vertex -4.85195 10.5 14.7716
      vertex -5.22354 10.5 14.8978
    endloop
  endfacet
  facet normal 0 1 -0
    outer loop
      vertex 4.5 10.5 14.5981
      vertex -4.85195 10.5 14.7716
      vertex 4.85195 10.5 14.7716
    endloop
  endfacet
  facet normal 0 1 0
    outer loop
      vertex 4.5 10.5 14.5981
      vertex -4.5 10.5 14.5981
      vertex -4.85195 10.5 14.7716
    endloop
  endfacet
  facet normal 0 1 -0
    outer loop
      vertex 4.17372 10.5 14.3801
      vertex -4.5 10.5 14.5981
      vertex 4.5 10.5 14.5981
    endloop
  endfacet
  facet normal 0 1 0
    outer loop
      vertex 4.17372 10.5 14.3801
      vertex -4.17372 10.5 14.3801
      vertex -4.5 10.5 14.5981
    endloop
  endfacet
  facet normal 0 1 -0
    outer loop
      vertex 3.87868 10.5 14.1213
      vertex -4.17372 10.5 14.3801
      vertex 4.17372 10.5 14.3801
    endloop
  endfacet
  facet normal 0 1 0
    outer loop
      vertex 3.87868 10.5 14.1213
      vertex -3.87868 10.5 14.1213
      vertex -4.17372 10.5 14.3801
    endloop
  endfacet
  facet normal 0 1 -0
    outer loop
      vertex 3.61994 10.5 13.8263
      vertex -3.87868 10.5 14.1213
      vertex 3.87868 10.5 14.1213
    endloop
  endfacet
  facet normal 0 1 0
    outer loop
      vertex 3.61994 10.5 13.8263
      vertex -3.61994 10.5 13.8263
      vertex -3.87868 10.5 14.1213
    endloop
  endfacet
  facet normal 0 1 -0
    outer loop
      vertex 3.40192 10.5 13.5
      vertex -3.61994 10.5 13.8263
      vertex 3.61994 10.5 13.8263
    endloop
  endfacet
  facet normal 0 1 0
    outer loop
      vertex 3.40192 10.5 13.5
      vertex -3.40192 10.5 13.5
      vertex -3.61994 10.5 13.8263
    endloop
  endfacet
  facet normal 0 1 -0
    outer loop
      vertex 3.22836 10.5 13.148
      vertex -3.40192 10.5 13.5
      vertex 3.40192 10.5 13.5
    endloop
  endfacet
  facet normal 0 1 0
    outer loop
      vertex 3.22836 10.5 13.148
      vertex -3.22836 10.5 13.148
      vertex -3.40192 10.5 13.5
    endloop
  endfacet
  facet normal 0 1 -0
    outer loop
      vertex 3.10222 10.5 12.7765
      vertex -3.22836 10.5 13.148
      vertex 3.22836 10.5 13.148
    endloop
  endfacet
  facet normal 0 1 0
    outer loop
      vertex 3.10222 10.5 12.7765
      vertex -3.10222 10.5 12.7765
      vertex -3.22836 10.5 13.148
    endloop
  endfacet
  facet normal 0 1 -0
    outer loop
      vertex 3.02567 10.5 12.3916
      vertex -3.10222 10.5 12.7765
      vertex 3.10222 10.5 12.7765
    endloop
  endfacet
  facet normal 0 1 0
    outer loop
      vertex 3.02567 10.5 12.3916
      vertex -3.02567 10.5 12.3916
      vertex -3.10222 10.5 12.7765
    endloop
  endfacet
  facet normal 0 1 -0
    outer loop
      vertex 3 10.5 12
      vertex -3.02567 10.5 12.3916
      vertex 3.02567 10.5 12.3916
    endloop
  endfacet
  facet normal 0 1 0
    outer loop
      vertex 3 10.5 12
      vertex -3 10.5 12
      vertex -3.02567 10.5 12.3916
    endloop
  endfacet
  facet normal 0 1 0
    outer loop
      vertex 3.02567 10.5 11.6084
      vertex -3 10.5 12
      vertex 3 10.5 12
    endloop
  endfacet
  facet normal 0 1 0
    outer loop
      vertex 3.02567 10.5 11.6084
      vertex -3.02567 10.5 11.6084
      vertex -3 10.5 12
    endloop
  endfacet
  facet normal 0 1 0
    outer loop
      vertex 3.10222 10.5 11.2235
      vertex -3.02567 10.5 11.6084
      vertex 3.02567 10.5 11.6084
    endloop
  endfacet
  facet normal 0 1 0
    outer loop
      vertex 3.10222 10.5 11.2235
      vertex -3.10222 10.5 11.2235
      vertex -3.02567 10.5 11.6084
    endloop
  endfacet
  facet normal 0 1 0
    outer loop
      vertex 3.22836 10.5 10.8519
      vertex -3.10222 10.5 11.2235
      vertex 3.10222 10.5 11.2235
    endloop
  endfacet
  facet normal 0 1 0
    outer loop
      vertex 3.22836 10.5 10.8519
      vertex -3.22836 10.5 10.8519
      vertex -3.10222 10.5 11.2235
    endloop
  endfacet
  facet normal 0 1 0
    outer loop
      vertex 3.40192 10.5 10.5
      vertex -3.22836 10.5 10.8519
      vertex 3.22836 10.5 10.8519
    endloop
  endfacet
  facet normal 0 1 0
    outer loop
      vertex 3.40192 10.5 10.5
      vertex -3.40192 10.5 10.5
      vertex -3.22836 10.5 10.8519
    endloop
  endfacet
  facet normal 0 1 0
    outer loop
      vertex 3.61994 10.5 10.1737
      vertex -3.40192 10.5 10.5
      vertex 3.40192 10.5 10.5
    endloop
  endfacet
  facet normal 0 1 0
    outer loop
      vertex 3.61994 10.5 10.1737
      vertex -3.61994 10.5 10.1737
      vertex -3.40192 10.5 10.5
    endloop
  endfacet
  facet normal 0 1 0
    outer loop
      vertex 3.87868 10.5 9.87868
      vertex -3.61994 10.5 10.1737
      vertex 3.61994 10.5 10.1737
    endloop
  endfacet
  facet normal 0 1 0
    outer loop
      vertex 3.87868 10.5 9.87868
      vertex -3.87868 10.5 9.87868
      vertex -3.61994 10.5 10.1737
    endloop
  endfacet
  facet normal 0 1 0
    outer loop
      vertex 4.17372 10.5 9.61994
      vertex -3.87868 10.5 9.87868
      vertex 3.87868 10.5 9.87868
    endloop
  endfacet
  facet normal 0 1 0
    outer loop
      vertex 4.17372 10.5 9.61994
      vertex -4.17372 10.5 9.61994
      vertex -3.87868 10.5 9.87868
    endloop
  endfacet
  facet normal 0 1 0
    outer loop
      vertex 4.5 10.5 9.40192
      vertex -4.17372 10.5 9.61994
      vertex 4.17372 10.5 9.61994
    endloop
  endfacet
  facet normal 0 1 0
    outer loop
      vertex 4.5 10.5 9.40192
      vertex -4.5 10.5 9.40192
      vertex -4.17372 10.5 9.61994
    endloop
  endfacet
  facet normal 0 1 0
    outer loop
      vertex 4.85195 10.5 9.22836
      vertex -4.5 10.5 9.40192
      vertex 4.5 10.5 9.40192
    endloop
  endfacet
  facet normal 0 1 0
    outer loop
      vertex 4.85195 10.5 9.22836
      vertex -4.85195 10.5 9.22836
      vertex -4.5 10.5 9.40192
    endloop
  endfacet
  facet normal 0 1 0
    outer loop
      vertex 5.22354 10.5 9.10222
      vertex -4.85195 10.5 9.22836
      vertex 4.85195 10.5 9.22836
    endloop
  endfacet
  facet normal 0 1 0
    outer loop
      vertex 5.22354 10.5 9.10222
      vertex -5.22354 10.5 9.10222
      vertex -4.85195 10.5 9.22836
    endloop
  endfacet
  facet normal 0 1 0
    outer loop
      vertex 5.60842 10.5 9.02567
      vertex -5.22354 10.5 9.10222
      vertex 5.22354 10.5 9.10222
    endloop
  endfacet
  facet normal 0 1 0
    outer loop
      vertex 5.60842 10.5 9.02567
      vertex -5.60842 10.5 9.02567
      vertex -5.22354 10.5 9.10222
    endloop
  endfacet
  facet normal 0 1 0
    outer loop
      vertex 6 10.5 9
      vertex -5.60842 10.5 9.02567
      vertex 5.60842 10.5 9.02567
    endloop
  endfacet
  facet normal 0 1 0
    outer loop
      vertex -5.60842 10.5 9.02567
      vertex 6 10.5 9
      vertex -6 10.5 9
    endloop
  endfacet
  facet normal 0 1 0
    outer loop
      vertex 28.1 10.5 19
      vertex 6 10.5 15
      vertex -28.1 10.5 19
    endloop
  endfacet
  facet normal 0 1 0
    outer loop
      vertex 28.1 10.5 19
      vertex 6.39158 10.5 14.9743
      vertex 6 10.5 15
    endloop
  endfacet
  facet normal 0 1 0
    outer loop
      vertex 28.1 10.5 19
      vertex 6.77646 10.5 14.8978
      vertex 6.39158 10.5 14.9743
    endloop
  endfacet
  facet normal 0 1 0
    outer loop
      vertex 28.1 10.5 19
      vertex 7.14805 10.5 14.7716
      vertex 6.77646 10.5 14.8978
    endloop
  endfacet
  facet normal 0 1 0
    outer loop
      vertex 28.1 10.5 19
      vertex 7.5 10.5 14.5981
      vertex 7.14805 10.5 14.7716
    endloop
  endfacet
  facet normal 0 1 0
    outer loop
      vertex 28.1 10.5 19
      vertex 7.82628 10.5 14.3801
      vertex 7.5 10.5 14.5981
    endloop
  endfacet
  facet normal 0 1 0
    outer loop
      vertex 28.1 10.5 19
      vertex 8.12132 10.5 14.1213
      vertex 7.82628 10.5 14.3801
    endloop
  endfacet
  facet normal 0 1 0
    outer loop
      vertex 28.1 10.5 19
      vertex 8.38006 10.5 13.8263
      vertex 8.12132 10.5 14.1213
    endloop
  endfacet
  facet normal 0 1 0
    outer loop
      vertex 28.1 10.5 19
      vertex 8.59808 10.5 13.5
      vertex 8.38006 10.5 13.8263
    endloop
  endfacet
  facet normal 0 1 0
    outer loop
      vertex 28.1 10.5 19
      vertex 8.77164 10.5 13.148
      vertex 8.59808 10.5 13.5
    endloop
  endfacet
  facet normal 0 1 0
    outer loop
      vertex 28.1 10.5 19
      vertex 8.89778 10.5 12.7765
      vertex 8.77164 10.5 13.148
    endloop
  endfacet
  facet normal 0 1 0
    outer loop
      vertex 28.1 10.5 19
      vertex 8.97433 10.5 12.3916
      vertex 8.89778 10.5 12.7765
    endloop
  endfacet
  facet normal 0 1 -0
    outer loop
      vertex 28.1 10.5 8
      vertex 8.97433 10.5 12.3916
      vertex 28.1 10.5 19
    endloop
  endfacet
  facet normal 0 1 0
    outer loop
      vertex 8.97433 10.5 12.3916
      vertex 28.1 10.5 8
      vertex 9 10.5 12
    endloop
  endfacet
  facet normal 0 1 0
    outer loop
      vertex 9 10.5 12
      vertex 28.1 10.5 8
      vertex 8.97433 10.5 11.6084
    endloop
  endfacet
  facet normal 0 1 0
    outer loop
      vertex 8.97433 10.5 11.6084
      vertex 28.1 10.5 8
      vertex 8.89778 10.5 11.2235
    endloop
  endfacet
  facet normal 0 1 0
    outer loop
      vertex 8.89778 10.5 11.2235
      vertex 28.1 10.5 8
      vertex 8.77164 10.5 10.8519
    endloop
  endfacet
  facet normal 0 1 0
    outer loop
      vertex 8.77164 10.5 10.8519
      vertex 28.1 10.5 8
      vertex 8.59808 10.5 10.5
    endloop
  endfacet
  facet normal 0 1 0
    outer loop
      vertex 8.59808 10.5 10.5
      vertex 28.1 10.5 8
      vertex 8.38006 10.5 10.1737
    endloop
  endfacet
  facet normal 0 1 0
    outer loop
      vertex 8.38006 10.5 10.1737
      vertex 28.1 10.5 8
      vertex 8.12132 10.5 9.87868
    endloop
  endfacet
  facet normal 0 1 0
    outer loop
      vertex 8.12132 10.5 9.87868
      vertex 28.1 10.5 8
      vertex 7.82628 10.5 9.61994
    endloop
  endfacet
  facet normal 0 1 0
    outer loop
      vertex 7.82628 10.5 9.61994
      vertex 28.1 10.5 8
      vertex 7.5 10.5 9.40192
    endloop
  endfacet
  facet normal 0 1 0
    outer loop
      vertex 6 10.5 9
      vertex 28.1 10.5 8
      vertex -6 10.5 9
    endloop
  endfacet
  facet normal 0 1 0
    outer loop
      vertex 6.39158 10.5 9.02567
      vertex 28.1 10.5 8
      vertex 6 10.5 9
    endloop
  endfacet
  facet normal 0 1 0
    outer loop
      vertex 6.77646 10.5 9.10222
      vertex 28.1 10.5 8
      vertex 6.39158 10.5 9.02567
    endloop
  endfacet
  facet normal 0 1 0
    outer loop
      vertex 7.14805 10.5 9.22836
      vertex 28.1 10.5 8
      vertex 6.77646 10.5 9.10222
    endloop
  endfacet
  facet normal 0 1 0
    outer loop
      vertex 7.5 10.5 9.40192
      vertex 28.1 10.5 8
      vertex 7.14805 10.5 9.22836
    endloop
  endfacet
  facet normal 0 1 -0
    outer loop
      vertex -6 10.5 15
      vertex -28.1 10.5 19
      vertex 6 10.5 15
    endloop
  endfacet
  facet normal 0 1 -0
    outer loop
      vertex -6.39158 10.5 14.9743
      vertex -28.1 10.5 19
      vertex -6 10.5 15
    endloop
  endfacet
  facet normal 0 1 -0
    outer loop
      vertex -6.77646 10.5 14.8978
      vertex -28.1 10.5 19
      vertex -6.39158 10.5 14.9743
    endloop
  endfacet
  facet normal 0 1 -0
    outer loop
      vertex -7.14805 10.5 14.7716
      vertex -28.1 10.5 19
      vertex -6.77646 10.5 14.8978
    endloop
  endfacet
  facet normal 0 1 -0
    outer loop
      vertex -7.5 10.5 14.5981
      vertex -28.1 10.5 19
      vertex -7.14805 10.5 14.7716
    endloop
  endfacet
  facet normal 0 1 -0
    outer loop
      vertex -7.82628 10.5 14.3801
      vertex -28.1 10.5 19
      vertex -7.5 10.5 14.5981
    endloop
  endfacet
  facet normal 0 1 -0
    outer loop
      vertex -8.12132 10.5 14.1213
      vertex -28.1 10.5 19
      vertex -7.82628 10.5 14.3801
    endloop
  endfacet
  facet normal 0 1 -0
    outer loop
      vertex -8.38006 10.5 13.8263
      vertex -28.1 10.5 19
      vertex -8.12132 10.5 14.1213
    endloop
  endfacet
  facet normal 0 1 -0
    outer loop
      vertex -8.59808 10.5 13.5
      vertex -28.1 10.5 19
      vertex -8.38006 10.5 13.8263
    endloop
  endfacet
  facet normal 0 1 -0
    outer loop
      vertex -8.77164 10.5 13.148
      vertex -28.1 10.5 19
      vertex -8.59808 10.5 13.5
    endloop
  endfacet
  facet normal 0 1 -0
    outer loop
      vertex -8.89778 10.5 12.7765
      vertex -28.1 10.5 19
      vertex -8.77164 10.5 13.148
    endloop
  endfacet
  facet normal 0 1 -0
    outer loop
      vertex -8.97433 10.5 12.3916
      vertex -28.1 10.5 19
      vertex -8.89778 10.5 12.7765
    endloop
  endfacet
  facet normal 0 1 0
    outer loop
      vertex -28.1 10.5 8
      vertex -8.97433 10.5 12.3916
      vertex -9 10.5 12
    endloop
  endfacet
  facet normal 0 1 0
    outer loop
      vertex -28.1 10.5 8
      vertex -9 10.5 12
      vertex -8.97433 10.5 11.6084
    endloop
  endfacet
  facet normal 0 1 0
    outer loop
      vertex -28.1 10.5 8
      vertex -8.97433 10.5 11.6084
      vertex -8.89778 10.5 11.2235
    endloop
  endfacet
  facet normal 0 1 0
    outer loop
      vertex -28.1 10.5 8
      vertex -8.89778 10.5 11.2235
      vertex -8.77164 10.5 10.8519
    endloop
  endfacet
  facet normal 0 1 0
    outer loop
      vertex -28.1 10.5 8
      vertex -8.77164 10.5 10.8519
      vertex -8.59808 10.5 10.5
    endloop
  endfacet
  facet normal 0 1 0
    outer loop
      vertex -28.1 10.5 8
      vertex -8.59808 10.5 10.5
      vertex -8.38006 10.5 10.1737
    endloop
  endfacet
  facet normal 0 1 0
    outer loop
      vertex -28.1 10.5 8
      vertex -8.38006 10.5 10.1737
      vertex -8.12132 10.5 9.87868
    endloop
  endfacet
  facet normal 0 1 0
    outer loop
      vertex -28.1 10.5 8
      vertex -8.12132 10.5 9.87868
      vertex -7.82628 10.5 9.61994
    endloop
  endfacet
  facet normal 0 1 0
    outer loop
      vertex -28.1 10.5 8
      vertex -7.82628 10.5 9.61994
      vertex -7.5 10.5 9.40192
    endloop
  endfacet
  facet normal 0 1 0
    outer loop
      vertex -28.1 10.5 8
      vertex -7.5 10.5 9.40192
      vertex -7.14805 10.5 9.22836
    endloop
  endfacet
  facet normal 0 1 0
    outer loop
      vertex -8.97433 10.5 12.3916
      vertex -28.1 10.5 8
      vertex -28.1 10.5 19
    endloop
  endfacet
  facet normal 0 1 0
    outer loop
      vertex -6.77646 10.5 9.10222
      vertex -28.1 10.5 8
      vertex -7.14805 10.5 9.22836
    endloop
  endfacet
  facet normal 0 1 0
    outer loop
      vertex -6.39158 10.5 9.02567
      vertex -28.1 10.5 8
      vertex -6.77646 10.5 9.10222
    endloop
  endfacet
  facet normal 0 1 0
    outer loop
      vertex -6 10.5 9
      vertex -28.1 10.5 8
      vertex -6.39158 10.5 9.02567
    endloop
  endfacet
  facet normal 0 1 0
    outer loop
      vertex -28.1 10.5 8
      vertex -6 10.5 9
      vertex 28.1 10.5 8
    endloop
  endfacet
  facet normal -0.8969 0 -0.442233
    outer loop
      vertex -3.22836 6.2 13.148
      vertex -3.40192 10.5 13.5
      vertex -3.22836 10.5 13.148
    endloop
  endfacet
  facet normal -0.8969 -0 -0.442233
    outer loop
      vertex -3.40192 10.5 13.5
      vertex -3.22836 6.2 13.148
      vertex -3.40192 6.2 13.5
    endloop
  endfacet
  facet normal 0.946931 -0 0.321437
    outer loop
      vertex -8.89778 6.2 11.2235
      vertex -8.77164 10.5 10.8519
      vertex -8.89778 10.5 11.2235
    endloop
  endfacet
  facet normal 0.946931 0 0.321437
    outer loop
      vertex -8.77164 10.5 10.8519
      vertex -8.89778 6.2 11.2235
      vertex -8.77164 6.2 10.8519
    endloop
  endfacet
  facet normal 0.751799 0 -0.659392
    outer loop
      vertex -8.12132 6.2 14.1213
      vertex -8.38006 10.5 13.8263
      vertex -8.12132 10.5 14.1213
    endloop
  endfacet
  facet normal 0.751799 0 -0.659392
    outer loop
      vertex -8.38006 10.5 13.8263
      vertex -8.12132 6.2 14.1213
      vertex -8.38006 6.2 13.8263
    endloop
  endfacet
  facet normal -0.0654145 3.79455e-19 0.997858
    outer loop
      vertex -6 10.5 9
      vertex -5.60842 6.2 9.02567
      vertex -5.60842 10.5 9.02567
    endloop
  endfacet
  facet normal -0.0654145 3.79455e-19 0.997858
    outer loop
      vertex -5.60842 6.2 9.02567
      vertex -6 10.5 9
      vertex -6 6.2 9
    endloop
  endfacet
  facet normal -0.980791 0 -0.195062
    outer loop
      vertex -3.02567 6.2 12.3916
      vertex -3.10222 10.5 12.7765
      vertex -3.02567 10.5 12.3916
    endloop
  endfacet
  facet normal -0.980791 -0 -0.195062
    outer loop
      vertex -3.10222 10.5 12.7765
      vertex -3.02567 6.2 12.3916
      vertex -3.10222 6.2 12.7765
    endloop
  endfacet
  facet normal 0.89685 -0 0.442334
    outer loop
      vertex -8.77164 6.2 10.8519
      vertex -8.59808 10.5 10.5
      vertex -8.77164 10.5 10.8519
    endloop
  endfacet
  facet normal 0.89685 0 0.442334
    outer loop
      vertex -8.59808 10.5 10.5
      vertex -8.77164 6.2 10.8519
      vertex -8.59808 6.2 10.5
    endloop
  endfacet
  facet normal 0.997858 -0 0.0654112
    outer loop
      vertex -9 6.2 12
      vertex -8.97433 10.5 11.6084
      vertex -9 10.5 12
    endloop
  endfacet
  facet normal 0.997858 0 0.0654112
    outer loop
      vertex -8.97433 10.5 11.6084
      vertex -9 6.2 12
      vertex -8.97433 6.2 11.6084
    endloop
  endfacet
  facet normal 0.44216 -1.83702e-18 -0.896936
    outer loop
      vertex -7.5 6.2 14.5981
      vertex -7.14805 10.5 14.7716
      vertex -7.14805 6.2 14.7716
    endloop
  endfacet
  facet normal 0.44216 -1.83702e-18 -0.896936
    outer loop
      vertex -7.14805 10.5 14.7716
      vertex -7.5 6.2 14.5981
      vertex -7.5 10.5 14.5981
    endloop
  endfacet
  facet normal 0.555547 3.10772e-20 -0.831485
    outer loop
      vertex -7.82628 6.2 14.3801
      vertex -7.5 10.5 14.5981
      vertex -7.5 6.2 14.5981
    endloop
  endfacet
  facet normal 0.555547 3.10772e-20 -0.831485
    outer loop
      vertex -7.5 10.5 14.5981
      vertex -7.82628 6.2 14.3801
      vertex -7.82628 10.5 14.3801
    endloop
  endfacet
  facet normal -0.194949 2.04418e-18 0.980813
    outer loop
      vertex 6.20884 6.2 10.4137
      vertex 6.41411 5 10.4545
      vertex 6.41411 6.2 10.4545
    endloop
  endfacet
  facet normal -0.194949 2.04418e-18 0.980813
    outer loop
      vertex 6.41411 5 10.4545
      vertex 6.20884 6.2 10.4137
      vertex 6.20884 5 10.4137
    endloop
  endfacet
  facet normal -0.980791 0 0.195059
    outer loop
      vertex 7.54548 5 11.5859
      vertex 7.58631 6.2 11.7912
      vertex 7.54548 6.2 11.5859
    endloop
  endfacet
  facet normal -0.980791 0 0.195059
    outer loop
      vertex 7.58631 6.2 11.7912
      vertex 7.54548 5 11.5859
      vertex 7.58631 5 11.7912
    endloop
  endfacet
  facet normal -0.997858 0 0.0654247
    outer loop
      vertex 7.58631 5 11.7912
      vertex 7.6 6.2 12
      vertex 7.58631 6.2 11.7912
    endloop
  endfacet
  facet normal -0.997858 0 0.0654247
    outer loop
      vertex 7.6 6.2 12
      vertex 7.58631 5 11.7912
      vertex 7.6 5 12
    endloop
  endfacet
  facet normal -0.946944 0 0.321397
    outer loop
      vertex 7.47821 5 11.3877
      vertex 7.54548 6.2 11.5859
      vertex 7.47821 6.2 11.3877
    endloop
  endfacet
  facet normal -0.946944 0 0.321397
    outer loop
      vertex 7.54548 6.2 11.5859
      vertex 7.47821 5 11.3877
      vertex 7.54548 5 11.5859
    endloop
  endfacet
  facet normal -0.831454 0 0.555593
    outer loop
      vertex 7.26937 5 11.026
      vertex 7.38564 6.2 11.2
      vertex 7.26937 6.2 11.026
    endloop
  endfacet
  facet normal -0.831454 0 0.555593
    outer loop
      vertex 7.38564 6.2 11.2
      vertex 7.26937 5 11.026
      vertex 7.38564 5 11.2
    endloop
  endfacet
  facet normal -0.321555 -1.15988e-18 0.946891
    outer loop
      vertex 6.41411 6.2 10.4545
      vertex 6.61229 5 10.5218
      vertex 6.61229 6.2 10.5218
    endloop
  endfacet
  facet normal -0.321555 -1.15988e-18 0.946891
    outer loop
      vertex 6.61229 5 10.5218
      vertex 6.41411 6.2 10.4545
      vertex 6.41411 5 10.4545
    endloop
  endfacet
  facet normal 0.555318 -5.51576e-18 -0.831638
    outer loop
      vertex 5.02598 5 13.2694
      vertex 5.2 6.2 13.3856
      vertex 5.2 5 13.3856
    endloop
  endfacet
  facet normal 0.555318 -5.51576e-18 -0.831638
    outer loop
      vertex 5.2 6.2 13.3856
      vertex 5.02598 5 13.2694
      vertex 5.02598 6.2 13.2694
    endloop
  endfacet
  facet normal 0.321555 -1.15988e-18 -0.946891
    outer loop
      vertex 5.38771 5 13.4782
      vertex 5.58589 6.2 13.5455
      vertex 5.58589 5 13.5455
    endloop
  endfacet
  facet normal 0.321555 -1.15988e-18 -0.946891
    outer loop
      vertex 5.58589 6.2 13.5455
      vertex 5.38771 5 13.4782
      vertex 5.38771 6.2 13.4782
    endloop
  endfacet
  facet normal -0.89686 0 0.442314
    outer loop
      vertex 7.38564 5 11.2
      vertex 7.47821 6.2 11.3877
      vertex 7.38564 6.2 11.2
    endloop
  endfacet
  facet normal -0.89686 0 0.442314
    outer loop
      vertex 7.47821 6.2 11.3877
      vertex 7.38564 5 11.2
      vertex 7.47821 5 11.3877
    endloop
  endfacet
  facet normal 0.321555 1.15988e-18 0.946891
    outer loop
      vertex 5.38771 6.2 10.5218
      vertex 5.58589 5 10.4545
      vertex 5.58589 6.2 10.4545
    endloop
  endfacet
  facet normal 0.321555 1.15988e-18 0.946891
    outer loop
      vertex 5.58589 5 10.4545
      vertex 5.38771 6.2 10.5218
      vertex 5.38771 5 10.5218
    endloop
  endfacet
  facet normal -0.751925 0 0.659248
    outer loop
      vertex 7.13137 5 10.8686
      vertex 7.26937 6.2 11.026
      vertex 7.13137 6.2 10.8686
    endloop
  endfacet
  facet normal -0.751925 0 0.659248
    outer loop
      vertex 7.26937 6.2 11.026
      vertex 7.13137 5 10.8686
      vertex 7.26937 5 11.026
    endloop
  endfacet
  facet normal 0.751925 0 -0.659248
    outer loop
      vertex 4.86863 5 13.1314
      vertex 4.73063 6.2 12.974
      vertex 4.86863 6.2 13.1314
    endloop
  endfacet
  facet normal 0.751925 0 -0.659248
    outer loop
      vertex 4.73063 6.2 12.974
      vertex 4.86863 5 13.1314
      vertex 4.73063 5 12.974
    endloop
  endfacet
  facet normal 0.659367 2.42494e-18 0.751821
    outer loop
      vertex 4.86863 6.2 10.8686
      vertex 5.02598 5 10.7306
      vertex 5.02598 6.2 10.7306
    endloop
  endfacet
  facet normal 0.659367 2.42494e-18 0.751821
    outer loop
      vertex 5.02598 5 10.7306
      vertex 4.86863 6.2 10.8686
      vertex 4.86863 5 10.8686
    endloop
  endfacet
  facet normal 0.946944 0 -0.321397
    outer loop
      vertex 4.52179 5 12.6123
      vertex 4.45452 6.2 12.4141
      vertex 4.52179 6.2 12.6123
    endloop
  endfacet
  facet normal 0.946944 0 -0.321397
    outer loop
      vertex 4.45452 6.2 12.4141
      vertex 4.52179 5 12.6123
      vertex 4.45452 5 12.4141
    endloop
  endfacet
  facet normal -0.44241 4.06641e-18 0.896813
    outer loop
      vertex 6.61229 6.2 10.5218
      vertex 6.8 5 10.6144
      vertex 6.8 6.2 10.6144
    endloop
  endfacet
  facet normal -0.44241 4.06641e-18 0.896813
    outer loop
      vertex 6.8 5 10.6144
      vertex 6.61229 6.2 10.5218
      vertex 6.61229 5 10.5218
    endloop
  endfacet
  facet normal 0.44241 -4.06641e-18 0.896813
    outer loop
      vertex 5.2 6.2 10.6144
      vertex 5.38771 5 10.5218
      vertex 5.38771 6.2 10.5218
    endloop
  endfacet
  facet normal 0.44241 -4.06641e-18 0.896813
    outer loop
      vertex 5.38771 5 10.5218
      vertex 5.2 6.2 10.6144
      vertex 5.2 5 10.6144
    endloop
  endfacet
  facet normal 0.89686 0 -0.442314
    outer loop
      vertex 4.61436 5 12.8
      vertex 4.52179 6.2 12.6123
      vertex 4.61436 6.2 12.8
    endloop
  endfacet
  facet normal 0.89686 0 -0.442314
    outer loop
      vertex 4.52179 6.2 12.6123
      vertex 4.61436 5 12.8
      vertex 4.52179 5 12.6123
    endloop
  endfacet
  facet normal 0.980791 0 -0.195059
    outer loop
      vertex 4.45452 5 12.4141
      vertex 4.41369 6.2 12.2088
      vertex 4.45452 6.2 12.4141
    endloop
  endfacet
  facet normal 0.980791 0 -0.195059
    outer loop
      vertex 4.41369 6.2 12.2088
      vertex 4.45452 5 12.4141
      vertex 4.41369 5 12.2088
    endloop
  endfacet
  facet normal 0.555318 5.51576e-18 0.831638
    outer loop
      vertex 5.02598 6.2 10.7306
      vertex 5.2 5 10.6144
      vertex 5.2 6.2 10.6144
    endloop
  endfacet
  facet normal 0.555318 5.51576e-18 0.831638
    outer loop
      vertex 5.2 5 10.6144
      vertex 5.02598 6.2 10.7306
      vertex 5.02598 5 10.7306
    endloop
  endfacet
  facet normal -0.659367 -2.42494e-18 0.751821
    outer loop
      vertex 6.97402 6.2 10.7306
      vertex 7.13137 5 10.8686
      vertex 7.13137 6.2 10.8686
    endloop
  endfacet
  facet normal -0.659367 -2.42494e-18 0.751821
    outer loop
      vertex 7.13137 5 10.8686
      vertex 6.97402 6.2 10.7306
      vertex 6.97402 5 10.7306
    endloop
  endfacet
  facet normal 0.946944 -0 0.321397
    outer loop
      vertex 4.45452 5 11.5859
      vertex 4.52179 6.2 11.3877
      vertex 4.45452 6.2 11.5859
    endloop
  endfacet
  facet normal 0.946944 0 0.321397
    outer loop
      vertex 4.52179 6.2 11.3877
      vertex 4.45452 5 11.5859
      vertex 4.52179 5 11.3877
    endloop
  endfacet
  facet normal 0.194949 -2.04418e-18 0.980813
    outer loop
      vertex 5.58589 6.2 10.4545
      vertex 5.79116 5 10.4137
      vertex 5.79116 6.2 10.4137
    endloop
  endfacet
  facet normal 0.194949 -2.04418e-18 0.980813
    outer loop
      vertex 5.79116 5 10.4137
      vertex 5.58589 6.2 10.4545
      vertex 5.58589 5 10.4545
    endloop
  endfacet
  facet normal 0.659367 -2.42494e-18 -0.751821
    outer loop
      vertex 4.86863 5 13.1314
      vertex 5.02598 6.2 13.2694
      vertex 5.02598 5 13.2694
    endloop
  endfacet
  facet normal 0.659367 -2.42494e-18 -0.751821
    outer loop
      vertex 5.02598 6.2 13.2694
      vertex 4.86863 5 13.1314
      vertex 4.86863 6.2 13.1314
    endloop
  endfacet
  facet normal 0.89686 -0 0.442314
    outer loop
      vertex 4.52179 5 11.3877
      vertex 4.61436 6.2 11.2
      vertex 4.52179 6.2 11.3877
    endloop
  endfacet
  facet normal 0.89686 0 0.442314
    outer loop
      vertex 4.61436 6.2 11.2
      vertex 4.52179 5 11.3877
      vertex 4.61436 5 11.2
    endloop
  endfacet
  facet normal 0.0654598 -5.09647e-19 -0.997855
    outer loop
      vertex 5.79116 5 13.5863
      vertex 6 6.2 13.6
      vertex 6 5 13.6
    endloop
  endfacet
  facet normal 0.0654598 -5.09647e-19 -0.997855
    outer loop
      vertex 6 6.2 13.6
      vertex 5.79116 5 13.5863
      vertex 5.79116 6.2 13.5863
    endloop
  endfacet
  facet normal -0.0654598 -5.09647e-19 0.997855
    outer loop
      vertex 6 6.2 10.4
      vertex 6.20884 5 10.4137
      vertex 6.20884 6.2 10.4137
    endloop
  endfacet
  facet normal -0.0654598 -5.09647e-19 0.997855
    outer loop
      vertex 6.20884 5 10.4137
      vertex 6 6.2 10.4
      vertex 6 5 10.4
    endloop
  endfacet
  facet normal -0.555318 -5.51576e-18 0.831638
    outer loop
      vertex 6.8 6.2 10.6144
      vertex 6.97402 5 10.7306
      vertex 6.97402 6.2 10.7306
    endloop
  endfacet
  facet normal -0.555318 -5.51576e-18 0.831638
    outer loop
      vertex 6.97402 5 10.7306
      vertex 6.8 6.2 10.6144
      vertex 6.8 5 10.6144
    endloop
  endfacet
  facet normal 0.997858 0 -0.0654247
    outer loop
      vertex 4.41369 5 12.2088
      vertex 4.4 6.2 12
      vertex 4.41369 6.2 12.2088
    endloop
  endfacet
  facet normal 0.997858 0 -0.0654247
    outer loop
      vertex 4.4 6.2 12
      vertex 4.41369 5 12.2088
      vertex 4.4 5 12
    endloop
  endfacet
  facet normal 0.751925 -0 0.659248
    outer loop
      vertex 4.73063 5 11.026
      vertex 4.86863 6.2 10.8686
      vertex 4.73063 6.2 11.026
    endloop
  endfacet
  facet normal 0.751925 0 0.659248
    outer loop
      vertex 4.86863 6.2 10.8686
      vertex 4.73063 5 11.026
      vertex 4.86863 5 10.8686
    endloop
  endfacet
  facet normal 0.0654598 5.09647e-19 0.997855
    outer loop
      vertex 5.79116 6.2 10.4137
      vertex 6 5 10.4
      vertex 6 6.2 10.4
    endloop
  endfacet
  facet normal 0.0654598 5.09647e-19 0.997855
    outer loop
      vertex 6 5 10.4
      vertex 5.79116 6.2 10.4137
      vertex 5.79116 5 10.4137
    endloop
  endfacet
  facet normal 0.194949 2.04418e-18 -0.980813
    outer loop
      vertex 5.58589 5 13.5455
      vertex 5.79116 6.2 13.5863
      vertex 5.79116 5 13.5863
    endloop
  endfacet
  facet normal 0.194949 2.04418e-18 -0.980813
    outer loop
      vertex 5.79116 6.2 13.5863
      vertex 5.58589 5 13.5455
      vertex 5.58589 6.2 13.5455
    endloop
  endfacet
  facet normal 0.980791 -0 0.195059
    outer loop
      vertex 4.41369 5 11.7912
      vertex 4.45452 6.2 11.5859
      vertex 4.41369 6.2 11.7912
    endloop
  endfacet
  facet normal 0.980791 0 0.195059
    outer loop
      vertex 4.45452 6.2 11.5859
      vertex 4.41369 5 11.7912
      vertex 4.45452 5 11.5859
    endloop
  endfacet
  facet normal 0.997858 -0 0.0654247
    outer loop
      vertex 4.4 5 12
      vertex 4.41369 6.2 11.7912
      vertex 4.4 6.2 12
    endloop
  endfacet
  facet normal 0.997858 0 0.0654247
    outer loop
      vertex 4.41369 6.2 11.7912
      vertex 4.4 5 12
      vertex 4.41369 5 11.7912
    endloop
  endfacet
  facet normal 0.44241 4.06641e-18 -0.896813
    outer loop
      vertex 5.2 5 13.3856
      vertex 5.38771 6.2 13.4782
      vertex 5.38771 5 13.4782
    endloop
  endfacet
  facet normal 0.44241 4.06641e-18 -0.896813
    outer loop
      vertex 5.38771 6.2 13.4782
      vertex 5.2 5 13.3856
      vertex 5.2 6.2 13.3856
    endloop
  endfacet
  facet normal 0.831454 -0 0.555593
    outer loop
      vertex 4.61436 5 11.2
      vertex 4.73063 6.2 11.026
      vertex 4.61436 6.2 11.2
    endloop
  endfacet
  facet normal 0.831454 0 0.555593
    outer loop
      vertex 4.73063 6.2 11.026
      vertex 4.61436 5 11.2
      vertex 4.73063 5 11.026
    endloop
  endfacet
  facet normal 0.831454 0 -0.555593
    outer loop
      vertex 4.73063 5 12.974
      vertex 4.61436 6.2 12.8
      vertex 4.73063 6.2 12.974
    endloop
  endfacet
  facet normal 0.831454 0 -0.555593
    outer loop
      vertex 4.61436 6.2 12.8
      vertex 4.73063 5 12.974
      vertex 4.61436 5 12.8
    endloop
  endfacet
  facet normal -0.980791 0 0.195062
    outer loop
      vertex 8.89778 6.2 11.2235
      vertex 8.97433 10.5 11.6084
      vertex 8.89778 10.5 11.2235
    endloop
  endfacet
  facet normal -0.980791 0 0.195062
    outer loop
      vertex 8.97433 10.5 11.6084
      vertex 8.89778 6.2 11.2235
      vertex 8.97433 6.2 11.6084
    endloop
  endfacet
  facet normal -0.997858 0 0.0654112
    outer loop
      vertex 8.97433 6.2 11.6084
      vertex 9 10.5 12
      vertex 8.97433 10.5 11.6084
    endloop
  endfacet
  facet normal -0.997858 0 0.0654112
    outer loop
      vertex 9 10.5 12
      vertex 8.97433 6.2 11.6084
      vertex 9 6.2 12
    endloop
  endfacet
  facet normal 0.8969 0 -0.442233
    outer loop
      vertex 3.40192 6.2 13.5
      vertex 3.22836 10.5 13.148
      vertex 3.40192 10.5 13.5
    endloop
  endfacet
  facet normal 0.8969 0 -0.442233
    outer loop
      vertex 3.22836 10.5 13.148
      vertex 3.40192 6.2 13.5
      vertex 3.22836 6.2 13.148
    endloop
  endfacet
  facet normal 0.555547 3.10772e-20 -0.831485
    outer loop
      vertex 4.17372 6.2 14.3801
      vertex 4.5 10.5 14.5981
      vertex 4.5 6.2 14.5981
    endloop
  endfacet
  facet normal 0.555547 3.10772e-20 -0.831485
    outer loop
      vertex 4.5 10.5 14.5981
      vertex 4.17372 6.2 14.3801
      vertex 4.17372 10.5 14.3801
    endloop
  endfacet
  facet normal -0.946905 0 -0.321514
    outer loop
      vertex 8.89778 6.2 12.7765
      vertex 8.77164 10.5 13.148
      vertex 8.89778 10.5 12.7765
    endloop
  endfacet
  facet normal -0.946905 -0 -0.321514
    outer loop
      vertex 8.77164 10.5 13.148
      vertex 8.89778 6.2 12.7765
      vertex 8.77164 6.2 13.148
    endloop
  endfacet
  facet normal -0.997858 0 -0.0654112
    outer loop
      vertex 9 6.2 12
      vertex 8.97433 10.5 12.3916
      vertex 9 10.5 12
    endloop
  endfacet
  facet normal -0.997858 -0 -0.0654112
    outer loop
      vertex 8.97433 10.5 12.3916
      vertex 9 6.2 12
      vertex 8.97433 6.2 12.3916
    endloop
  endfacet
  facet normal -0.89685 0 0.442334
    outer loop
      vertex 8.59808 6.2 10.5
      vertex 8.77164 10.5 10.8519
      vertex 8.59808 10.5 10.5
    endloop
  endfacet
  facet normal -0.89685 0 0.442334
    outer loop
      vertex 8.77164 10.5 10.8519
      vertex 8.59808 6.2 10.5
      vertex 8.77164 6.2 10.8519
    endloop
  endfacet
  facet normal 0.321582 5.18393e-19 -0.946882
    outer loop
      vertex 4.85195 6.2 14.7716
      vertex 5.22354 10.5 14.8978
      vertex 5.22354 6.2 14.8978
    endloop
  endfacet
  facet normal 0.321582 5.18393e-19 -0.946882
    outer loop
      vertex 5.22354 10.5 14.8978
      vertex 4.85195 6.2 14.7716
      vertex 4.85195 10.5 14.7716
    endloop
  endfacet
  facet normal -0.659341 -1.1688e-18 0.751844
    outer loop
      vertex 7.82628 10.5 9.61994
      vertex 8.12132 6.2 9.87868
      vertex 8.12132 10.5 9.87868
    endloop
  endfacet
  facet normal -0.659341 -1.1688e-18 0.751844
    outer loop
      vertex 8.12132 6.2 9.87868
      vertex 7.82628 10.5 9.61994
      vertex 7.82628 6.2 9.61994
    endloop
  endfacet
  facet normal -0.321444 3.32418e-19 0.946928
    outer loop
      vertex 6.77646 10.5 9.10222
      vertex 7.14805 6.2 9.22836
      vertex 7.14805 10.5 9.22836
    endloop
  endfacet
  facet normal -0.321444 3.32418e-19 0.946928
    outer loop
      vertex 7.14805 6.2 9.22836
      vertex 6.77646 10.5 9.10222
      vertex 6.77646 6.2 9.10222
    endloop
  endfacet
  facet normal 0.321444 -3.32418e-19 0.946928
    outer loop
      vertex 4.85195 10.5 9.22836
      vertex 5.22354 6.2 9.10222
      vertex 5.22354 10.5 9.10222
    endloop
  endfacet
  facet normal 0.321444 -3.32418e-19 0.946928
    outer loop
      vertex 5.22354 6.2 9.10222
      vertex 4.85195 10.5 9.22836
      vertex 4.85195 6.2 9.22836
    endloop
  endfacet
  facet normal -0.659428 -9.6437e-19 -0.751768
    outer loop
      vertex 7.82628 6.2 14.3801
      vertex 8.12132 10.5 14.1213
      vertex 8.12132 6.2 14.1213
    endloop
  endfacet
  facet normal -0.659428 -9.6437e-19 -0.751768
    outer loop
      vertex 8.12132 10.5 14.1213
      vertex 7.82628 6.2 14.3801
      vertex 7.82628 10.5 14.3801
    endloop
  endfacet
  facet normal -0.8969 0 -0.442233
    outer loop
      vertex 8.77164 6.2 13.148
      vertex 8.59808 10.5 13.5
      vertex 8.77164 10.5 13.148
    endloop
  endfacet
  facet normal -0.8969 -0 -0.442233
    outer loop
      vertex 8.59808 10.5 13.5
      vertex 8.77164 6.2 13.148
      vertex 8.59808 6.2 13.5
    endloop
  endfacet
  facet normal 0.946905 0 -0.321514
    outer loop
      vertex 3.22836 6.2 13.148
      vertex 3.10222 10.5 12.7765
      vertex 3.22836 10.5 13.148
    endloop
  endfacet
  facet normal 0.946905 0 -0.321514
    outer loop
      vertex 3.10222 10.5 12.7765
      vertex 3.22836 6.2 13.148
      vertex 3.10222 6.2 12.7765
    endloop
  endfacet
  facet normal 0.946931 -0 0.321437
    outer loop
      vertex 3.10222 6.2 11.2235
      vertex 3.22836 10.5 10.8519
      vertex 3.10222 10.5 11.2235
    endloop
  endfacet
  facet normal 0.946931 0 0.321437
    outer loop
      vertex 3.22836 10.5 10.8519
      vertex 3.10222 6.2 11.2235
      vertex 3.22836 6.2 10.8519
    endloop
  endfacet
  facet normal -0.44216 1.83702e-18 -0.896936
    outer loop
      vertex 7.14805 6.2 14.7716
      vertex 7.5 10.5 14.5981
      vertex 7.5 6.2 14.5981
    endloop
  endfacet
  facet normal -0.44216 1.83702e-18 -0.896936
    outer loop
      vertex 7.5 10.5 14.5981
      vertex 7.14805 6.2 14.7716
      vertex 7.14805 10.5 14.7716
    endloop
  endfacet
  facet normal 0.997858 0 -0.0654112
    outer loop
      vertex 3.02567 6.2 12.3916
      vertex 3 10.5 12
      vertex 3.02567 10.5 12.3916
    endloop
  endfacet
  facet normal 0.997858 0 -0.0654112
    outer loop
      vertex 3 10.5 12
      vertex 3.02567 6.2 12.3916
      vertex 3 6.2 12
    endloop
  endfacet
  facet normal -0.321582 -5.18393e-19 -0.946882
    outer loop
      vertex 6.77646 6.2 14.8978
      vertex 7.14805 10.5 14.7716
      vertex 7.14805 6.2 14.7716
    endloop
  endfacet
  facet normal -0.321582 -5.18393e-19 -0.946882
    outer loop
      vertex 7.14805 10.5 14.7716
      vertex 6.77646 6.2 14.8978
      vertex 6.77646 10.5 14.8978
    endloop
  endfacet
  facet normal 0.980791 -0 0.195062
    outer loop
      vertex 3.02567 6.2 11.6084
      vertex 3.10222 10.5 11.2235
      vertex 3.02567 10.5 11.6084
    endloop
  endfacet
  facet normal 0.980791 0 0.195062
    outer loop
      vertex 3.10222 10.5 11.2235
      vertex 3.02567 6.2 11.6084
      vertex 3.10222 6.2 11.2235
    endloop
  endfacet
  facet normal 0.751799 0 -0.659392
    outer loop
      vertex 3.87868 6.2 14.1213
      vertex 3.61994 10.5 13.8263
      vertex 3.87868 10.5 14.1213
    endloop
  endfacet
  facet normal 0.751799 0 -0.659392
    outer loop
      vertex 3.61994 10.5 13.8263
      vertex 3.87868 6.2 14.1213
      vertex 3.61994 6.2 13.8263
    endloop
  endfacet
  facet normal 0.751822 -0 0.659367
    outer loop
      vertex 3.61994 6.2 10.1737
      vertex 3.87868 10.5 9.87868
      vertex 3.61994 10.5 10.1737
    endloop
  endfacet
  facet normal 0.751822 0 0.659367
    outer loop
      vertex 3.87868 10.5 9.87868
      vertex 3.61994 6.2 10.1737
      vertex 3.87868 6.2 9.87868
    endloop
  endfacet
  facet normal 0.0654906 2.25533e-19 -0.997853
    outer loop
      vertex 5.60842 6.2 14.9743
      vertex 6 10.5 15
      vertex 6 6.2 15
    endloop
  endfacet
  facet normal 0.0654906 2.25533e-19 -0.997853
    outer loop
      vertex 6 10.5 15
      vertex 5.60842 6.2 14.9743
      vertex 5.60842 10.5 14.9743
    endloop
  endfacet
  facet normal -0.751799 0 -0.659392
    outer loop
      vertex 8.38006 6.2 13.8263
      vertex 8.12132 10.5 14.1213
      vertex 8.38006 10.5 13.8263
    endloop
  endfacet
  facet normal -0.751799 -0 -0.659392
    outer loop
      vertex 8.12132 10.5 14.1213
      vertex 8.38006 6.2 13.8263
      vertex 8.12132 6.2 14.1213
    endloop
  endfacet
  facet normal -0.831477 0 0.555558
    outer loop
      vertex 8.38006 6.2 10.1737
      vertex 8.59808 10.5 10.5
      vertex 8.38006 10.5 10.1737
    endloop
  endfacet
  facet normal -0.831477 0 0.555558
    outer loop
      vertex 8.59808 10.5 10.5
      vertex 8.38006 6.2 10.1737
      vertex 8.59808 6.2 10.5
    endloop
  endfacet
  facet normal -0.442283 1.61287e-18 0.896875
    outer loop
      vertex 7.14805 10.5 9.22836
      vertex 7.5 6.2 9.40192
      vertex 7.5 10.5 9.40192
    endloop
  endfacet
  facet normal -0.442283 1.61287e-18 0.896875
    outer loop
      vertex 7.5 6.2 9.40192
      vertex 7.14805 10.5 9.22836
      vertex 7.14805 6.2 9.22836
    endloop
  endfacet
  facet normal 0.997858 -0 0.0654112
    outer loop
      vertex 3 6.2 12
      vertex 3.02567 10.5 11.6084
      vertex 3 10.5 12
    endloop
  endfacet
  facet normal 0.997858 0 0.0654112
    outer loop
      vertex 3.02567 10.5 11.6084
      vertex 3 6.2 12
      vertex 3.02567 6.2 11.6084
    endloop
  endfacet
  facet normal -0.19495 -9.42637e-19 -0.980813
    outer loop
      vertex 6.39158 6.2 14.9743
      vertex 6.77646 10.5 14.8978
      vertex 6.77646 6.2 14.8978
    endloop
  endfacet
  facet normal -0.19495 -9.42637e-19 -0.980813
    outer loop
      vertex 6.77646 10.5 14.8978
      vertex 6.39158 6.2 14.9743
      vertex 6.39158 10.5 14.9743
    endloop
  endfacet
  facet normal 0.0654145 -3.79455e-19 0.997858
    outer loop
      vertex 5.60842 10.5 9.02567
      vertex 6 6.2 9
      vertex 6 10.5 9
    endloop
  endfacet
  facet normal 0.0654145 -3.79455e-19 0.997858
    outer loop
      vertex 6 6.2 9
      vertex 5.60842 10.5 9.02567
      vertex 5.60842 6.2 9.02567
    endloop
  endfacet
  facet normal -0.555582 8.5895e-19 0.831462
    outer loop
      vertex 7.5 10.5 9.40192
      vertex 7.82628 6.2 9.61994
      vertex 7.82628 10.5 9.61994
    endloop
  endfacet
  facet normal -0.555582 8.5895e-19 0.831462
    outer loop
      vertex 7.82628 6.2 9.61994
      vertex 7.5 10.5 9.40192
      vertex 7.5 6.2 9.40192
    endloop
  endfacet
  facet normal -0.980791 0 -0.195062
    outer loop
      vertex 8.97433 6.2 12.3916
      vertex 8.89778 10.5 12.7765
      vertex 8.97433 10.5 12.3916
    endloop
  endfacet
  facet normal -0.980791 -0 -0.195062
    outer loop
      vertex 8.89778 10.5 12.7765
      vertex 8.97433 6.2 12.3916
      vertex 8.89778 6.2 12.7765
    endloop
  endfacet
  facet normal -0.0654145 3.79455e-19 0.997858
    outer loop
      vertex 6 10.5 9
      vertex 6.39158 6.2 9.02567
      vertex 6.39158 10.5 9.02567
    endloop
  endfacet
  facet normal -0.0654145 3.79455e-19 0.997858
    outer loop
      vertex 6.39158 6.2 9.02567
      vertex 6 10.5 9
      vertex 6 6.2 9
    endloop
  endfacet
  facet normal 0.659341 -2.45515e-18 0.751844
    outer loop
      vertex 3.87868 10.5 9.87868
      vertex 4.17372 6.2 9.61994
      vertex 4.17372 10.5 9.61994
    endloop
  endfacet
  facet normal 0.659341 -2.45515e-18 0.751844
    outer loop
      vertex 4.17372 6.2 9.61994
      vertex 3.87868 10.5 9.87868
      vertex 3.87868 6.2 9.87868
    endloop
  endfacet
  facet normal 0.831477 0 -0.555558
    outer loop
      vertex 3.61994 6.2 13.8263
      vertex 3.40192 10.5 13.5
      vertex 3.61994 10.5 13.8263
    endloop
  endfacet
  facet normal 0.831477 0 -0.555558
    outer loop
      vertex 3.40192 10.5 13.5
      vertex 3.61994 6.2 13.8263
      vertex 3.40192 6.2 13.5
    endloop
  endfacet
  facet normal 0.195072 -2.65582e-19 0.980789
    outer loop
      vertex 5.22354 10.5 9.10222
      vertex 5.60842 6.2 9.02567
      vertex 5.60842 10.5 9.02567
    endloop
  endfacet
  facet normal 0.195072 -2.65582e-19 0.980789
    outer loop
      vertex 5.60842 6.2 9.02567
      vertex 5.22354 10.5 9.10222
      vertex 5.22354 6.2 9.10222
    endloop
  endfacet
  facet normal -0.0654906 -2.25533e-19 -0.997853
    outer loop
      vertex 6 6.2 15
      vertex 6.39158 10.5 14.9743
      vertex 6.39158 6.2 14.9743
    endloop
  endfacet
  facet normal -0.0654906 -2.25533e-19 -0.997853
    outer loop
      vertex 6.39158 10.5 14.9743
      vertex 6 6.2 15
      vertex 6 10.5 15
    endloop
  endfacet
  facet normal 0.980791 0 -0.195062
    outer loop
      vertex 3.10222 6.2 12.7765
      vertex 3.02567 10.5 12.3916
      vertex 3.10222 10.5 12.7765
    endloop
  endfacet
  facet normal 0.980791 0 -0.195062
    outer loop
      vertex 3.02567 10.5 12.3916
      vertex 3.10222 6.2 12.7765
      vertex 3.02567 6.2 12.3916
    endloop
  endfacet
  facet normal -0.555547 -3.10772e-20 -0.831485
    outer loop
      vertex 7.5 6.2 14.5981
      vertex 7.82628 10.5 14.3801
      vertex 7.82628 6.2 14.3801
    endloop
  endfacet
  facet normal -0.555547 -3.10772e-20 -0.831485
    outer loop
      vertex 7.82628 10.5 14.3801
      vertex 7.5 6.2 14.5981
      vertex 7.5 10.5 14.5981
    endloop
  endfacet
  facet normal -0.831477 0 -0.555558
    outer loop
      vertex 8.59808 6.2 13.5
      vertex 8.38006 10.5 13.8263
      vertex 8.59808 10.5 13.5
    endloop
  endfacet
  facet normal -0.831477 -0 -0.555558
    outer loop
      vertex 8.38006 10.5 13.8263
      vertex 8.59808 6.2 13.5
      vertex 8.38006 6.2 13.8263
    endloop
  endfacet
  facet normal -0.195072 2.65582e-19 0.980789
    outer loop
      vertex 6.39158 10.5 9.02567
      vertex 6.77646 6.2 9.10222
      vertex 6.77646 10.5 9.10222
    endloop
  endfacet
  facet normal -0.195072 2.65582e-19 0.980789
    outer loop
      vertex 6.77646 6.2 9.10222
      vertex 6.39158 10.5 9.02567
      vertex 6.39158 6.2 9.02567
    endloop
  endfacet
  facet normal 0.89685 -0 0.442334
    outer loop
      vertex 3.22836 6.2 10.8519
      vertex 3.40192 10.5 10.5
      vertex 3.22836 10.5 10.8519
    endloop
  endfacet
  facet normal 0.89685 0 0.442334
    outer loop
      vertex 3.40192 10.5 10.5
      vertex 3.22836 6.2 10.8519
      vertex 3.40192 6.2 10.5
    endloop
  endfacet
  facet normal 0.555582 -8.5895e-19 0.831462
    outer loop
      vertex 4.17372 10.5 9.61994
      vertex 4.5 6.2 9.40192
      vertex 4.5 10.5 9.40192
    endloop
  endfacet
  facet normal 0.555582 -8.5895e-19 0.831462
    outer loop
      vertex 4.5 6.2 9.40192
      vertex 4.17372 10.5 9.61994
      vertex 4.17372 6.2 9.61994
    endloop
  endfacet
  facet normal -0.751822 0 0.659367
    outer loop
      vertex 8.12132 6.2 9.87868
      vertex 8.38006 10.5 10.1737
      vertex 8.12132 10.5 9.87868
    endloop
  endfacet
  facet normal -0.751822 0 0.659367
    outer loop
      vertex 8.38006 10.5 10.1737
      vertex 8.12132 6.2 9.87868
      vertex 8.38006 6.2 10.1737
    endloop
  endfacet
  facet normal -0.946931 0 0.321437
    outer loop
      vertex 8.77164 6.2 10.8519
      vertex 8.89778 10.5 11.2235
      vertex 8.77164 10.5 10.8519
    endloop
  endfacet
  facet normal -0.946931 0 0.321437
    outer loop
      vertex 8.89778 10.5 11.2235
      vertex 8.77164 6.2 10.8519
      vertex 8.89778 6.2 11.2235
    endloop
  endfacet
  facet normal 0.442283 -1.61287e-18 0.896875
    outer loop
      vertex 4.5 10.5 9.40192
      vertex 4.85195 6.2 9.22836
      vertex 4.85195 10.5 9.22836
    endloop
  endfacet
  facet normal 0.442283 -1.61287e-18 0.896875
    outer loop
      vertex 4.85195 6.2 9.22836
      vertex 4.5 10.5 9.40192
      vertex 4.5 6.2 9.40192
    endloop
  endfacet
  facet normal 0.44216 -1.83702e-18 -0.896936
    outer loop
      vertex 4.5 6.2 14.5981
      vertex 4.85195 10.5 14.7716
      vertex 4.85195 6.2 14.7716
    endloop
  endfacet
  facet normal 0.44216 -1.83702e-18 -0.896936
    outer loop
      vertex 4.85195 10.5 14.7716
      vertex 4.5 6.2 14.5981
      vertex 4.5 10.5 14.5981
    endloop
  endfacet
  facet normal 0.831477 -0 0.555558
    outer loop
      vertex 3.40192 6.2 10.5
      vertex 3.61994 10.5 10.1737
      vertex 3.40192 10.5 10.5
    endloop
  endfacet
  facet normal 0.831477 0 0.555558
    outer loop
      vertex 3.61994 10.5 10.1737
      vertex 3.40192 6.2 10.5
      vertex 3.61994 6.2 10.1737
    endloop
  endfacet
  facet normal 0 1 0
    outer loop
      vertex 6 6.2 13.6
      vertex 6 6.2 15
      vertex 6.39158 6.2 14.9743
    endloop
  endfacet
  facet normal 0 1 0
    outer loop
      vertex 6.20884 6.2 13.5863
      vertex 6.39158 6.2 14.9743
      vertex 6.77646 6.2 14.8978
    endloop
  endfacet
  facet normal 0 1 0
    outer loop
      vertex 6 6.2 15
      vertex 6 6.2 13.6
      vertex 5.60842 6.2 14.9743
    endloop
  endfacet
  facet normal 0 1 0
    outer loop
      vertex 6.41411 6.2 13.5455
      vertex 6.77646 6.2 14.8978
      vertex 7.14805 6.2 14.7716
    endloop
  endfacet
  facet normal 0 1 -0
    outer loop
      vertex 5.79116 6.2 13.5863
      vertex 5.60842 6.2 14.9743
      vertex 6 6.2 13.6
    endloop
  endfacet
  facet normal 0 1 0
    outer loop
      vertex 6.61229 6.2 13.4782
      vertex 7.14805 6.2 14.7716
      vertex 7.5 6.2 14.5981
    endloop
  endfacet
  facet normal 0 1 0
    outer loop
      vertex 5.60842 6.2 14.9743
      vertex 5.79116 6.2 13.5863
      vertex 5.22354 6.2 14.8978
    endloop
  endfacet
  facet normal 0 1 0
    outer loop
      vertex 6.8 6.2 13.3856
      vertex 7.5 6.2 14.5981
      vertex 7.82628 6.2 14.3801
    endloop
  endfacet
  facet normal 0 1 -0
    outer loop
      vertex 5.58589 6.2 13.5455
      vertex 5.22354 6.2 14.8978
      vertex 5.79116 6.2 13.5863
    endloop
  endfacet
  facet normal 0 1 0
    outer loop
      vertex 6.97402 6.2 13.2694
      vertex 7.82628 6.2 14.3801
      vertex 8.12132 6.2 14.1213
    endloop
  endfacet
  facet normal 0 1 0
    outer loop
      vertex 5.22354 6.2 14.8978
      vertex 5.58589 6.2 13.5455
      vertex 4.85195 6.2 14.7716
    endloop
  endfacet
  facet normal 0 1 0
    outer loop
      vertex 7.13137 6.2 13.1314
      vertex 8.12132 6.2 14.1213
      vertex 8.38006 6.2 13.8263
    endloop
  endfacet
  facet normal 0 1 -0
    outer loop
      vertex 5.38771 6.2 13.4782
      vertex 4.85195 6.2 14.7716
      vertex 5.58589 6.2 13.5455
    endloop
  endfacet
  facet normal 0 1 0
    outer loop
      vertex 4.85195 6.2 14.7716
      vertex 5.38771 6.2 13.4782
      vertex 4.5 6.2 14.5981
    endloop
  endfacet
  facet normal 0 1 0
    outer loop
      vertex 6.39158 6.2 14.9743
      vertex 6.20884 6.2 13.5863
      vertex 6 6.2 13.6
    endloop
  endfacet
  facet normal 0 1 0
    outer loop
      vertex 6.77646 6.2 14.8978
      vertex 6.41411 6.2 13.5455
      vertex 6.20884 6.2 13.5863
    endloop
  endfacet
  facet normal 0 1 0
    outer loop
      vertex 7.26937 6.2 12.974
      vertex 8.38006 6.2 13.8263
      vertex 8.59808 6.2 13.5
    endloop
  endfacet
  facet normal 0 1 0
    outer loop
      vertex 7.14805 6.2 14.7716
      vertex 6.61229 6.2 13.4782
      vertex 6.41411 6.2 13.5455
    endloop
  endfacet
  facet normal 0 1 0
    outer loop
      vertex 7.5 6.2 14.5981
      vertex 6.8 6.2 13.3856
      vertex 6.61229 6.2 13.4782
    endloop
  endfacet
  facet normal 0 1 0
    outer loop
      vertex 7.82628 6.2 14.3801
      vertex 6.97402 6.2 13.2694
      vertex 6.8 6.2 13.3856
    endloop
  endfacet
  facet normal 0 1 0
    outer loop
      vertex 7.38564 6.2 12.8
      vertex 8.59808 6.2 13.5
      vertex 8.77164 6.2 13.148
    endloop
  endfacet
  facet normal 0 1 0
    outer loop
      vertex 8.12132 6.2 14.1213
      vertex 7.13137 6.2 13.1314
      vertex 6.97402 6.2 13.2694
    endloop
  endfacet
  facet normal 0 1 0
    outer loop
      vertex 8.38006 6.2 13.8263
      vertex 7.26937 6.2 12.974
      vertex 7.13137 6.2 13.1314
    endloop
  endfacet
  facet normal 0 1 0
    outer loop
      vertex 8.59808 6.2 13.5
      vertex 7.38564 6.2 12.8
      vertex 7.26937 6.2 12.974
    endloop
  endfacet
  facet normal 0 1 0
    outer loop
      vertex 7.47821 6.2 12.6123
      vertex 8.77164 6.2 13.148
      vertex 8.89778 6.2 12.7765
    endloop
  endfacet
  facet normal 0 1 0
    outer loop
      vertex 8.77164 6.2 13.148
      vertex 7.47821 6.2 12.6123
      vertex 7.38564 6.2 12.8
    endloop
  endfacet
  facet normal 0 1 0
    outer loop
      vertex 8.89778 6.2 12.7765
      vertex 7.54548 6.2 12.4141
      vertex 7.47821 6.2 12.6123
    endloop
  endfacet
  facet normal 0 1 0
    outer loop
      vertex 8.97433 6.2 12.3916
      vertex 7.54548 6.2 12.4141
      vertex 8.89778 6.2 12.7765
    endloop
  endfacet
  facet normal 0 1 0
    outer loop
      vertex 8.97433 6.2 12.3916
      vertex 7.58631 6.2 12.2088
      vertex 7.54548 6.2 12.4141
    endloop
  endfacet
  facet normal 0 1 0
    outer loop
      vertex 9 6.2 12
      vertex 7.58631 6.2 12.2088
      vertex 8.97433 6.2 12.3916
    endloop
  endfacet
  facet normal 0 1 0
    outer loop
      vertex 9 6.2 12
      vertex 7.6 6.2 12
      vertex 7.58631 6.2 12.2088
    endloop
  endfacet
  facet normal 0 1 0
    outer loop
      vertex 9 6.2 12
      vertex 7.58631 6.2 11.7912
      vertex 7.6 6.2 12
    endloop
  endfacet
  facet normal 0 1 -0
    outer loop
      vertex 8.97433 6.2 11.6084
      vertex 7.58631 6.2 11.7912
      vertex 9 6.2 12
    endloop
  endfacet
  facet normal 0 1 0
    outer loop
      vertex 8.97433 6.2 11.6084
      vertex 7.54548 6.2 11.5859
      vertex 7.58631 6.2 11.7912
    endloop
  endfacet
  facet normal 0 1 -0
    outer loop
      vertex 8.89778 6.2 11.2235
      vertex 7.54548 6.2 11.5859
      vertex 8.97433 6.2 11.6084
    endloop
  endfacet
  facet normal 0 1 0
    outer loop
      vertex 7.54548 6.2 11.5859
      vertex 8.89778 6.2 11.2235
      vertex 7.47821 6.2 11.3877
    endloop
  endfacet
  facet normal 0 1 -0
    outer loop
      vertex 8.77164 6.2 10.8519
      vertex 7.47821 6.2 11.3877
      vertex 8.89778 6.2 11.2235
    endloop
  endfacet
  facet normal 0 1 0
    outer loop
      vertex 7.47821 6.2 11.3877
      vertex 8.77164 6.2 10.8519
      vertex 7.38564 6.2 11.2
    endloop
  endfacet
  facet normal 0 1 -0
    outer loop
      vertex 8.59808 6.2 10.5
      vertex 7.38564 6.2 11.2
      vertex 8.77164 6.2 10.8519
    endloop
  endfacet
  facet normal 0 1 0
    outer loop
      vertex 7.38564 6.2 11.2
      vertex 8.59808 6.2 10.5
      vertex 7.26937 6.2 11.026
    endloop
  endfacet
  facet normal 0 1 -0
    outer loop
      vertex 8.38006 6.2 10.1737
      vertex 7.26937 6.2 11.026
      vertex 8.59808 6.2 10.5
    endloop
  endfacet
  facet normal 0 1 0
    outer loop
      vertex 7.26937 6.2 11.026
      vertex 8.38006 6.2 10.1737
      vertex 7.13137 6.2 10.8686
    endloop
  endfacet
  facet normal 0 1 -0
    outer loop
      vertex 8.12132 6.2 9.87868
      vertex 7.13137 6.2 10.8686
      vertex 8.38006 6.2 10.1737
    endloop
  endfacet
  facet normal 0 1 0
    outer loop
      vertex 7.13137 6.2 10.8686
      vertex 8.12132 6.2 9.87868
      vertex 6.97402 6.2 10.7306
    endloop
  endfacet
  facet normal 0 1 -0
    outer loop
      vertex 7.82628 6.2 9.61994
      vertex 6.97402 6.2 10.7306
      vertex 8.12132 6.2 9.87868
    endloop
  endfacet
  facet normal 0 1 0
    outer loop
      vertex 6.97402 6.2 10.7306
      vertex 7.82628 6.2 9.61994
      vertex 6.8 6.2 10.6144
    endloop
  endfacet
  facet normal 0 1 -0
    outer loop
      vertex 7.5 6.2 9.40192
      vertex 6.8 6.2 10.6144
      vertex 7.82628 6.2 9.61994
    endloop
  endfacet
  facet normal 0 1 0
    outer loop
      vertex 6.8 6.2 10.6144
      vertex 7.5 6.2 9.40192
      vertex 6.61229 6.2 10.5218
    endloop
  endfacet
  facet normal 0 1 -0
    outer loop
      vertex 5.2 6.2 13.3856
      vertex 4.5 6.2 14.5981
      vertex 5.38771 6.2 13.4782
    endloop
  endfacet
  facet normal 0 1 0
    outer loop
      vertex 4.5 6.2 14.5981
      vertex 5.2 6.2 13.3856
      vertex 4.17372 6.2 14.3801
    endloop
  endfacet
  facet normal 0 1 -0
    outer loop
      vertex 5.02598 6.2 13.2694
      vertex 4.17372 6.2 14.3801
      vertex 5.2 6.2 13.3856
    endloop
  endfacet
  facet normal 0 1 0
    outer loop
      vertex 4.17372 6.2 14.3801
      vertex 5.02598 6.2 13.2694
      vertex 3.87868 6.2 14.1213
    endloop
  endfacet
  facet normal 0 1 -0
    outer loop
      vertex 4.86863 6.2 13.1314
      vertex 3.87868 6.2 14.1213
      vertex 5.02598 6.2 13.2694
    endloop
  endfacet
  facet normal 0 1 0
    outer loop
      vertex 3.87868 6.2 14.1213
      vertex 4.86863 6.2 13.1314
      vertex 3.61994 6.2 13.8263
    endloop
  endfacet
  facet normal 0 1 -0
    outer loop
      vertex 4.73063 6.2 12.974
      vertex 3.61994 6.2 13.8263
      vertex 4.86863 6.2 13.1314
    endloop
  endfacet
  facet normal 0 1 0
    outer loop
      vertex 3.61994 6.2 13.8263
      vertex 4.73063 6.2 12.974
      vertex 3.40192 6.2 13.5
    endloop
  endfacet
  facet normal 0 1 -0
    outer loop
      vertex 4.61436 6.2 12.8
      vertex 3.40192 6.2 13.5
      vertex 4.73063 6.2 12.974
    endloop
  endfacet
  facet normal 0 1 0
    outer loop
      vertex 3.40192 6.2 13.5
      vertex 4.61436 6.2 12.8
      vertex 3.22836 6.2 13.148
    endloop
  endfacet
  facet normal 0 1 -0
    outer loop
      vertex 4.52179 6.2 12.6123
      vertex 3.22836 6.2 13.148
      vertex 4.61436 6.2 12.8
    endloop
  endfacet
  facet normal 0 1 0
    outer loop
      vertex 3.22836 6.2 13.148
      vertex 4.52179 6.2 12.6123
      vertex 3.10222 6.2 12.7765
    endloop
  endfacet
  facet normal 0 1 -0
    outer loop
      vertex 4.45452 6.2 12.4141
      vertex 3.10222 6.2 12.7765
      vertex 4.52179 6.2 12.6123
    endloop
  endfacet
  facet normal 0 1 0
    outer loop
      vertex 4.45452 6.2 12.4141
      vertex 3.02567 6.2 12.3916
      vertex 3.10222 6.2 12.7765
    endloop
  endfacet
  facet normal 0 1 -0
    outer loop
      vertex 4.41369 6.2 12.2088
      vertex 3.02567 6.2 12.3916
      vertex 4.45452 6.2 12.4141
    endloop
  endfacet
  facet normal 0 1 -0
    outer loop
      vertex 4.4 6.2 12
      vertex 3.02567 6.2 12.3916
      vertex 4.41369 6.2 12.2088
    endloop
  endfacet
  facet normal 0 1 0
    outer loop
      vertex 4.4 6.2 12
      vertex 3 6.2 12
      vertex 3.02567 6.2 12.3916
    endloop
  endfacet
  facet normal 0 1 0
    outer loop
      vertex 4.41369 6.2 11.7912
      vertex 3 6.2 12
      vertex 4.4 6.2 12
    endloop
  endfacet
  facet normal 0 1 0
    outer loop
      vertex 4.41369 6.2 11.7912
      vertex 3.02567 6.2 11.6084
      vertex 3 6.2 12
    endloop
  endfacet
  facet normal 0 1 0
    outer loop
      vertex 4.45452 6.2 11.5859
      vertex 3.02567 6.2 11.6084
      vertex 4.41369 6.2 11.7912
    endloop
  endfacet
  facet normal 0 1 0
    outer loop
      vertex 3.10222 6.2 11.2235
      vertex 4.45452 6.2 11.5859
      vertex 4.52179 6.2 11.3877
    endloop
  endfacet
  facet normal 0 1 0
    outer loop
      vertex 4.45452 6.2 11.5859
      vertex 3.10222 6.2 11.2235
      vertex 3.02567 6.2 11.6084
    endloop
  endfacet
  facet normal 0 1 0
    outer loop
      vertex 3.22836 6.2 10.8519
      vertex 4.52179 6.2 11.3877
      vertex 4.61436 6.2 11.2
    endloop
  endfacet
  facet normal 0 1 0
    outer loop
      vertex 3.40192 6.2 10.5
      vertex 4.61436 6.2 11.2
      vertex 4.73063 6.2 11.026
    endloop
  endfacet
  facet normal 0 1 0
    outer loop
      vertex 3.61994 6.2 10.1737
      vertex 4.73063 6.2 11.026
      vertex 4.86863 6.2 10.8686
    endloop
  endfacet
  facet normal 0 1 0
    outer loop
      vertex 4.52179 6.2 11.3877
      vertex 3.22836 6.2 10.8519
      vertex 3.10222 6.2 11.2235
    endloop
  endfacet
  facet normal 0 1 0
    outer loop
      vertex 3.87868 6.2 9.87868
      vertex 4.86863 6.2 10.8686
      vertex 5.02598 6.2 10.7306
    endloop
  endfacet
  facet normal 0 1 0
    outer loop
      vertex 4.17372 6.2 9.61994
      vertex 5.02598 6.2 10.7306
      vertex 5.2 6.2 10.6144
    endloop
  endfacet
  facet normal 0 1 0
    outer loop
      vertex 4.5 6.2 9.40192
      vertex 5.2 6.2 10.6144
      vertex 5.38771 6.2 10.5218
    endloop
  endfacet
  facet normal 0 1 0
    outer loop
      vertex 4.61436 6.2 11.2
      vertex 3.40192 6.2 10.5
      vertex 3.22836 6.2 10.8519
    endloop
  endfacet
  facet normal 0 1 0
    outer loop
      vertex 4.85195 6.2 9.22836
      vertex 5.38771 6.2 10.5218
      vertex 5.58589 6.2 10.4545
    endloop
  endfacet
  facet normal 0 1 0
    outer loop
      vertex 5.22354 6.2 9.10222
      vertex 5.58589 6.2 10.4545
      vertex 5.79116 6.2 10.4137
    endloop
  endfacet
  facet normal 0 1 0
    outer loop
      vertex 5.60842 6.2 9.02567
      vertex 5.79116 6.2 10.4137
      vertex 6 6.2 10.4
    endloop
  endfacet
  facet normal 0 1 -0
    outer loop
      vertex 7.14805 6.2 9.22836
      vertex 6.61229 6.2 10.5218
      vertex 7.5 6.2 9.40192
    endloop
  endfacet
  facet normal 0 1 0
    outer loop
      vertex 4.73063 6.2 11.026
      vertex 3.61994 6.2 10.1737
      vertex 3.40192 6.2 10.5
    endloop
  endfacet
  facet normal 0 1 0
    outer loop
      vertex 6.61229 6.2 10.5218
      vertex 7.14805 6.2 9.22836
      vertex 6.41411 6.2 10.4545
    endloop
  endfacet
  facet normal 0 1 0
    outer loop
      vertex 4.86863 6.2 10.8686
      vertex 3.87868 6.2 9.87868
      vertex 3.61994 6.2 10.1737
    endloop
  endfacet
  facet normal 0 1 -0
    outer loop
      vertex 6.77646 6.2 9.10222
      vertex 6.41411 6.2 10.4545
      vertex 7.14805 6.2 9.22836
    endloop
  endfacet
  facet normal 0 1 0
    outer loop
      vertex 5.02598 6.2 10.7306
      vertex 4.17372 6.2 9.61994
      vertex 3.87868 6.2 9.87868
    endloop
  endfacet
  facet normal 0 1 0
    outer loop
      vertex 6.41411 6.2 10.4545
      vertex 6.77646 6.2 9.10222
      vertex 6.20884 6.2 10.4137
    endloop
  endfacet
  facet normal 0 1 0
    outer loop
      vertex 5.2 6.2 10.6144
      vertex 4.5 6.2 9.40192
      vertex 4.17372 6.2 9.61994
    endloop
  endfacet
  facet normal 0 1 -0
    outer loop
      vertex 6.39158 6.2 9.02567
      vertex 6.20884 6.2 10.4137
      vertex 6.77646 6.2 9.10222
    endloop
  endfacet
  facet normal 0 1 0
    outer loop
      vertex 5.38771 6.2 10.5218
      vertex 4.85195 6.2 9.22836
      vertex 4.5 6.2 9.40192
    endloop
  endfacet
  facet normal 0 1 0
    outer loop
      vertex 6.20884 6.2 10.4137
      vertex 6.39158 6.2 9.02567
      vertex 6 6.2 10.4
    endloop
  endfacet
  facet normal 0 1 0
    outer loop
      vertex 5.58589 6.2 10.4545
      vertex 5.22354 6.2 9.10222
      vertex 4.85195 6.2 9.22836
    endloop
  endfacet
  facet normal 0 1 0
    outer loop
      vertex 6 6.2 9
      vertex 6 6.2 10.4
      vertex 6.39158 6.2 9.02567
    endloop
  endfacet
  facet normal 0 1 0
    outer loop
      vertex 5.79116 6.2 10.4137
      vertex 5.60842 6.2 9.02567
      vertex 5.22354 6.2 9.10222
    endloop
  endfacet
  facet normal 0 1 0
    outer loop
      vertex 6 6.2 10.4
      vertex 6 6.2 9
      vertex 5.60842 6.2 9.02567
    endloop
  endfacet
  facet normal 0.19495 9.42637e-19 -0.980813
    outer loop
      vertex 5.22354 6.2 14.8978
      vertex 5.60842 10.5 14.9743
      vertex 5.60842 6.2 14.9743
    endloop
  endfacet
  facet normal 0.19495 9.42637e-19 -0.980813
    outer loop
      vertex 5.60842 10.5 14.9743
      vertex 5.22354 6.2 14.8978
      vertex 5.22354 10.5 14.8978
    endloop
  endfacet
  facet normal 0.659428 -3.66708e-18 -0.751768
    outer loop
      vertex 3.87868 6.2 14.1213
      vertex 4.17372 10.5 14.3801
      vertex 4.17372 6.2 14.3801
    endloop
  endfacet
  facet normal 0.659428 -3.66708e-18 -0.751768
    outer loop
      vertex 4.17372 10.5 14.3801
      vertex 3.87868 6.2 14.1213
      vertex 3.87868 10.5 14.1213
    endloop
  endfacet
  facet normal 1 -0 0
    outer loop
      vertex 34.1 4.5 19
      vertex 34.1 60.7 5
      vertex 34.1 60.7 19
    endloop
  endfacet
  facet normal 1 0 0
    outer loop
      vertex 34.1 60.7 5
      vertex 34.1 4.5 19
      vertex 34.1 4.5 5
    endloop
  endfacet
  facet normal 0 0 1
    outer loop
      vertex -15.455 60.7 19
      vertex -28.1 54.7 19
      vertex -15.455 54.7 19
    endloop
  endfacet
  facet normal 0 0 1
    outer loop
      vertex -28.1 54.7 19
      vertex -34.1 60.7 19
      vertex -28.1 10.5 19
    endloop
  endfacet
  facet normal -0 0 1
    outer loop
      vertex -34.1 60.7 19
      vertex -28.1 54.7 19
      vertex -15.455 60.7 19
    endloop
  endfacet
  facet normal 0 0 1
    outer loop
      vertex 34.1 60.7 19
      vertex 28.1 54.7 19
      vertex 34.1 4.5 19
    endloop
  endfacet
  facet normal -0 0 1
    outer loop
      vertex 15.455 60.7 19
      vertex 28.1 54.7 19
      vertex 34.1 60.7 19
    endloop
  endfacet
  facet normal 0 0 1
    outer loop
      vertex 28.1 54.7 19
      vertex 15.455 60.7 19
      vertex 15.455 54.7 19
    endloop
  endfacet
  facet normal -0 0 1
    outer loop
      vertex 28.1 10.5 19
      vertex 34.1 4.5 19
      vertex 28.1 54.7 19
    endloop
  endfacet
  facet normal 0 0 1
    outer loop
      vertex 11 4.5 19
      vertex 28.1 10.5 19
      vertex 11 5 19
    endloop
  endfacet
  facet normal 0 0 1
    outer loop
      vertex 28.1 10.5 19
      vertex 11 4.5 19
      vertex 34.1 4.5 19
    endloop
  endfacet
  facet normal 0 0 1
    outer loop
      vertex 28.1 10.5 19
      vertex 2.69479 5 19
      vertex 11 5 19
    endloop
  endfacet
  facet normal 0 0 1
    outer loop
      vertex 2.69479 5 19
      vertex -2.69479 5 19
      vertex 2.69479 4.5 19
    endloop
  endfacet
  facet normal 0 0 1
    outer loop
      vertex 28.1 10.5 19
      vertex -2.69479 5 19
      vertex 2.69479 5 19
    endloop
  endfacet
  facet normal -0 0 1
    outer loop
      vertex -28.1 10.5 19
      vertex -2.69479 5 19
      vertex 28.1 10.5 19
    endloop
  endfacet
  facet normal 0 0 1
    outer loop
      vertex -2.69479 5 19
      vertex -28.1 10.5 19
      vertex -11 5 19
    endloop
  endfacet
  facet normal 0 0 1
    outer loop
      vertex -28.1 10.5 19
      vertex -11 4.5 19
      vertex -11 5 19
    endloop
  endfacet
  facet normal 0 0 1
    outer loop
      vertex -28.1 10.5 19
      vertex -34.1 4.5 19
      vertex -11 4.5 19
    endloop
  endfacet
  facet normal 0 0 1
    outer loop
      vertex -34.1 4.5 19
      vertex -28.1 10.5 19
      vertex -34.1 60.7 19
    endloop
  endfacet
  facet normal 0 0 1
    outer loop
      vertex 2.69479 4.5 19
      vertex -2.69479 5 19
      vertex -2.69479 4.5 19
    endloop
  endfacet
  facet normal 0 0 -1
    outer loop
      vertex -11 4.5 5
      vertex -24.1 14.5 5
      vertex -11 5 5
    endloop
  endfacet
  facet normal -0 0 -1
    outer loop
      vertex -24.1 14.5 5
      vertex -34.1 4.5 5
      vertex -24.1 50.7 5
    endloop
  endfacet
  facet normal 0 0 -1
    outer loop
      vertex -34.1 4.5 5
      vertex -24.1 14.5 5
      vertex -11 4.5 5
    endloop
  endfacet
  facet normal 0 0 -1
    outer loop
      vertex 34.1 4.5 5
      vertex 24.1 14.5 5
      vertex 34.1 60.7 5
    endloop
  endfacet
  facet normal 0 0 -1
    outer loop
      vertex 11 4.5 5
      vertex 24.1 14.5 5
      vertex 34.1 4.5 5
    endloop
  endfacet
  facet normal 0 0 -1
    outer loop
      vertex 11 5 5
      vertex 24.1 14.5 5
      vertex 11 4.5 5
    endloop
  endfacet
  facet normal 0 0 -1
    outer loop
      vertex -11 5 5
      vertex 24.1 14.5 5
      vertex 11 5 5
    endloop
  endfacet
  facet normal -0 0 -1
    outer loop
      vertex 24.1 14.5 5
      vertex -11 5 5
      vertex -24.1 14.5 5
    endloop
  endfacet
  facet normal 0 0 -1
    outer loop
      vertex 24.1 50.7 5
      vertex 34.1 60.7 5
      vertex 24.1 14.5 5
    endloop
  endfacet
  facet normal 0 0 -1
    outer loop
      vertex -24.1 50.7 5
      vertex 34.1 60.7 5
      vertex 24.1 50.7 5
    endloop
  endfacet
  facet normal 0 0 -1
    outer loop
      vertex -24.1 50.7 5
      vertex -34.1 60.7 5
      vertex 34.1 60.7 5
    endloop
  endfacet
  facet normal 0 0 -1
    outer loop
      vertex -34.1 60.7 5
      vertex -24.1 50.7 5
      vertex -34.1 4.5 5
    endloop
  endfacet
  facet normal -1 0 0
    outer loop
      vertex -34.1 4.5 5
      vertex -34.1 60.7 19
      vertex -34.1 60.7 5
    endloop
  endfacet
  facet normal -1 -0 0
    outer loop
      vertex -34.1 60.7 19
      vertex -34.1 4.5 5
      vertex -34.1 4.5 19
    endloop
  endfacet
  facet normal 0 1 0
    outer loop
      vertex 34.1 60.7 19
      vertex 15.455 60.7 8
      vertex 15.455 60.7 19
    endloop
  endfacet
  facet normal 0 1 0
    outer loop
      vertex 15.455 60.7 8
      vertex 34.1 60.7 5
      vertex -15.455 60.7 8
    endloop
  endfacet
  facet normal 0 1 -0
    outer loop
      vertex 34.1 60.7 5
      vertex 15.455 60.7 8
      vertex 34.1 60.7 19
    endloop
  endfacet
  facet normal 0 1 -0
    outer loop
      vertex -15.455 60.7 8
      vertex -34.1 60.7 19
      vertex -15.455 60.7 19
    endloop
  endfacet
  facet normal 0 1 0
    outer loop
      vertex -15.455 60.7 8
      vertex -34.1 60.7 5
      vertex -34.1 60.7 19
    endloop
  endfacet
  facet normal 0 1 0
    outer loop
      vertex -34.1 60.7 5
      vertex -15.455 60.7 8
      vertex 34.1 60.7 5
    endloop
  endfacet
  facet normal 0 -1 0
    outer loop
      vertex -34.1 4.5 5
      vertex -11 4.5 19
      vertex -34.1 4.5 19
    endloop
  endfacet
  facet normal 0 -1 -0
    outer loop
      vertex -11 4.5 19
      vertex -34.1 4.5 5
      vertex -11 4.5 5
    endloop
  endfacet
  facet normal 0 -1 0
    outer loop
      vertex 11 4.5 5
      vertex 34.1 4.5 19
      vertex 11 4.5 19
    endloop
  endfacet
  facet normal 0 -1 -0
    outer loop
      vertex 34.1 4.5 19
      vertex 11 4.5 5
      vertex 34.1 4.5 5
    endloop
  endfacet
  facet normal 0 -1 0
    outer loop
      vertex -2.00909 4.5 18.6496
      vertex -2.69479 4.5 19
      vertex -2.625 4.5 18.9534
    endloop
  endfacet
  facet normal 0 -1 0
    outer loop
      vertex -2.69479 4.5 19
      vertex -2.00909 4.5 18.6496
      vertex 2.69479 4.5 19
    endloop
  endfacet
  facet normal 0 -1 0
    outer loop
      vertex 2.00909 4.5 18.6496
      vertex 2.69479 4.5 19
      vertex -2.00909 4.5 18.6496
    endloop
  endfacet
  facet normal 0 -1 0
    outer loop
      vertex 2.69479 4.5 19
      vertex 2.00909 4.5 18.6496
      vertex 2.625 4.5 18.9534
    endloop
  endfacet
  facet normal 0 -1 0
    outer loop
      vertex -1.3588 4.5 18.4289
      vertex 2.00909 4.5 18.6496
      vertex -2.00909 4.5 18.6496
    endloop
  endfacet
  facet normal 0 -1 0
    outer loop
      vertex -1.3588 4.5 18.4289
      vertex 1.3588 4.5 18.4289
      vertex 2.00909 4.5 18.6496
    endloop
  endfacet
  facet normal 0 -1 0
    outer loop
      vertex -0.685262 4.5 18.2949
      vertex 1.3588 4.5 18.4289
      vertex -1.3588 4.5 18.4289
    endloop
  endfacet
  facet normal 0 -1 0
    outer loop
      vertex -0.685262 4.5 18.2949
      vertex 0.685262 4.5 18.2949
      vertex 1.3588 4.5 18.4289
    endloop
  endfacet
  facet normal -0 -1 0
    outer loop
      vertex 0.685262 4.5 18.2949
      vertex -0.685262 4.5 18.2949
      vertex 0 4.5 18.25
    endloop
  endfacet
  facet normal -1 0 0
    outer loop
      vertex 28.1 54.7 8
      vertex 28.1 48.7 9
      vertex 28.1 54.7 9
    endloop
  endfacet
  facet normal -1 -0 0
    outer loop
      vertex 28.1 48.7 9
      vertex 28.1 10.5 8
      vertex 28.1 48.7 15
    endloop
  endfacet
  facet normal -1 0 0
    outer loop
      vertex 28.1 10.5 8
      vertex 28.1 48.7 9
      vertex 28.1 54.7 8
    endloop
  endfacet
  facet normal -1 0 0
    outer loop
      vertex 28.1 48.7 15
      vertex 28.1 54.7 19
      vertex 28.1 54.7 15
    endloop
  endfacet
  facet normal -1 0 0
    outer loop
      vertex 28.1 10.5 19
      vertex 28.1 48.7 15
      vertex 28.1 10.5 8
    endloop
  endfacet
  facet normal -1 0 0
    outer loop
      vertex 28.1 48.7 15
      vertex 28.1 10.5 19
      vertex 28.1 54.7 19
    endloop
  endfacet
  facet normal 0 0 1
    outer loop
      vertex 15.455 60.7 8
      vertex -15.455 60.7 8
      vertex 15.455 54.7 8
    endloop
  endfacet
  facet normal 0 0 1
    outer loop
      vertex 28.1 54.7 8
      vertex 24.1 50.7 8
      vertex 28.1 10.5 8
    endloop
  endfacet
  facet normal -0 0 1
    outer loop
      vertex 15.455 54.7 8
      vertex 24.1 50.7 8
      vertex 28.1 54.7 8
    endloop
  endfacet
  facet normal 0 0 1
    outer loop
      vertex -15.455 54.7 8
      vertex 15.455 54.7 8
      vertex -15.455 60.7 8
    endloop
  endfacet
  facet normal 0 0 1
    outer loop
      vertex 15.455 54.7 8
      vertex -15.455 54.7 8
      vertex 24.1 50.7 8
    endloop
  endfacet
  facet normal 0 0 1
    outer loop
      vertex -15.455 54.7 8
      vertex -24.1 50.7 8
      vertex 24.1 50.7 8
    endloop
  endfacet
  facet normal 0 0 1
    outer loop
      vertex -24.1 50.7 8
      vertex -28.1 54.7 8
      vertex -24.1 14.5 8
    endloop
  endfacet
  facet normal -0 0 1
    outer loop
      vertex -28.1 54.7 8
      vertex -24.1 50.7 8
      vertex -15.455 54.7 8
    endloop
  endfacet
  facet normal -0 0 1
    outer loop
      vertex 24.1 14.5 8
      vertex 28.1 10.5 8
      vertex 24.1 50.7 8
    endloop
  endfacet
  facet normal -0 0 1
    outer loop
      vertex -24.1 14.5 8
      vertex 28.1 10.5 8
      vertex 24.1 14.5 8
    endloop
  endfacet
  facet normal 0 0 1
    outer loop
      vertex -24.1 14.5 8
      vertex -28.1 10.5 8
      vertex 28.1 10.5 8
    endloop
  endfacet
  facet normal 0 0 1
    outer loop
      vertex -28.1 10.5 8
      vertex -24.1 14.5 8
      vertex -28.1 54.7 8
    endloop
  endfacet
  facet normal 1 0 0
    outer loop
      vertex -28.1 54.7 19
      vertex -28.1 48.7 15
      vertex -28.1 54.7 15
    endloop
  endfacet
  facet normal 1 0 0
    outer loop
      vertex -28.1 10.5 8
      vertex -28.1 48.7 15
      vertex -28.1 10.5 19
    endloop
  endfacet
  facet normal 1 -0 0
    outer loop
      vertex -28.1 10.5 19
      vertex -28.1 48.7 15
      vertex -28.1 54.7 19
    endloop
  endfacet
  facet normal 1 -0 0
    outer loop
      vertex -28.1 48.7 9
      vertex -28.1 54.7 8
      vertex -28.1 54.7 9
    endloop
  endfacet
  facet normal 1 0 0
    outer loop
      vertex -28.1 48.7 9
      vertex -28.1 10.5 8
      vertex -28.1 54.7 8
    endloop
  endfacet
  facet normal 1 0 0
    outer loop
      vertex -28.1 48.7 15
      vertex -28.1 10.5 8
      vertex -28.1 48.7 9
    endloop
  endfacet
  facet normal 0 -1 0
    outer loop
      vertex -28.1 54.7 9
      vertex -28.1 54.7 8
      vertex -27.7 54.7 9
    endloop
  endfacet
  facet normal 0 -1 0
    outer loop
      vertex -27.7 54.7 15
      vertex -28.1 54.7 19
      vertex -28.1 54.7 15
    endloop
  endfacet
  facet normal 0 -1 0
    outer loop
      vertex -28.1 54.7 19
      vertex -27.7 54.7 15
      vertex -15.455 54.7 19
    endloop
  endfacet
  facet normal 0 -1 0
    outer loop
      vertex -15.455 54.7 8
      vertex -27.7 54.7 15
      vertex -27.7 54.7 9
    endloop
  endfacet
  facet normal 0 -1 0
    outer loop
      vertex -15.455 54.7 8
      vertex -27.7 54.7 9
      vertex -28.1 54.7 8
    endloop
  endfacet
  facet normal 0 -1 0
    outer loop
      vertex -27.7 54.7 15
      vertex -15.455 54.7 8
      vertex -15.455 54.7 19
    endloop
  endfacet
  facet normal 0 -1 0
    outer loop
      vertex 15.455 54.7 19
      vertex 27.7 54.7 15
      vertex 28.1 54.7 19
    endloop
  endfacet
  facet normal 0 -1 0
    outer loop
      vertex 15.455 54.7 8
      vertex 27.7 54.7 15
      vertex 15.455 54.7 19
    endloop
  endfacet
  facet normal 0 -1 -0
    outer loop
      vertex 27.7 54.7 15
      vertex 15.455 54.7 8
      vertex 27.7 54.7 9
    endloop
  endfacet
  facet normal 0 -1 0
    outer loop
      vertex 28.1 54.7 8
      vertex 27.7 54.7 9
      vertex 15.455 54.7 8
    endloop
  endfacet
  facet normal 0 -1 0
    outer loop
      vertex 27.7 54.7 9
      vertex 28.1 54.7 8
      vertex 28.1 54.7 9
    endloop
  endfacet
  facet normal 0 -1 -0
    outer loop
      vertex 28.1 54.7 19
      vertex 27.7 54.7 15
      vertex 28.1 54.7 15
    endloop
  endfacet
  facet normal -1 0 0
    outer loop
      vertex 15.455 54.7 8
      vertex 15.455 60.7 19
      vertex 15.455 60.7 8
    endloop
  endfacet
  facet normal -1 -0 0
    outer loop
      vertex 15.455 60.7 19
      vertex 15.455 54.7 8
      vertex 15.455 54.7 19
    endloop
  endfacet
  facet normal 1 -0 0
    outer loop
      vertex -15.455 54.7 19
      vertex -15.455 60.7 8
      vertex -15.455 60.7 19
    endloop
  endfacet
  facet normal 1 0 0
    outer loop
      vertex -15.455 60.7 8
      vertex -15.455 54.7 19
      vertex -15.455 54.7 8
    endloop
  endfacet
  facet normal -1 0 0
    outer loop
      vertex 24.1 14.5 5
      vertex 24.1 50.7 8
      vertex 24.1 50.7 5
    endloop
  endfacet
  facet normal -1 -0 0
    outer loop
      vertex 24.1 50.7 8
      vertex 24.1 14.5 5
      vertex 24.1 14.5 8
    endloop
  endfacet
  facet normal 1 -0 0
    outer loop
      vertex -24.1 14.5 8
      vertex -24.1 50.7 5
      vertex -24.1 50.7 8
    endloop
  endfacet
  facet normal 1 0 0
    outer loop
      vertex -24.1 50.7 5
      vertex -24.1 14.5 8
      vertex -24.1 14.5 5
    endloop
  endfacet
  facet normal 0 -1 0
    outer loop
      vertex -24.1 50.7 5
      vertex 24.1 50.7 8
      vertex -24.1 50.7 8
    endloop
  endfacet
  facet normal 0 -1 -0
    outer loop
      vertex 24.1 50.7 8
      vertex -24.1 50.7 5
      vertex 24.1 50.7 5
    endloop
  endfacet
  facet normal 0 1 -0
    outer loop
      vertex 24.1 14.5 5
      vertex -24.1 14.5 8
      vertex 24.1 14.5 8
    endloop
  endfacet
  facet normal 0 1 0
    outer loop
      vertex -24.1 14.5 8
      vertex 24.1 14.5 5
      vertex -24.1 14.5 5
    endloop
  endfacet
  facet normal 1 -0 0
    outer loop
      vertex -27.7 48.7 15
      vertex -27.7 54.7 9
      vertex -27.7 54.7 15
    endloop
  endfacet
  facet normal 1 0 0
    outer loop
      vertex -27.7 54.7 9
      vertex -27.7 48.7 15
      vertex -27.7 48.7 9
    endloop
  endfacet
  facet normal -0 0 1
    outer loop
      vertex -28.1 54.7 15
      vertex -27.7 48.7 15
      vertex -27.7 54.7 15
    endloop
  endfacet
  facet normal 0 0 1
    outer loop
      vertex -27.7 48.7 15
      vertex -28.1 54.7 15
      vertex -28.1 48.7 15
    endloop
  endfacet
  facet normal 0 0 -1
    outer loop
      vertex -28.1 48.7 9
      vertex -27.7 54.7 9
      vertex -27.7 48.7 9
    endloop
  endfacet
  facet normal -0 0 -1
    outer loop
      vertex -27.7 54.7 9
      vertex -28.1 48.7 9
      vertex -28.1 54.7 9
    endloop
  endfacet
  facet normal 0 -1 0
    outer loop
      vertex -28.1 48.7 9
      vertex -27.7 48.7 15
      vertex -28.1 48.7 15
    endloop
  endfacet
  facet normal 0 -1 -0
    outer loop
      vertex -27.7 48.7 15
      vertex -28.1 48.7 9
      vertex -27.7 48.7 9
    endloop
  endfacet
  facet normal -0 0 1
    outer loop
      vertex 27.7 54.7 15
      vertex 28.1 48.7 15
      vertex 28.1 54.7 15
    endloop
  endfacet
  facet normal 0 0 1
    outer loop
      vertex 28.1 48.7 15
      vertex 27.7 54.7 15
      vertex 27.7 48.7 15
    endloop
  endfacet
  facet normal 0 0 -1
    outer loop
      vertex 27.7 48.7 9
      vertex 28.1 54.7 9
      vertex 28.1 48.7 9
    endloop
  endfacet
  facet normal -0 0 -1
    outer loop
      vertex 28.1 54.7 9
      vertex 27.7 48.7 9
      vertex 27.7 54.7 9
    endloop
  endfacet
  facet normal -1 0 0
    outer loop
      vertex 27.7 48.7 9
      vertex 27.7 54.7 15
      vertex 27.7 54.7 9
    endloop
  endfacet
  facet normal -1 -0 0
    outer loop
      vertex 27.7 54.7 15
      vertex 27.7 48.7 9
      vertex 27.7 48.7 15
    endloop
  endfacet
  facet normal 0 -1 0
    outer loop
      vertex 27.7 48.7 9
      vertex 28.1 48.7 15
      vertex 27.7 48.7 15
    endloop
  endfacet
  facet normal 0 -1 -0
    outer loop
      vertex 28.1 48.7 15
      vertex 27.7 48.7 9
      vertex 28.1 48.7 9
    endloop
  endfacet
  facet normal 1 -0 0
    outer loop
      vertex -27.7 48.7 103
      vertex -27.7 54.7 97
      vertex -27.7 54.7 103
    endloop
  endfacet
  facet normal 1 0 0
    outer loop
      vertex -27.7 54.7 97
      vertex -27.7 48.7 103
      vertex -27.7 48.7 97
    endloop
  endfacet
  facet normal -0 0 1
    outer loop
      vertex -28.1 54.7 103
      vertex -27.7 48.7 103
      vertex -27.7 54.7 103
    endloop
  endfacet
  facet normal 0 0 1
    outer loop
      vertex -27.7 48.7 103
      vertex -28.1 54.7 103
      vertex -28.1 48.7 103
    endloop
  endfacet
  facet normal 0 0 -1
    outer loop
      vertex -28.1 48.7 97
      vertex -27.7 54.7 97
      vertex -27.7 48.7 97
    endloop
  endfacet
  facet normal -0 0 -1
    outer loop
      vertex -27.7 54.7 97
      vertex -28.1 48.7 97
      vertex -28.1 54.7 97
    endloop
  endfacet
  facet normal 1 0 0
    outer loop
      vertex -28.1 54.7 107
      vertex -28.1 48.7 103
      vertex -28.1 54.7 103
    endloop
  endfacet
  facet normal 1 0 0
    outer loop
      vertex -28.1 48.7 103
      vertex -28.1 10.5 107
      vertex -28.1 48.7 97
    endloop
  endfacet
  facet normal 1 -0 0
    outer loop
      vertex -28.1 10.5 107
      vertex -28.1 48.7 103
      vertex -28.1 54.7 107
    endloop
  endfacet
  facet normal 1 -0 0
    outer loop
      vertex -28.1 48.7 97
      vertex -28.1 54.7 93
      vertex -28.1 54.7 97
    endloop
  endfacet
  facet normal 1 0 0
    outer loop
      vertex -28.1 10.5 93
      vertex -28.1 48.7 97
      vertex -28.1 10.5 107
    endloop
  endfacet
  facet normal 1 0 0
    outer loop
      vertex -28.1 48.7 97
      vertex -28.1 10.5 93
      vertex -28.1 54.7 93
    endloop
  endfacet
  facet normal 0 -1 0
    outer loop
      vertex -28.1 54.7 97
      vertex -28.1 54.7 93
      vertex -27.7 54.7 97
    endloop
  endfacet
  facet normal 0 -1 0
    outer loop
      vertex -27.7 54.7 103
      vertex -28.1 54.7 107
      vertex -28.1 54.7 103
    endloop
  endfacet
  facet normal 0 -1 0
    outer loop
      vertex -28.1 54.7 107
      vertex -27.7 54.7 103
      vertex -15.455 54.7 107
    endloop
  endfacet
  facet normal 0 -1 0
    outer loop
      vertex -27.7 54.7 97
      vertex -15.455 54.7 107
      vertex -27.7 54.7 103
    endloop
  endfacet
  facet normal 0 -1 0
    outer loop
      vertex -15.455 54.7 93
      vertex -27.7 54.7 97
      vertex -28.1 54.7 93
    endloop
  endfacet
  facet normal 0 -1 0
    outer loop
      vertex -27.7 54.7 97
      vertex -15.455 54.7 93
      vertex -15.455 54.7 107
    endloop
  endfacet
  facet normal 0 -1 0
    outer loop
      vertex 15.455 54.7 107
      vertex 27.7 54.7 103
      vertex 28.1 54.7 107
    endloop
  endfacet
  facet normal 0 -1 0
    outer loop
      vertex 15.455 54.7 107
      vertex 27.7 54.7 97
      vertex 27.7 54.7 103
    endloop
  endfacet
  facet normal 0 -1 0
    outer loop
      vertex 15.455 54.7 93
      vertex 27.7 54.7 97
      vertex 15.455 54.7 107
    endloop
  endfacet
  facet normal 0 -1 0
    outer loop
      vertex 28.1 54.7 93
      vertex 27.7 54.7 97
      vertex 15.455 54.7 93
    endloop
  endfacet
  facet normal 0 -1 0
    outer loop
      vertex 27.7 54.7 97
      vertex 28.1 54.7 93
      vertex 28.1 54.7 97
    endloop
  endfacet
  facet normal 0 -1 -0
    outer loop
      vertex 28.1 54.7 107
      vertex 27.7 54.7 103
      vertex 28.1 54.7 103
    endloop
  endfacet
  facet normal 0 -1 0
    outer loop
      vertex -28.1 48.7 97
      vertex -27.7 48.7 103
      vertex -28.1 48.7 103
    endloop
  endfacet
  facet normal 0 -1 -0
    outer loop
      vertex -27.7 48.7 103
      vertex -28.1 48.7 97
      vertex -27.7 48.7 97
    endloop
  endfacet
  facet normal -1 0 0
    outer loop
      vertex 28.1 54.7 93
      vertex 28.1 48.7 97
      vertex 28.1 54.7 97
    endloop
  endfacet
  facet normal -1 -0 0
    outer loop
      vertex 28.1 48.7 97
      vertex 28.1 10.5 93
      vertex 28.1 48.7 103
    endloop
  endfacet
  facet normal -1 0 0
    outer loop
      vertex 28.1 10.5 93
      vertex 28.1 48.7 97
      vertex 28.1 54.7 93
    endloop
  endfacet
  facet normal -1 0 0
    outer loop
      vertex 28.1 48.7 103
      vertex 28.1 54.7 107
      vertex 28.1 54.7 103
    endloop
  endfacet
  facet normal -1 0 0
    outer loop
      vertex 28.1 10.5 107
      vertex 28.1 48.7 103
      vertex 28.1 10.5 93
    endloop
  endfacet
  facet normal -1 0 0
    outer loop
      vertex 28.1 48.7 103
      vertex 28.1 10.5 107
      vertex 28.1 54.7 107
    endloop
  endfacet
  facet normal -0 0 1
    outer loop
      vertex 27.7 54.7 103
      vertex 28.1 48.7 103
      vertex 28.1 54.7 103
    endloop
  endfacet
  facet normal 0 0 1
    outer loop
      vertex 28.1 48.7 103
      vertex 27.7 54.7 103
      vertex 27.7 48.7 103
    endloop
  endfacet
  facet normal 0 0 -1
    outer loop
      vertex 27.7 48.7 97
      vertex 28.1 54.7 97
      vertex 28.1 48.7 97
    endloop
  endfacet
  facet normal -0 0 -1
    outer loop
      vertex 28.1 54.7 97
      vertex 27.7 48.7 97
      vertex 27.7 54.7 97
    endloop
  endfacet
  facet normal -1 0 0
    outer loop
      vertex 27.7 48.7 97
      vertex 27.7 54.7 103
      vertex 27.7 54.7 97
    endloop
  endfacet
  facet normal -1 -0 0
    outer loop
      vertex 27.7 54.7 103
      vertex 27.7 48.7 97
      vertex 27.7 48.7 103
    endloop
  endfacet
  facet normal 0 -1 0
    outer loop
      vertex 27.7 48.7 97
      vertex 28.1 48.7 103
      vertex 27.7 48.7 103
    endloop
  endfacet
  facet normal 0 -1 -0
    outer loop
      vertex 28.1 48.7 103
      vertex 27.7 48.7 97
      vertex 28.1 48.7 97
    endloop
  endfacet
  facet normal 1 -0 0
    outer loop
      vertex 34.1 4.5 107
      vertex 34.1 60.7 93
      vertex 34.1 60.7 107
    endloop
  endfacet
  facet normal 1 0 0
    outer loop
      vertex 34.1 60.7 93
      vertex 34.1 4.5 107
      vertex 34.1 4.5 93
    endloop
  endfacet
  facet normal 0 0 1
    outer loop
      vertex -15.455 60.7 107
      vertex -28.1 54.7 107
      vertex -15.455 54.7 107
    endloop
  endfacet
  facet normal 0 0 1
    outer loop
      vertex -28.1 54.7 107
      vertex -34.1 60.7 107
      vertex -28.1 10.5 107
    endloop
  endfacet
  facet normal -0 0 1
    outer loop
      vertex -34.1 60.7 107
      vertex -28.1 54.7 107
      vertex -15.455 60.7 107
    endloop
  endfacet
  facet normal 0 0 1
    outer loop
      vertex 34.1 60.7 107
      vertex 28.1 54.7 107
      vertex 34.1 4.5 107
    endloop
  endfacet
  facet normal -0 0 1
    outer loop
      vertex 15.455 60.7 107
      vertex 28.1 54.7 107
      vertex 34.1 60.7 107
    endloop
  endfacet
  facet normal 0 0 1
    outer loop
      vertex 28.1 54.7 107
      vertex 15.455 60.7 107
      vertex 15.455 54.7 107
    endloop
  endfacet
  facet normal -0 0 1
    outer loop
      vertex 28.1 10.5 107
      vertex 34.1 4.5 107
      vertex 28.1 54.7 107
    endloop
  endfacet
  facet normal 0 0 1
    outer loop
      vertex 11 4.5 107
      vertex 28.1 10.5 107
      vertex 11 5 107
    endloop
  endfacet
  facet normal 0 0 1
    outer loop
      vertex 28.1 10.5 107
      vertex 11 4.5 107
      vertex 34.1 4.5 107
    endloop
  endfacet
  facet normal 0 0 1
    outer loop
      vertex 28.1 10.5 107
      vertex -11 5 107
      vertex 11 5 107
    endloop
  endfacet
  facet normal -0 0 1
    outer loop
      vertex -28.1 10.5 107
      vertex -11 5 107
      vertex 28.1 10.5 107
    endloop
  endfacet
  facet normal 0 0 1
    outer loop
      vertex -28.1 10.5 107
      vertex -11 4.5 107
      vertex -11 5 107
    endloop
  endfacet
  facet normal 0 0 1
    outer loop
      vertex -28.1 10.5 107
      vertex -34.1 4.5 107
      vertex -11 4.5 107
    endloop
  endfacet
  facet normal 0 0 1
    outer loop
      vertex -34.1 4.5 107
      vertex -28.1 10.5 107
      vertex -34.1 60.7 107
    endloop
  endfacet
  facet normal 0 0 -1
    outer loop
      vertex 34.1 4.5 93
      vertex 28.1 10.5 93
      vertex 34.1 60.7 93
    endloop
  endfacet
  facet normal 0 0 -1
    outer loop
      vertex 11 4.5 93
      vertex 28.1 10.5 93
      vertex 34.1 4.5 93
    endloop
  endfacet
  facet normal -0 0 -1
    outer loop
      vertex 28.1 10.5 93
      vertex 11 4.5 93
      vertex 11 10.5 93
    endloop
  endfacet
  facet normal 0 0 -1
    outer loop
      vertex 28.1 54.7 93
      vertex 34.1 60.7 93
      vertex 28.1 10.5 93
    endloop
  endfacet
  facet normal 0 0 -1
    outer loop
      vertex 15.455 60.7 93
      vertex 28.1 54.7 93
      vertex 15.455 54.7 93
    endloop
  endfacet
  facet normal 0 0 -1
    outer loop
      vertex 28.1 54.7 93
      vertex 15.455 60.7 93
      vertex 34.1 60.7 93
    endloop
  endfacet
  facet normal 0 0 -1
    outer loop
      vertex -11 4.5 93
      vertex -28.1 10.5 93
      vertex -11 10.5 93
    endloop
  endfacet
  facet normal -0 0 -1
    outer loop
      vertex -28.1 10.5 93
      vertex -34.1 4.5 93
      vertex -28.1 54.7 93
    endloop
  endfacet
  facet normal 0 0 -1
    outer loop
      vertex -34.1 4.5 93
      vertex -28.1 10.5 93
      vertex -11 4.5 93
    endloop
  endfacet
  facet normal 0 0 -1
    outer loop
      vertex -28.1 54.7 93
      vertex -15.455 60.7 93
      vertex -15.455 54.7 93
    endloop
  endfacet
  facet normal 0 0 -1
    outer loop
      vertex -28.1 54.7 93
      vertex -34.1 60.7 93
      vertex -15.455 60.7 93
    endloop
  endfacet
  facet normal 0 0 -1
    outer loop
      vertex -34.1 60.7 93
      vertex -28.1 54.7 93
      vertex -34.1 4.5 93
    endloop
  endfacet
  facet normal -1 0 0
    outer loop
      vertex -34.1 4.5 93
      vertex -34.1 60.7 107
      vertex -34.1 60.7 93
    endloop
  endfacet
  facet normal -1 -0 0
    outer loop
      vertex -34.1 60.7 107
      vertex -34.1 4.5 93
      vertex -34.1 4.5 107
    endloop
  endfacet
  facet normal 0 1 -0
    outer loop
      vertex -15.455 60.7 93
      vertex -34.1 60.7 107
      vertex -15.455 60.7 107
    endloop
  endfacet
  facet normal 0 1 0
    outer loop
      vertex -34.1 60.7 107
      vertex -15.455 60.7 93
      vertex -34.1 60.7 93
    endloop
  endfacet
  facet normal 0 1 -0
    outer loop
      vertex 34.1 60.7 93
      vertex 15.455 60.7 107
      vertex 34.1 60.7 107
    endloop
  endfacet
  facet normal 0 1 0
    outer loop
      vertex 15.455 60.7 107
      vertex 34.1 60.7 93
      vertex 15.455 60.7 93
    endloop
  endfacet
  facet normal 0 -1 0
    outer loop
      vertex -34.1 4.5 93
      vertex -11 4.5 107
      vertex -34.1 4.5 107
    endloop
  endfacet
  facet normal 0 -1 -0
    outer loop
      vertex -11 4.5 107
      vertex -34.1 4.5 93
      vertex -11 4.5 93
    endloop
  endfacet
  facet normal 0 -1 0
    outer loop
      vertex 11 4.5 93
      vertex 34.1 4.5 107
      vertex 11 4.5 107
    endloop
  endfacet
  facet normal 0 -1 -0
    outer loop
      vertex 34.1 4.5 107
      vertex 11 4.5 93
      vertex 34.1 4.5 93
    endloop
  endfacet
  facet normal 0 0 -1
    outer loop
      vertex -11 5 72.25
      vertex 11 10.5 72.25
      vertex 11 5 72.25
    endloop
  endfacet
  facet normal -0 0 -1
    outer loop
      vertex 11 10.5 72.25
      vertex -11 5 72.25
      vertex -11 10.5 72.25
    endloop
  endfacet
  facet normal 0 1 -0
    outer loop
      vertex 4.17372 10.5 78.6301
      vertex 2.20043 10.5 82.1877
      vertex 4.5 10.5 78.8481
    endloop
  endfacet
  facet normal 0 1 0
    outer loop
      vertex 0 10.5 81.75
      vertex -5.60842 10.5 79.2243
      vertex -6 10.5 79.25
    endloop
  endfacet
  facet normal 0 1 -0
    outer loop
      vertex 3.87868 10.5 78.3713
      vertex 2.20043 10.5 82.1877
      vertex 4.17372 10.5 78.6301
    endloop
  endfacet
  facet normal 0 1 0
    outer loop
      vertex 0 10.5 81.75
      vertex -5.22354 10.5 79.1478
      vertex -5.60842 10.5 79.2243
    endloop
  endfacet
  facet normal 0 1 0
    outer loop
      vertex 2.20043 10.5 82.1877
      vertex 3.87868 10.5 78.3713
      vertex 1.48821 10.5 81.9459
    endloop
  endfacet
  facet normal 0 1 0
    outer loop
      vertex 0 10.5 81.75
      vertex -4.85195 10.5 79.0216
      vertex -5.22354 10.5 79.1478
    endloop
  endfacet
  facet normal 0 1 -0
    outer loop
      vertex 3.61994 10.5 78.0763
      vertex 1.48821 10.5 81.9459
      vertex 3.87868 10.5 78.3713
    endloop
  endfacet
  facet normal 0 1 0
    outer loop
      vertex 0 10.5 81.75
      vertex -4.5 10.5 78.8481
      vertex -4.85195 10.5 79.0216
    endloop
  endfacet
  facet normal 0 1 0
    outer loop
      vertex 1.48821 10.5 81.9459
      vertex 3.61994 10.5 78.0763
      vertex 0.750525 10.5 81.7992
    endloop
  endfacet
  facet normal 0 1 0
    outer loop
      vertex 0 10.5 81.75
      vertex -4.17372 10.5 78.6301
      vertex -4.5 10.5 78.8481
    endloop
  endfacet
  facet normal 0 1 -0
    outer loop
      vertex 3.40192 10.5 77.75
      vertex 0.750525 10.5 81.7992
      vertex 3.61994 10.5 78.0763
    endloop
  endfacet
  facet normal 0 1 0
    outer loop
      vertex 0 10.5 81.75
      vertex -3.87868 10.5 78.3713
      vertex -4.17372 10.5 78.6301
    endloop
  endfacet
  facet normal 0 1 -0
    outer loop
      vertex 3.22836 10.5 77.398
      vertex 0.750525 10.5 81.7992
      vertex 3.40192 10.5 77.75
    endloop
  endfacet
  facet normal 0 1 0
    outer loop
      vertex 0 10.5 81.75
      vertex -3.61994 10.5 78.0763
      vertex -3.87868 10.5 78.3713
    endloop
  endfacet
  facet normal 0 1 0
    outer loop
      vertex 0.750525 10.5 81.7992
      vertex 3.22836 10.5 77.398
      vertex 0 10.5 81.75
    endloop
  endfacet
  facet normal 0 1 0
    outer loop
      vertex 0 10.5 81.75
      vertex -3.40192 10.5 77.75
      vertex -3.61994 10.5 78.0763
    endloop
  endfacet
  facet normal 0 1 0
    outer loop
      vertex -3.22836 10.5 77.398
      vertex 0 10.5 81.75
      vertex 3.22836 10.5 77.398
    endloop
  endfacet
  facet normal 0 1 0
    outer loop
      vertex 0 10.5 81.75
      vertex -3.22836 10.5 77.398
      vertex -3.40192 10.5 77.75
    endloop
  endfacet
  facet normal 0 1 -0
    outer loop
      vertex 3.10222 10.5 77.0265
      vertex -3.22836 10.5 77.398
      vertex 3.22836 10.5 77.398
    endloop
  endfacet
  facet normal 0 1 0
    outer loop
      vertex 3.10222 10.5 77.0265
      vertex -3.10222 10.5 77.0265
      vertex -3.22836 10.5 77.398
    endloop
  endfacet
  facet normal 0 1 -0
    outer loop
      vertex 3.02567 10.5 76.6416
      vertex -3.10222 10.5 77.0265
      vertex 3.10222 10.5 77.0265
    endloop
  endfacet
  facet normal 0 1 0
    outer loop
      vertex 3.02567 10.5 76.6416
      vertex -3.02567 10.5 76.6416
      vertex -3.10222 10.5 77.0265
    endloop
  endfacet
  facet normal 0 1 -0
    outer loop
      vertex 3 10.5 76.25
      vertex -3.02567 10.5 76.6416
      vertex 3.02567 10.5 76.6416
    endloop
  endfacet
  facet normal 0 1 0
    outer loop
      vertex 3 10.5 76.25
      vertex -3 10.5 76.25
      vertex -3.02567 10.5 76.6416
    endloop
  endfacet
  facet normal 0 1 0
    outer loop
      vertex 3.02567 10.5 75.8584
      vertex -3 10.5 76.25
      vertex 3 10.5 76.25
    endloop
  endfacet
  facet normal 0 1 0
    outer loop
      vertex 3.02567 10.5 75.8584
      vertex -3.02567 10.5 75.8584
      vertex -3 10.5 76.25
    endloop
  endfacet
  facet normal 0 1 0
    outer loop
      vertex 3.10222 10.5 75.4735
      vertex -3.02567 10.5 75.8584
      vertex 3.02567 10.5 75.8584
    endloop
  endfacet
  facet normal 0 1 0
    outer loop
      vertex 3.10222 10.5 75.4735
      vertex -3.10222 10.5 75.4735
      vertex -3.02567 10.5 75.8584
    endloop
  endfacet
  facet normal 0 1 0
    outer loop
      vertex 3.22836 10.5 75.102
      vertex -3.10222 10.5 75.4735
      vertex 3.10222 10.5 75.4735
    endloop
  endfacet
  facet normal 0 1 0
    outer loop
      vertex 3.22836 10.5 75.102
      vertex -3.22836 10.5 75.102
      vertex -3.10222 10.5 75.4735
    endloop
  endfacet
  facet normal 0 1 0
    outer loop
      vertex 3.40192 10.5 74.75
      vertex -3.22836 10.5 75.102
      vertex 3.22836 10.5 75.102
    endloop
  endfacet
  facet normal 0 1 0
    outer loop
      vertex 3.40192 10.5 74.75
      vertex -3.40192 10.5 74.75
      vertex -3.22836 10.5 75.102
    endloop
  endfacet
  facet normal 0 1 0
    outer loop
      vertex 3.61994 10.5 74.4237
      vertex -3.40192 10.5 74.75
      vertex 3.40192 10.5 74.75
    endloop
  endfacet
  facet normal 0 1 0
    outer loop
      vertex 3.61994 10.5 74.4237
      vertex -3.61994 10.5 74.4237
      vertex -3.40192 10.5 74.75
    endloop
  endfacet
  facet normal 0 1 0
    outer loop
      vertex 3.87868 10.5 74.1287
      vertex -3.61994 10.5 74.4237
      vertex 3.61994 10.5 74.4237
    endloop
  endfacet
  facet normal 0 1 0
    outer loop
      vertex 3.87868 10.5 74.1287
      vertex -3.87868 10.5 74.1287
      vertex -3.61994 10.5 74.4237
    endloop
  endfacet
  facet normal 0 1 0
    outer loop
      vertex 4.17372 10.5 73.8699
      vertex -3.87868 10.5 74.1287
      vertex 3.87868 10.5 74.1287
    endloop
  endfacet
  facet normal 0 1 0
    outer loop
      vertex 4.17372 10.5 73.8699
      vertex -4.17372 10.5 73.8699
      vertex -3.87868 10.5 74.1287
    endloop
  endfacet
  facet normal 0 1 0
    outer loop
      vertex 4.5 10.5 73.6519
      vertex -4.17372 10.5 73.8699
      vertex 4.17372 10.5 73.8699
    endloop
  endfacet
  facet normal 0 1 0
    outer loop
      vertex 4.5 10.5 73.6519
      vertex -4.5 10.5 73.6519
      vertex -4.17372 10.5 73.8699
    endloop
  endfacet
  facet normal 0 1 0
    outer loop
      vertex 4.85195 10.5 73.4784
      vertex -4.5 10.5 73.6519
      vertex 4.5 10.5 73.6519
    endloop
  endfacet
  facet normal 0 1 0
    outer loop
      vertex 4.85195 10.5 73.4784
      vertex -4.85195 10.5 73.4784
      vertex -4.5 10.5 73.6519
    endloop
  endfacet
  facet normal 0 1 0
    outer loop
      vertex 5.22354 10.5 73.3522
      vertex -4.85195 10.5 73.4784
      vertex 4.85195 10.5 73.4784
    endloop
  endfacet
  facet normal 0 1 0
    outer loop
      vertex 5.22354 10.5 73.3522
      vertex -5.22354 10.5 73.3522
      vertex -4.85195 10.5 73.4784
    endloop
  endfacet
  facet normal 0 1 0
    outer loop
      vertex 5.60842 10.5 73.2757
      vertex -5.22354 10.5 73.3522
      vertex 5.22354 10.5 73.3522
    endloop
  endfacet
  facet normal 0 1 0
    outer loop
      vertex 5.60842 10.5 73.2757
      vertex -5.60842 10.5 73.2757
      vertex -5.22354 10.5 73.3522
    endloop
  endfacet
  facet normal 0 1 0
    outer loop
      vertex 11 10.5 72.25
      vertex 5.60842 10.5 73.2757
      vertex 6 10.5 73.25
    endloop
  endfacet
  facet normal 0 1 0
    outer loop
      vertex 5.60842 10.5 73.2757
      vertex 11 10.5 72.25
      vertex -5.60842 10.5 73.2757
    endloop
  endfacet
  facet normal 0 1 0
    outer loop
      vertex 11 10.5 93
      vertex 5.55407 10.5 92.9882
      vertex 5.55007 10.5 93
    endloop
  endfacet
  facet normal 0 1 0
    outer loop
      vertex 11 10.5 93
      vertex 5.70081 10.5 92.2505
      vertex 5.55407 10.5 92.9882
    endloop
  endfacet
  facet normal 0 1 0
    outer loop
      vertex 11 10.5 93
      vertex 5.75 10.5 91.5
      vertex 5.70081 10.5 92.2505
    endloop
  endfacet
  facet normal 0 1 0
    outer loop
      vertex 11 10.5 93
      vertex 5.75 10.5 87.5
      vertex 5.75 10.5 91.5
    endloop
  endfacet
  facet normal 0 1 0
    outer loop
      vertex 11 10.5 93
      vertex 5.70081 10.5 86.7495
      vertex 5.75 10.5 87.5
    endloop
  endfacet
  facet normal 0 1 -0
    outer loop
      vertex 8.12132 10.5 78.3713
      vertex 5.70081 10.5 86.7495
      vertex 11 10.5 93
    endloop
  endfacet
  facet normal 0 1 0
    outer loop
      vertex 5.70081 10.5 86.7495
      vertex 8.12132 10.5 78.3713
      vertex 5.55407 10.5 86.0118
    endloop
  endfacet
  facet normal -0 1 -0
    outer loop
      vertex 7.82628 10.5 78.6301
      vertex 5.55407 10.5 86.0118
      vertex 8.12132 10.5 78.3713
    endloop
  endfacet
  facet normal -0 1 -0
    outer loop
      vertex 7.5 10.5 78.8481
      vertex 5.31231 10.5 85.2996
      vertex 7.82628 10.5 78.6301
    endloop
  endfacet
  facet normal 0 1 -0
    outer loop
      vertex 4.5 10.5 78.8481
      vertex 2.875 10.5 82.5204
      vertex 4.85195 10.5 79.0216
    endloop
  endfacet
  facet normal 0 1 0
    outer loop
      vertex 3.50038 10.5 82.9382
      vertex 4.85195 10.5 79.0216
      vertex 2.875 10.5 82.5204
    endloop
  endfacet
  facet normal 0 1 -0
    outer loop
      vertex 4.85195 10.5 79.0216
      vertex 3.50038 10.5 82.9382
      vertex 5.22354 10.5 79.1478
    endloop
  endfacet
  facet normal 0 1 -0
    outer loop
      vertex 5.22354 10.5 79.1478
      vertex 3.50038 10.5 82.9382
      vertex 5.60842 10.5 79.2243
    endloop
  endfacet
  facet normal 0 1 0
    outer loop
      vertex 4.06586 10.5 83.4341
      vertex 5.60842 10.5 79.2243
      vertex 3.50038 10.5 82.9382
    endloop
  endfacet
  facet normal 0 1 -0
    outer loop
      vertex 5.60842 10.5 79.2243
      vertex 4.06586 10.5 83.4341
      vertex 6 10.5 79.25
    endloop
  endfacet
  facet normal 0 1 0
    outer loop
      vertex 4.56178 10.5 83.9996
      vertex 6 10.5 79.25
      vertex 4.06586 10.5 83.4341
    endloop
  endfacet
  facet normal -0 1 -0
    outer loop
      vertex 7.14805 10.5 79.0216
      vertex 5.31231 10.5 85.2996
      vertex 7.5 10.5 78.8481
    endloop
  endfacet
  facet normal 0 1 0
    outer loop
      vertex 4.56178 10.5 83.9996
      vertex 6.39158 10.5 79.2243
      vertex 6 10.5 79.25
    endloop
  endfacet
  facet normal 0 1 0
    outer loop
      vertex 4.56178 10.5 83.9996
      vertex 6.77646 10.5 79.1478
      vertex 6.39158 10.5 79.2243
    endloop
  endfacet
  facet normal 0 1 0
    outer loop
      vertex 4.97965 10.5 84.625
      vertex 6.77646 10.5 79.1478
      vertex 4.56178 10.5 83.9996
    endloop
  endfacet
  facet normal -0 1 -0
    outer loop
      vertex 6.77646 10.5 79.1478
      vertex 4.97965 10.5 84.625
      vertex 7.14805 10.5 79.0216
    endloop
  endfacet
  facet normal 0 1 0
    outer loop
      vertex 5.31231 10.5 85.2996
      vertex 7.14805 10.5 79.0216
      vertex 4.97965 10.5 84.625
    endloop
  endfacet
  facet normal 0 1 0
    outer loop
      vertex 5.55407 10.5 86.0118
      vertex 7.82628 10.5 78.6301
      vertex 5.31231 10.5 85.2996
    endloop
  endfacet
  facet normal 0 1 0
    outer loop
      vertex 11 10.5 93
      vertex 8.38006 10.5 78.0763
      vertex 8.12132 10.5 78.3713
    endloop
  endfacet
  facet normal 0 1 0
    outer loop
      vertex 11 10.5 93
      vertex 8.59808 10.5 77.75
      vertex 8.38006 10.5 78.0763
    endloop
  endfacet
  facet normal 0 1 0
    outer loop
      vertex 11 10.5 93
      vertex 8.77164 10.5 77.398
      vertex 8.59808 10.5 77.75
    endloop
  endfacet
  facet normal 0 1 0
    outer loop
      vertex 11 10.5 93
      vertex 8.89778 10.5 77.0265
      vertex 8.77164 10.5 77.398
    endloop
  endfacet
  facet normal 0 1 -0
    outer loop
      vertex 11 10.5 72.25
      vertex 8.89778 10.5 77.0265
      vertex 11 10.5 93
    endloop
  endfacet
  facet normal 0 1 0
    outer loop
      vertex 8.89778 10.5 77.0265
      vertex 11 10.5 72.25
      vertex 8.97433 10.5 76.6416
    endloop
  endfacet
  facet normal 0 1 0
    outer loop
      vertex 8.97433 10.5 76.6416
      vertex 11 10.5 72.25
      vertex 9 10.5 76.25
    endloop
  endfacet
  facet normal 0 1 0
    outer loop
      vertex -11 10.5 72.25
      vertex -5.60842 10.5 73.2757
      vertex 11 10.5 72.25
    endloop
  endfacet
  facet normal 0 1 0
    outer loop
      vertex 6.39158 10.5 73.2757
      vertex 11 10.5 72.25
      vertex 6 10.5 73.25
    endloop
  endfacet
  facet normal 0 1 0
    outer loop
      vertex 6.77646 10.5 73.3522
      vertex 11 10.5 72.25
      vertex 6.39158 10.5 73.2757
    endloop
  endfacet
  facet normal 0 1 0
    outer loop
      vertex 7.14805 10.5 73.4784
      vertex 11 10.5 72.25
      vertex 6.77646 10.5 73.3522
    endloop
  endfacet
  facet normal 0 1 0
    outer loop
      vertex 7.5 10.5 73.6519
      vertex 11 10.5 72.25
      vertex 7.14805 10.5 73.4784
    endloop
  endfacet
  facet normal 0 1 0
    outer loop
      vertex 7.82628 10.5 73.8699
      vertex 11 10.5 72.25
      vertex 7.5 10.5 73.6519
    endloop
  endfacet
  facet normal 0 1 0
    outer loop
      vertex 8.12132 10.5 74.1287
      vertex 11 10.5 72.25
      vertex 7.82628 10.5 73.8699
    endloop
  endfacet
  facet normal 0 1 0
    outer loop
      vertex 8.38006 10.5 74.4237
      vertex 11 10.5 72.25
      vertex 8.12132 10.5 74.1287
    endloop
  endfacet
  facet normal 0 1 0
    outer loop
      vertex 8.59808 10.5 74.75
      vertex 11 10.5 72.25
      vertex 8.38006 10.5 74.4237
    endloop
  endfacet
  facet normal 0 1 0
    outer loop
      vertex 8.77164 10.5 75.102
      vertex 11 10.5 72.25
      vertex 8.59808 10.5 74.75
    endloop
  endfacet
  facet normal 0 1 0
    outer loop
      vertex 8.89778 10.5 75.4735
      vertex 11 10.5 72.25
      vertex 8.77164 10.5 75.102
    endloop
  endfacet
  facet normal 0 1 0
    outer loop
      vertex 8.97433 10.5 75.8584
      vertex 11 10.5 72.25
      vertex 8.89778 10.5 75.4735
    endloop
  endfacet
  facet normal 0 1 0
    outer loop
      vertex 9 10.5 76.25
      vertex 11 10.5 72.25
      vertex 8.97433 10.5 75.8584
    endloop
  endfacet
  facet normal 0 1 -0
    outer loop
      vertex -5.55407 10.5 92.9882
      vertex -11 10.5 93
      vertex -5.55007 10.5 93
    endloop
  endfacet
  facet normal 0 1 -0
    outer loop
      vertex -5.70081 10.5 92.2505
      vertex -11 10.5 93
      vertex -5.55407 10.5 92.9882
    endloop
  endfacet
  facet normal 0 1 -0
    outer loop
      vertex -5.75 10.5 91.5
      vertex -11 10.5 93
      vertex -5.70081 10.5 92.2505
    endloop
  endfacet
  facet normal 0 1 -0
    outer loop
      vertex -5.75 10.5 87.5
      vertex -11 10.5 93
      vertex -5.75 10.5 91.5
    endloop
  endfacet
  facet normal 0 1 0
    outer loop
      vertex -5.70081 10.5 86.7495
      vertex -11 10.5 93
      vertex -5.75 10.5 87.5
    endloop
  endfacet
  facet normal 0 1 0
    outer loop
      vertex -8.12132 10.5 78.3713
      vertex -5.70081 10.5 86.7495
      vertex -5.55407 10.5 86.0118
    endloop
  endfacet
  facet normal 0 1 0
    outer loop
      vertex -7.82628 10.5 78.6301
      vertex -5.55407 10.5 86.0118
      vertex -5.31231 10.5 85.2996
    endloop
  endfacet
  facet normal 0 1 0
    outer loop
      vertex -7.14805 10.5 79.0216
      vertex -5.31231 10.5 85.2996
      vertex -4.97965 10.5 84.625
    endloop
  endfacet
  facet normal 0 1 0
    outer loop
      vertex -6.77646 10.5 79.1478
      vertex -4.97965 10.5 84.625
      vertex -4.56178 10.5 83.9996
    endloop
  endfacet
  facet normal 0 1 0
    outer loop
      vertex 2.875 10.5 82.5204
      vertex 4.5 10.5 78.8481
      vertex 2.20043 10.5 82.1877
    endloop
  endfacet
  facet normal 0 1 0
    outer loop
      vertex 0 10.5 81.75
      vertex -6 10.5 79.25
      vertex -0.750525 10.5 81.7992
    endloop
  endfacet
  facet normal 0 1 0
    outer loop
      vertex -0.750525 10.5 81.7992
      vertex -6 10.5 79.25
      vertex -1.48821 10.5 81.9459
    endloop
  endfacet
  facet normal 0 1 0
    outer loop
      vertex -1.48821 10.5 81.9459
      vertex -6 10.5 79.25
      vertex -2.20043 10.5 82.1877
    endloop
  endfacet
  facet normal 0 1 0
    outer loop
      vertex -6 10.5 79.25
      vertex -2.875 10.5 82.5204
      vertex -2.20043 10.5 82.1877
    endloop
  endfacet
  facet normal 0 1 0
    outer loop
      vertex -6 10.5 79.25
      vertex -3.50038 10.5 82.9382
      vertex -2.875 10.5 82.5204
    endloop
  endfacet
  facet normal 0 1 0
    outer loop
      vertex -6 10.5 79.25
      vertex -4.06586 10.5 83.4341
      vertex -3.50038 10.5 82.9382
    endloop
  endfacet
  facet normal 0 1 0
    outer loop
      vertex -6 10.5 79.25
      vertex -4.56178 10.5 83.9996
      vertex -4.06586 10.5 83.4341
    endloop
  endfacet
  facet normal 0 1 0
    outer loop
      vertex -6.39158 10.5 79.2243
      vertex -4.56178 10.5 83.9996
      vertex -6 10.5 79.25
    endloop
  endfacet
  facet normal 0 1 0
    outer loop
      vertex -6.77646 10.5 79.1478
      vertex -4.56178 10.5 83.9996
      vertex -6.39158 10.5 79.2243
    endloop
  endfacet
  facet normal 0 1 0
    outer loop
      vertex -4.97965 10.5 84.625
      vertex -6.77646 10.5 79.1478
      vertex -7.14805 10.5 79.0216
    endloop
  endfacet
  facet normal 0 1 0
    outer loop
      vertex -5.31231 10.5 85.2996
      vertex -7.14805 10.5 79.0216
      vertex -7.5 10.5 78.8481
    endloop
  endfacet
  facet normal 0 1 0
    outer loop
      vertex -5.31231 10.5 85.2996
      vertex -7.5 10.5 78.8481
      vertex -7.82628 10.5 78.6301
    endloop
  endfacet
  facet normal 0 1 0
    outer loop
      vertex -5.55407 10.5 86.0118
      vertex -7.82628 10.5 78.6301
      vertex -8.12132 10.5 78.3713
    endloop
  endfacet
  facet normal 0 1 0
    outer loop
      vertex -5.70081 10.5 86.7495
      vertex -8.12132 10.5 78.3713
      vertex -11 10.5 93
    endloop
  endfacet
  facet normal 0 1 -0
    outer loop
      vertex -8.38006 10.5 78.0763
      vertex -11 10.5 93
      vertex -8.12132 10.5 78.3713
    endloop
  endfacet
  facet normal 0 1 -0
    outer loop
      vertex -8.59808 10.5 77.75
      vertex -11 10.5 93
      vertex -8.38006 10.5 78.0763
    endloop
  endfacet
  facet normal 0 1 -0
    outer loop
      vertex -8.77164 10.5 77.398
      vertex -11 10.5 93
      vertex -8.59808 10.5 77.75
    endloop
  endfacet
  facet normal 0 1 -0
    outer loop
      vertex -8.89778 10.5 77.0265
      vertex -11 10.5 93
      vertex -8.77164 10.5 77.398
    endloop
  endfacet
  facet normal 0 1 0
    outer loop
      vertex -11 10.5 72.25
      vertex -8.89778 10.5 77.0265
      vertex -8.97433 10.5 76.6416
    endloop
  endfacet
  facet normal 0 1 0
    outer loop
      vertex -11 10.5 72.25
      vertex -8.97433 10.5 76.6416
      vertex -9 10.5 76.25
    endloop
  endfacet
  facet normal 0 1 0
    outer loop
      vertex -11 10.5 72.25
      vertex -9 10.5 76.25
      vertex -8.97433 10.5 75.8584
    endloop
  endfacet
  facet normal 0 1 0
    outer loop
      vertex -8.89778 10.5 77.0265
      vertex -11 10.5 72.25
      vertex -11 10.5 93
    endloop
  endfacet
  facet normal 0 1 0
    outer loop
      vertex -8.89778 10.5 75.4735
      vertex -11 10.5 72.25
      vertex -8.97433 10.5 75.8584
    endloop
  endfacet
  facet normal 0 1 0
    outer loop
      vertex -8.77164 10.5 75.102
      vertex -11 10.5 72.25
      vertex -8.89778 10.5 75.4735
    endloop
  endfacet
  facet normal 0 1 0
    outer loop
      vertex -8.59808 10.5 74.75
      vertex -11 10.5 72.25
      vertex -8.77164 10.5 75.102
    endloop
  endfacet
  facet normal 0 1 0
    outer loop
      vertex -8.38006 10.5 74.4237
      vertex -11 10.5 72.25
      vertex -8.59808 10.5 74.75
    endloop
  endfacet
  facet normal 0 1 0
    outer loop
      vertex -8.12132 10.5 74.1287
      vertex -11 10.5 72.25
      vertex -8.38006 10.5 74.4237
    endloop
  endfacet
  facet normal 0 1 0
    outer loop
      vertex -7.82628 10.5 73.8699
      vertex -11 10.5 72.25
      vertex -8.12132 10.5 74.1287
    endloop
  endfacet
  facet normal 0 1 0
    outer loop
      vertex -7.5 10.5 73.6519
      vertex -11 10.5 72.25
      vertex -7.82628 10.5 73.8699
    endloop
  endfacet
  facet normal 0 1 0
    outer loop
      vertex -7.14805 10.5 73.4784
      vertex -11 10.5 72.25
      vertex -7.5 10.5 73.6519
    endloop
  endfacet
  facet normal 0 1 0
    outer loop
      vertex -6.77646 10.5 73.3522
      vertex -11 10.5 72.25
      vertex -7.14805 10.5 73.4784
    endloop
  endfacet
  facet normal 0 1 0
    outer loop
      vertex -6.39158 10.5 73.2757
      vertex -11 10.5 72.25
      vertex -6.77646 10.5 73.3522
    endloop
  endfacet
  facet normal 0 1 0
    outer loop
      vertex -6 10.5 73.25
      vertex -11 10.5 72.25
      vertex -6.39158 10.5 73.2757
    endloop
  endfacet
  facet normal 0 1 0
    outer loop
      vertex -5.60842 10.5 73.2757
      vertex -11 10.5 72.25
      vertex -6 10.5 73.25
    endloop
  endfacet
  facet normal -0.980791 0 0.195059
    outer loop
      vertex -4.45452 5 75.8359
      vertex -4.41369 6.2 76.0412
      vertex -4.45452 6.2 75.8359
    endloop
  endfacet
  facet normal -0.980791 0 0.195059
    outer loop
      vertex -4.41369 6.2 76.0412
      vertex -4.45452 5 75.8359
      vertex -4.41369 5 76.0412
    endloop
  endfacet
  facet normal -0.997858 0 0.0654247
    outer loop
      vertex -4.41369 5 76.0412
      vertex -4.4 6.2 76.25
      vertex -4.41369 6.2 76.0412
    endloop
  endfacet
  facet normal -0.997858 0 0.0654247
    outer loop
      vertex -4.4 6.2 76.25
      vertex -4.41369 5 76.0412
      vertex -4.4 5 76.25
    endloop
  endfacet
  facet normal -0.946944 0 0.321397
    outer loop
      vertex -4.52179 5 75.6377
      vertex -4.45452 6.2 75.8359
      vertex -4.52179 6.2 75.6377
    endloop
  endfacet
  facet normal -0.946944 0 0.321397
    outer loop
      vertex -4.45452 6.2 75.8359
      vertex -4.52179 5 75.6377
      vertex -4.45452 5 75.8359
    endloop
  endfacet
  facet normal -0.831454 0 0.555593
    outer loop
      vertex -4.73063 5 75.276
      vertex -4.61436 6.2 75.45
      vertex -4.73063 6.2 75.276
    endloop
  endfacet
  facet normal -0.831454 0 0.555593
    outer loop
      vertex -4.61436 6.2 75.45
      vertex -4.73063 5 75.276
      vertex -4.61436 5 75.45
    endloop
  endfacet
  facet normal 0.946944 0 -0.321397
    outer loop
      vertex -7.47821 5 76.8623
      vertex -7.54548 6.2 76.6641
      vertex -7.47821 6.2 76.8623
    endloop
  endfacet
  facet normal 0.946944 0 -0.321397
    outer loop
      vertex -7.54548 6.2 76.6641
      vertex -7.47821 5 76.8623
      vertex -7.54548 5 76.6641
    endloop
  endfacet
  facet normal -0.555318 1.51434e-18 0.831638
    outer loop
      vertex -5.2 6.2 74.8644
      vertex -5.02598 5 74.9806
      vertex -5.02598 6.2 74.9806
    endloop
  endfacet
  facet normal -0.555318 1.51434e-18 0.831638
    outer loop
      vertex -5.02598 5 74.9806
      vertex -5.2 6.2 74.8644
      vertex -5.2 5 74.8644
    endloop
  endfacet
  facet normal -0.980791 0 -0.195059
    outer loop
      vertex -4.41369 5 76.4588
      vertex -4.45452 6.2 76.6641
      vertex -4.41369 6.2 76.4588
    endloop
  endfacet
  facet normal -0.980791 -0 -0.195059
    outer loop
      vertex -4.45452 6.2 76.6641
      vertex -4.41369 5 76.4588
      vertex -4.45452 5 76.6641
    endloop
  endfacet
  facet normal -0.321555 -1.59972e-18 0.946891
    outer loop
      vertex -5.58589 6.2 74.7045
      vertex -5.38771 5 74.7718
      vertex -5.38771 6.2 74.7718
    endloop
  endfacet
  facet normal -0.321555 -1.59972e-18 0.946891
    outer loop
      vertex -5.38771 5 74.7718
      vertex -5.58589 6.2 74.7045
      vertex -5.58589 5 74.7045
    endloop
  endfacet
  facet normal -0.946944 0 -0.321397
    outer loop
      vertex -4.45452 5 76.6641
      vertex -4.52179 6.2 76.8623
      vertex -4.45452 6.2 76.6641
    endloop
  endfacet
  facet normal -0.946944 -0 -0.321397
    outer loop
      vertex -4.52179 6.2 76.8623
      vertex -4.45452 5 76.6641
      vertex -4.52179 5 76.8623
    endloop
  endfacet
  facet normal -0.44241 5.29119e-18 -0.896813
    outer loop
      vertex -5.38771 5 77.7282
      vertex -5.2 6.2 77.6356
      vertex -5.2 5 77.6356
    endloop
  endfacet
  facet normal -0.44241 5.29119e-18 -0.896813
    outer loop
      vertex -5.2 6.2 77.6356
      vertex -5.38771 5 77.7282
      vertex -5.38771 6.2 77.7282
    endloop
  endfacet
  facet normal -0.89686 0 0.442314
    outer loop
      vertex -4.61436 5 75.45
      vertex -4.52179 6.2 75.6377
      vertex -4.61436 6.2 75.45
    endloop
  endfacet
  facet normal -0.89686 0 0.442314
    outer loop
      vertex -4.52179 6.2 75.6377
      vertex -4.61436 5 75.45
      vertex -4.52179 5 75.6377
    endloop
  endfacet
  facet normal -0.831454 0 -0.555593
    outer loop
      vertex -4.61436 5 77.05
      vertex -4.73063 6.2 77.224
      vertex -4.61436 6.2 77.05
    endloop
  endfacet
  facet normal -0.831454 -0 -0.555593
    outer loop
      vertex -4.73063 6.2 77.224
      vertex -4.61436 5 77.05
      vertex -4.73063 5 77.224
    endloop
  endfacet
  facet normal -0.0654598 5.09647e-19 -0.997855
    outer loop
      vertex -6 5 77.85
      vertex -5.79116 6.2 77.8363
      vertex -5.79116 5 77.8363
    endloop
  endfacet
  facet normal -0.0654598 5.09647e-19 -0.997855
    outer loop
      vertex -5.79116 6.2 77.8363
      vertex -6 5 77.85
      vertex -6 6.2 77.85
    endloop
  endfacet
  facet normal 0.89686 0 -0.442314
    outer loop
      vertex -7.38564 5 77.05
      vertex -7.47821 6.2 76.8623
      vertex -7.38564 6.2 77.05
    endloop
  endfacet
  facet normal 0.89686 0 -0.442314
    outer loop
      vertex -7.47821 6.2 76.8623
      vertex -7.38564 5 77.05
      vertex -7.47821 5 76.8623
    endloop
  endfacet
  facet normal -0.44241 -5.29119e-18 0.896813
    outer loop
      vertex -5.38771 6.2 74.7718
      vertex -5.2 5 74.8644
      vertex -5.2 6.2 74.8644
    endloop
  endfacet
  facet normal -0.44241 -5.29119e-18 0.896813
    outer loop
      vertex -5.2 5 74.8644
      vertex -5.38771 6.2 74.7718
      vertex -5.38771 5 74.7718
    endloop
  endfacet
  facet normal 0.321555 -1.59972e-18 -0.946891
    outer loop
      vertex -6.61229 5 77.7282
      vertex -6.41411 6.2 77.7955
      vertex -6.41411 5 77.7955
    endloop
  endfacet
  facet normal 0.321555 -1.59972e-18 -0.946891
    outer loop
      vertex -6.41411 6.2 77.7955
      vertex -6.61229 5 77.7282
      vertex -6.61229 6.2 77.7282
    endloop
  endfacet
  facet normal 0.44241 -5.29119e-18 -0.896813
    outer loop
      vertex -6.8 5 77.6356
      vertex -6.61229 6.2 77.7282
      vertex -6.61229 5 77.7282
    endloop
  endfacet
  facet normal 0.44241 -5.29119e-18 -0.896813
    outer loop
      vertex -6.61229 6.2 77.7282
      vertex -6.8 5 77.6356
      vertex -6.8 6.2 77.6356
    endloop
  endfacet
  facet normal 0.980791 0 -0.195059
    outer loop
      vertex -7.54548 5 76.6641
      vertex -7.58631 6.2 76.4588
      vertex -7.54548 6.2 76.6641
    endloop
  endfacet
  facet normal 0.980791 0 -0.195059
    outer loop
      vertex -7.58631 6.2 76.4588
      vertex -7.54548 5 76.6641
      vertex -7.58631 5 76.4588
    endloop
  endfacet
  facet normal 0.555318 1.51434e-18 -0.831638
    outer loop
      vertex -6.97402 5 77.5194
      vertex -6.8 6.2 77.6356
      vertex -6.8 5 77.6356
    endloop
  endfacet
  facet normal 0.555318 1.51434e-18 -0.831638
    outer loop
      vertex -6.8 6.2 77.6356
      vertex -6.97402 5 77.5194
      vertex -6.97402 6.2 77.5194
    endloop
  endfacet
  facet normal -0.194949 2.16575e-18 0.980813
    outer loop
      vertex -5.79116 6.2 74.6637
      vertex -5.58589 5 74.7045
      vertex -5.58589 6.2 74.7045
    endloop
  endfacet
  facet normal -0.194949 2.16575e-18 0.980813
    outer loop
      vertex -5.58589 5 74.7045
      vertex -5.79116 6.2 74.6637
      vertex -5.79116 5 74.6637
    endloop
  endfacet
  facet normal -0.194949 -2.16575e-18 -0.980813
    outer loop
      vertex -5.79116 5 77.8363
      vertex -5.58589 6.2 77.7955
      vertex -5.58589 5 77.7955
    endloop
  endfacet
  facet normal -0.194949 -2.16575e-18 -0.980813
    outer loop
      vertex -5.58589 6.2 77.7955
      vertex -5.79116 5 77.8363
      vertex -5.79116 6.2 77.8363
    endloop
  endfacet
  facet normal 0.751925 0 -0.659248
    outer loop
      vertex -7.13137 5 77.3814
      vertex -7.26937 6.2 77.224
      vertex -7.13137 6.2 77.3814
    endloop
  endfacet
  facet normal 0.751925 0 -0.659248
    outer loop
      vertex -7.26937 6.2 77.224
      vertex -7.13137 5 77.3814
      vertex -7.26937 5 77.224
    endloop
  endfacet
  facet normal -0.997858 0 -0.0654247
    outer loop
      vertex -4.4 5 76.25
      vertex -4.41369 6.2 76.4588
      vertex -4.4 6.2 76.25
    endloop
  endfacet
  facet normal -0.997858 -0 -0.0654247
    outer loop
      vertex -4.41369 6.2 76.4588
      vertex -4.4 5 76.25
      vertex -4.41369 5 76.4588
    endloop
  endfacet
  facet normal 0.659367 -6.71288e-18 -0.751821
    outer loop
      vertex -7.13137 5 77.3814
      vertex -6.97402 6.2 77.5194
      vertex -6.97402 5 77.5194
    endloop
  endfacet
  facet normal 0.659367 -6.71288e-18 -0.751821
    outer loop
      vertex -6.97402 6.2 77.5194
      vertex -7.13137 5 77.3814
      vertex -7.13137 6.2 77.3814
    endloop
  endfacet
  facet normal 0.997858 0 -0.0654247
    outer loop
      vertex -7.58631 5 76.4588
      vertex -7.6 6.2 76.25
      vertex -7.58631 6.2 76.4588
    endloop
  endfacet
  facet normal 0.997858 0 -0.0654247
    outer loop
      vertex -7.6 6.2 76.25
      vertex -7.58631 5 76.4588
      vertex -7.6 5 76.25
    endloop
  endfacet
  facet normal -0.659367 6.71288e-18 -0.751821
    outer loop
      vertex -5.02598 5 77.5194
      vertex -4.86863 6.2 77.3814
      vertex -4.86863 5 77.3814
    endloop
  endfacet
  facet normal -0.659367 6.71288e-18 -0.751821
    outer loop
      vertex -4.86863 6.2 77.3814
      vertex -5.02598 5 77.5194
      vertex -5.02598 6.2 77.5194
    endloop
  endfacet
  facet normal -0.321555 1.59972e-18 -0.946891
    outer loop
      vertex -5.58589 5 77.7955
      vertex -5.38771 6.2 77.7282
      vertex -5.38771 5 77.7282
    endloop
  endfacet
  facet normal -0.321555 1.59972e-18 -0.946891
    outer loop
      vertex -5.38771 6.2 77.7282
      vertex -5.58589 5 77.7955
      vertex -5.58589 6.2 77.7955
    endloop
  endfacet
  facet normal -0.555318 -1.51434e-18 -0.831638
    outer loop
      vertex -5.2 5 77.6356
      vertex -5.02598 6.2 77.5194
      vertex -5.02598 5 77.5194
    endloop
  endfacet
  facet normal -0.555318 -1.51434e-18 -0.831638
    outer loop
      vertex -5.02598 6.2 77.5194
      vertex -5.2 5 77.6356
      vertex -5.2 6.2 77.6356
    endloop
  endfacet
  facet normal -0.751925 0 -0.659248
    outer loop
      vertex -4.73063 5 77.224
      vertex -4.86863 6.2 77.3814
      vertex -4.73063 6.2 77.224
    endloop
  endfacet
  facet normal -0.751925 -0 -0.659248
    outer loop
      vertex -4.86863 6.2 77.3814
      vertex -4.73063 5 77.224
      vertex -4.86863 5 77.3814
    endloop
  endfacet
  facet normal 0.831454 0 -0.555593
    outer loop
      vertex -7.26937 5 77.224
      vertex -7.38564 6.2 77.05
      vertex -7.26937 6.2 77.224
    endloop
  endfacet
  facet normal 0.831454 0 -0.555593
    outer loop
      vertex -7.38564 6.2 77.05
      vertex -7.26937 5 77.224
      vertex -7.38564 5 77.05
    endloop
  endfacet
  facet normal 0.0654598 -5.09647e-19 -0.997855
    outer loop
      vertex -6.20884 5 77.8363
      vertex -6 6.2 77.85
      vertex -6 5 77.85
    endloop
  endfacet
  facet normal 0.0654598 -5.09647e-19 -0.997855
    outer loop
      vertex -6 6.2 77.85
      vertex -6.20884 5 77.8363
      vertex -6.20884 6.2 77.8363
    endloop
  endfacet
  facet normal -0.89686 0 -0.442314
    outer loop
      vertex -4.52179 5 76.8623
      vertex -4.61436 6.2 77.05
      vertex -4.52179 6.2 76.8623
    endloop
  endfacet
  facet normal -0.89686 -0 -0.442314
    outer loop
      vertex -4.61436 6.2 77.05
      vertex -4.52179 5 76.8623
      vertex -4.61436 5 77.05
    endloop
  endfacet
  facet normal -0.659367 -6.71288e-18 0.751821
    outer loop
      vertex -5.02598 6.2 74.9806
      vertex -4.86863 5 75.1186
      vertex -4.86863 6.2 75.1186
    endloop
  endfacet
  facet normal -0.659367 -6.71288e-18 0.751821
    outer loop
      vertex -4.86863 5 75.1186
      vertex -5.02598 6.2 74.9806
      vertex -5.02598 5 74.9806
    endloop
  endfacet
  facet normal -0.0654598 -5.09647e-19 0.997855
    outer loop
      vertex -6 6.2 74.65
      vertex -5.79116 5 74.6637
      vertex -5.79116 6.2 74.6637
    endloop
  endfacet
  facet normal -0.0654598 -5.09647e-19 0.997855
    outer loop
      vertex -5.79116 5 74.6637
      vertex -6 6.2 74.65
      vertex -6 5 74.65
    endloop
  endfacet
  facet normal 0.194949 2.16575e-18 -0.980813
    outer loop
      vertex -6.41411 5 77.7955
      vertex -6.20884 6.2 77.8363
      vertex -6.20884 5 77.8363
    endloop
  endfacet
  facet normal 0.194949 2.16575e-18 -0.980813
    outer loop
      vertex -6.20884 6.2 77.8363
      vertex -6.41411 5 77.7955
      vertex -6.41411 6.2 77.7955
    endloop
  endfacet
  facet normal -0.751925 0 0.659248
    outer loop
      vertex -4.86863 5 75.1186
      vertex -4.73063 6.2 75.276
      vertex -4.86863 6.2 75.1186
    endloop
  endfacet
  facet normal -0.751925 0 0.659248
    outer loop
      vertex -4.73063 6.2 75.276
      vertex -4.86863 5 75.1186
      vertex -4.73063 5 75.276
    endloop
  endfacet
  facet normal -0.980791 0 0.195062
    outer loop
      vertex -3.10222 6.2 75.4735
      vertex -3.02567 10.5 75.8584
      vertex -3.10222 10.5 75.4735
    endloop
  endfacet
  facet normal -0.980791 0 0.195062
    outer loop
      vertex -3.02567 10.5 75.8584
      vertex -3.10222 6.2 75.4735
      vertex -3.02567 6.2 75.8584
    endloop
  endfacet
  facet normal -0.997858 0 0.0654112
    outer loop
      vertex -3.02567 6.2 75.8584
      vertex -3 10.5 76.25
      vertex -3.02567 10.5 75.8584
    endloop
  endfacet
  facet normal -0.997858 0 0.0654112
    outer loop
      vertex -3 10.5 76.25
      vertex -3.02567 6.2 75.8584
      vertex -3 6.2 76.25
    endloop
  endfacet
  facet normal -0.0654906 2.25533e-19 0.997853
    outer loop
      vertex -6 10.5 73.25
      vertex -5.60842 6.2 73.2757
      vertex -5.60842 10.5 73.2757
    endloop
  endfacet
  facet normal -0.0654906 2.25533e-19 0.997853
    outer loop
      vertex -5.60842 6.2 73.2757
      vertex -6 10.5 73.25
      vertex -6 6.2 73.25
    endloop
  endfacet
  facet normal 0.946905 -0 0.321514
    outer loop
      vertex -8.89778 6.2 75.4735
      vertex -8.77164 10.5 75.102
      vertex -8.89778 10.5 75.4735
    endloop
  endfacet
  facet normal 0.946905 0 0.321514
    outer loop
      vertex -8.77164 10.5 75.102
      vertex -8.89778 6.2 75.4735
      vertex -8.77164 6.2 75.102
    endloop
  endfacet
  facet normal -0.751799 0 0.659392
    outer loop
      vertex -3.87868 6.2 74.1287
      vertex -3.61994 10.5 74.4237
      vertex -3.87868 10.5 74.1287
    endloop
  endfacet
  facet normal -0.751799 0 0.659392
    outer loop
      vertex -3.61994 10.5 74.4237
      vertex -3.87868 6.2 74.1287
      vertex -3.61994 6.2 74.4237
    endloop
  endfacet
  facet normal -0.555547 3.85358e-18 -0.831485
    outer loop
      vertex -4.5 6.2 78.8481
      vertex -4.17372 10.5 78.6301
      vertex -4.17372 6.2 78.6301
    endloop
  endfacet
  facet normal -0.555547 3.85358e-18 -0.831485
    outer loop
      vertex -4.17372 10.5 78.6301
      vertex -4.5 6.2 78.8481
      vertex -4.5 10.5 78.8481
    endloop
  endfacet
  facet normal -0.659428 4.05902e-18 0.751768
    outer loop
      vertex -4.17372 10.5 73.8699
      vertex -3.87868 6.2 74.1287
      vertex -3.87868 10.5 74.1287
    endloop
  endfacet
  facet normal -0.659428 4.05902e-18 0.751768
    outer loop
      vertex -3.87868 6.2 74.1287
      vertex -4.17372 10.5 73.8699
      vertex -4.17372 6.2 73.8699
    endloop
  endfacet
  facet normal -0.19495 -7.01822e-19 -0.980813
    outer loop
      vertex -5.60842 6.2 79.2243
      vertex -5.22354 10.5 79.1478
      vertex -5.22354 6.2 79.1478
    endloop
  endfacet
  facet normal -0.19495 -7.01822e-19 -0.980813
    outer loop
      vertex -5.22354 10.5 79.1478
      vertex -5.60842 6.2 79.2243
      vertex -5.60842 10.5 79.2243
    endloop
  endfacet
  facet normal 0.0654906 -2.25533e-19 0.997853
    outer loop
      vertex -6.39158 10.5 73.2757
      vertex -6 6.2 73.25
      vertex -6 10.5 73.25
    endloop
  endfacet
  facet normal 0.0654906 -2.25533e-19 0.997853
    outer loop
      vertex -6 6.2 73.25
      vertex -6.39158 10.5 73.2757
      vertex -6.39158 6.2 73.2757
    endloop
  endfacet
  facet normal -0.659428 -4.05902e-18 -0.751768
    outer loop
      vertex -4.17372 6.2 78.6301
      vertex -3.87868 10.5 78.3713
      vertex -3.87868 6.2 78.3713
    endloop
  endfacet
  facet normal -0.659428 -4.05902e-18 -0.751768
    outer loop
      vertex -3.87868 10.5 78.3713
      vertex -4.17372 6.2 78.6301
      vertex -4.17372 10.5 78.6301
    endloop
  endfacet
  facet normal -0.997858 0 -0.0654112
    outer loop
      vertex -3 6.2 76.25
      vertex -3.02567 10.5 76.6416
      vertex -3 10.5 76.25
    endloop
  endfacet
  facet normal -0.997858 -0 -0.0654112
    outer loop
      vertex -3.02567 10.5 76.6416
      vertex -3 6.2 76.25
      vertex -3.02567 6.2 76.6416
    endloop
  endfacet
  facet normal 0.997858 0 -0.0654112
    outer loop
      vertex -8.97433 6.2 76.6416
      vertex -9 10.5 76.25
      vertex -8.97433 10.5 76.6416
    endloop
  endfacet
  facet normal 0.997858 0 -0.0654112
    outer loop
      vertex -9 10.5 76.25
      vertex -8.97433 6.2 76.6416
      vertex -9 6.2 76.25
    endloop
  endfacet
  facet normal 0.831477 0 -0.555558
    outer loop
      vertex -8.38006 6.2 78.0763
      vertex -8.59808 10.5 77.75
      vertex -8.38006 10.5 78.0763
    endloop
  endfacet
  facet normal 0.831477 0 -0.555558
    outer loop
      vertex -8.59808 10.5 77.75
      vertex -8.38006 6.2 78.0763
      vertex -8.59808 6.2 77.75
    endloop
  endfacet
  facet normal -0.44216 -6.13146e-19 0.896936
    outer loop
      vertex -4.85195 10.5 73.4784
      vertex -4.5 6.2 73.6519
      vertex -4.5 10.5 73.6519
    endloop
  endfacet
  facet normal -0.44216 -6.13146e-19 0.896936
    outer loop
      vertex -4.5 6.2 73.6519
      vertex -4.85195 10.5 73.4784
      vertex -4.85195 6.2 73.4784
    endloop
  endfacet
  facet normal -0.946905 0 0.321514
    outer loop
      vertex -3.22836 6.2 75.102
      vertex -3.10222 10.5 75.4735
      vertex -3.22836 10.5 75.102
    endloop
  endfacet
  facet normal -0.946905 0 0.321514
    outer loop
      vertex -3.10222 10.5 75.4735
      vertex -3.22836 6.2 75.102
      vertex -3.10222 6.2 75.4735
    endloop
  endfacet
  facet normal -0.44216 6.13146e-19 -0.896936
    outer loop
      vertex -4.85195 6.2 79.0216
      vertex -4.5 10.5 78.8481
      vertex -4.5 6.2 78.8481
    endloop
  endfacet
  facet normal -0.44216 6.13146e-19 -0.896936
    outer loop
      vertex -4.5 10.5 78.8481
      vertex -4.85195 6.2 79.0216
      vertex -4.85195 10.5 79.0216
    endloop
  endfacet
  facet normal 0.980791 0 -0.195062
    outer loop
      vertex -8.89778 6.2 77.0265
      vertex -8.97433 10.5 76.6416
      vertex -8.89778 10.5 77.0265
    endloop
  endfacet
  facet normal 0.980791 0 -0.195062
    outer loop
      vertex -8.97433 10.5 76.6416
      vertex -8.89778 6.2 77.0265
      vertex -8.97433 6.2 76.6416
    endloop
  endfacet
  facet normal 0.8969 0 -0.442233
    outer loop
      vertex -8.59808 6.2 77.75
      vertex -8.77164 10.5 77.398
      vertex -8.59808 10.5 77.75
    endloop
  endfacet
  facet normal 0.8969 0 -0.442233
    outer loop
      vertex -8.77164 10.5 77.398
      vertex -8.59808 6.2 77.75
      vertex -8.77164 6.2 77.398
    endloop
  endfacet
  facet normal 0.44216 6.13146e-19 0.896936
    outer loop
      vertex -7.5 10.5 73.6519
      vertex -7.14805 6.2 73.4784
      vertex -7.14805 10.5 73.4784
    endloop
  endfacet
  facet normal 0.44216 6.13146e-19 0.896936
    outer loop
      vertex -7.14805 6.2 73.4784
      vertex -7.5 10.5 73.6519
      vertex -7.5 6.2 73.6519
    endloop
  endfacet
  facet normal -0.751799 0 -0.659392
    outer loop
      vertex -3.61994 6.2 78.0763
      vertex -3.87868 10.5 78.3713
      vertex -3.61994 10.5 78.0763
    endloop
  endfacet
  facet normal -0.751799 -0 -0.659392
    outer loop
      vertex -3.87868 10.5 78.3713
      vertex -3.61994 6.2 78.0763
      vertex -3.87868 6.2 78.3713
    endloop
  endfacet
  facet normal -0.555547 -3.85358e-18 0.831485
    outer loop
      vertex -4.5 10.5 73.6519
      vertex -4.17372 6.2 73.8699
      vertex -4.17372 10.5 73.8699
    endloop
  endfacet
  facet normal -0.555547 -3.85358e-18 0.831485
    outer loop
      vertex -4.17372 6.2 73.8699
      vertex -4.5 10.5 73.6519
      vertex -4.5 6.2 73.6519
    endloop
  endfacet
  facet normal -0.831477 0 0.555558
    outer loop
      vertex -3.61994 6.2 74.4237
      vertex -3.40192 10.5 74.75
      vertex -3.61994 10.5 74.4237
    endloop
  endfacet
  facet normal -0.831477 0 0.555558
    outer loop
      vertex -3.40192 10.5 74.75
      vertex -3.61994 6.2 74.4237
      vertex -3.40192 6.2 74.75
    endloop
  endfacet
  facet normal 0.19495 -7.01822e-19 0.980813
    outer loop
      vertex -6.77646 10.5 73.3522
      vertex -6.39158 6.2 73.2757
      vertex -6.39158 10.5 73.2757
    endloop
  endfacet
  facet normal 0.19495 -7.01822e-19 0.980813
    outer loop
      vertex -6.39158 6.2 73.2757
      vertex -6.77646 10.5 73.3522
      vertex -6.77646 6.2 73.3522
    endloop
  endfacet
  facet normal -0.19495 7.01822e-19 0.980813
    outer loop
      vertex -5.60842 10.5 73.2757
      vertex -5.22354 6.2 73.3522
      vertex -5.22354 10.5 73.3522
    endloop
  endfacet
  facet normal -0.19495 7.01822e-19 0.980813
    outer loop
      vertex -5.22354 6.2 73.3522
      vertex -5.60842 10.5 73.2757
      vertex -5.60842 6.2 73.2757
    endloop
  endfacet
  facet normal -0.980791 0 -0.195062
    outer loop
      vertex -3.02567 6.2 76.6416
      vertex -3.10222 10.5 77.0265
      vertex -3.02567 10.5 76.6416
    endloop
  endfacet
  facet normal -0.980791 -0 -0.195062
    outer loop
      vertex -3.10222 10.5 77.0265
      vertex -3.02567 6.2 76.6416
      vertex -3.10222 6.2 77.0265
    endloop
  endfacet
  facet normal -0.321582 5.26385e-19 -0.946882
    outer loop
      vertex -5.22354 6.2 79.1478
      vertex -4.85195 10.5 79.0216
      vertex -4.85195 6.2 79.0216
    endloop
  endfacet
  facet normal -0.321582 5.26385e-19 -0.946882
    outer loop
      vertex -4.85195 10.5 79.0216
      vertex -5.22354 6.2 79.1478
      vertex -5.22354 10.5 79.1478
    endloop
  endfacet
  facet normal 0.751799 0 -0.659392
    outer loop
      vertex -8.12132 6.2 78.3713
      vertex -8.38006 10.5 78.0763
      vertex -8.12132 10.5 78.3713
    endloop
  endfacet
  facet normal 0.751799 0 -0.659392
    outer loop
      vertex -8.38006 10.5 78.0763
      vertex -8.12132 6.2 78.3713
      vertex -8.38006 6.2 78.0763
    endloop
  endfacet
  facet normal -0.8969 0 0.442233
    outer loop
      vertex -3.40192 6.2 74.75
      vertex -3.22836 10.5 75.102
      vertex -3.40192 10.5 74.75
    endloop
  endfacet
  facet normal -0.8969 0 0.442233
    outer loop
      vertex -3.22836 10.5 75.102
      vertex -3.40192 6.2 74.75
      vertex -3.22836 6.2 75.102
    endloop
  endfacet
  facet normal 0.555547 3.85358e-18 0.831485
    outer loop
      vertex -7.82628 10.5 73.8699
      vertex -7.5 6.2 73.6519
      vertex -7.5 10.5 73.6519
    endloop
  endfacet
  facet normal 0.555547 3.85358e-18 0.831485
    outer loop
      vertex -7.5 6.2 73.6519
      vertex -7.82628 10.5 73.8699
      vertex -7.82628 6.2 73.8699
    endloop
  endfacet
  facet normal 0.0654906 2.25533e-19 -0.997853
    outer loop
      vertex -6.39158 6.2 79.2243
      vertex -6 10.5 79.25
      vertex -6 6.2 79.25
    endloop
  endfacet
  facet normal 0.0654906 2.25533e-19 -0.997853
    outer loop
      vertex -6 10.5 79.25
      vertex -6.39158 6.2 79.2243
      vertex -6.39158 10.5 79.2243
    endloop
  endfacet
  facet normal 0.980791 -0 0.195062
    outer loop
      vertex -8.97433 6.2 75.8584
      vertex -8.89778 10.5 75.4735
      vertex -8.97433 10.5 75.8584
    endloop
  endfacet
  facet normal 0.980791 0 0.195062
    outer loop
      vertex -8.89778 10.5 75.4735
      vertex -8.97433 6.2 75.8584
      vertex -8.89778 6.2 75.4735
    endloop
  endfacet
  facet normal 0.321582 5.26385e-19 0.946882
    outer loop
      vertex -7.14805 10.5 73.4784
      vertex -6.77646 6.2 73.3522
      vertex -6.77646 10.5 73.3522
    endloop
  endfacet
  facet normal 0.321582 5.26385e-19 0.946882
    outer loop
      vertex -6.77646 6.2 73.3522
      vertex -7.14805 10.5 73.4784
      vertex -7.14805 6.2 73.4784
    endloop
  endfacet
  facet normal -0.321582 -5.26385e-19 0.946882
    outer loop
      vertex -5.22354 10.5 73.3522
      vertex -4.85195 6.2 73.4784
      vertex -4.85195 10.5 73.4784
    endloop
  endfacet
  facet normal -0.321582 -5.26385e-19 0.946882
    outer loop
      vertex -4.85195 6.2 73.4784
      vertex -5.22354 10.5 73.3522
      vertex -5.22354 6.2 73.3522
    endloop
  endfacet
  facet normal 0.321582 -5.26385e-19 -0.946882
    outer loop
      vertex -7.14805 6.2 79.0216
      vertex -6.77646 10.5 79.1478
      vertex -6.77646 6.2 79.1478
    endloop
  endfacet
  facet normal 0.321582 -5.26385e-19 -0.946882
    outer loop
      vertex -6.77646 10.5 79.1478
      vertex -7.14805 6.2 79.0216
      vertex -7.14805 10.5 79.0216
    endloop
  endfacet
  facet normal -0.831477 0 -0.555558
    outer loop
      vertex -3.40192 6.2 77.75
      vertex -3.61994 10.5 78.0763
      vertex -3.40192 10.5 77.75
    endloop
  endfacet
  facet normal -0.831477 -0 -0.555558
    outer loop
      vertex -3.61994 10.5 78.0763
      vertex -3.40192 6.2 77.75
      vertex -3.61994 6.2 78.0763
    endloop
  endfacet
  facet normal 0.946905 0 -0.321514
    outer loop
      vertex -8.77164 6.2 77.398
      vertex -8.89778 10.5 77.0265
      vertex -8.77164 10.5 77.398
    endloop
  endfacet
  facet normal 0.946905 0 -0.321514
    outer loop
      vertex -8.89778 10.5 77.0265
      vertex -8.77164 6.2 77.398
      vertex -8.89778 6.2 77.0265
    endloop
  endfacet
  facet normal 0.555547 -3.85358e-18 -0.831485
    outer loop
      vertex -7.82628 6.2 78.6301
      vertex -7.5 10.5 78.8481
      vertex -7.5 6.2 78.8481
    endloop
  endfacet
  facet normal 0.555547 -3.85358e-18 -0.831485
    outer loop
      vertex -7.5 10.5 78.8481
      vertex -7.82628 6.2 78.6301
      vertex -7.82628 10.5 78.6301
    endloop
  endfacet
  facet normal 0.997858 -0 0.0654112
    outer loop
      vertex -9 6.2 76.25
      vertex -8.97433 10.5 75.8584
      vertex -9 10.5 76.25
    endloop
  endfacet
  facet normal 0.997858 0 0.0654112
    outer loop
      vertex -8.97433 10.5 75.8584
      vertex -9 6.2 76.25
      vertex -8.97433 6.2 75.8584
    endloop
  endfacet
  facet normal -0.946905 0 -0.321514
    outer loop
      vertex -3.10222 6.2 77.0265
      vertex -3.22836 10.5 77.398
      vertex -3.10222 10.5 77.0265
    endloop
  endfacet
  facet normal -0.946905 -0 -0.321514
    outer loop
      vertex -3.22836 10.5 77.398
      vertex -3.10222 6.2 77.0265
      vertex -3.22836 6.2 77.398
    endloop
  endfacet
  facet normal 0.44216 -6.13146e-19 -0.896936
    outer loop
      vertex -7.5 6.2 78.8481
      vertex -7.14805 10.5 79.0216
      vertex -7.14805 6.2 79.0216
    endloop
  endfacet
  facet normal 0.44216 -6.13146e-19 -0.896936
    outer loop
      vertex -7.14805 10.5 79.0216
      vertex -7.5 6.2 78.8481
      vertex -7.5 10.5 78.8481
    endloop
  endfacet
  facet normal 0.831477 -0 0.555558
    outer loop
      vertex -8.59808 6.2 74.75
      vertex -8.38006 10.5 74.4237
      vertex -8.59808 10.5 74.75
    endloop
  endfacet
  facet normal 0.831477 0 0.555558
    outer loop
      vertex -8.38006 10.5 74.4237
      vertex -8.59808 6.2 74.75
      vertex -8.38006 6.2 74.4237
    endloop
  endfacet
  facet normal 0.659428 -4.67015e-19 0.751768
    outer loop
      vertex -8.12132 10.5 74.1287
      vertex -7.82628 6.2 73.8699
      vertex -7.82628 10.5 73.8699
    endloop
  endfacet
  facet normal 0.659428 -4.67015e-19 0.751768
    outer loop
      vertex -7.82628 6.2 73.8699
      vertex -8.12132 10.5 74.1287
      vertex -8.12132 6.2 74.1287
    endloop
  endfacet
  facet normal 0.8969 -0 0.442233
    outer loop
      vertex -8.77164 6.2 75.102
      vertex -8.59808 10.5 74.75
      vertex -8.77164 10.5 75.102
    endloop
  endfacet
  facet normal 0.8969 0 0.442233
    outer loop
      vertex -8.59808 10.5 74.75
      vertex -8.77164 6.2 75.102
      vertex -8.59808 6.2 74.75
    endloop
  endfacet
  facet normal -0.0654906 -2.25533e-19 -0.997853
    outer loop
      vertex -6 6.2 79.25
      vertex -5.60842 10.5 79.2243
      vertex -5.60842 6.2 79.2243
    endloop
  endfacet
  facet normal -0.0654906 -2.25533e-19 -0.997853
    outer loop
      vertex -5.60842 10.5 79.2243
      vertex -6 6.2 79.25
      vertex -6 10.5 79.25
    endloop
  endfacet
  facet normal 0.19495 7.01822e-19 -0.980813
    outer loop
      vertex -6.77646 6.2 79.1478
      vertex -6.39158 10.5 79.2243
      vertex -6.39158 6.2 79.2243
    endloop
  endfacet
  facet normal 0.19495 7.01822e-19 -0.980813
    outer loop
      vertex -6.39158 10.5 79.2243
      vertex -6.77646 6.2 79.1478
      vertex -6.77646 10.5 79.1478
    endloop
  endfacet
  facet normal 0 1 0
    outer loop
      vertex -6 6.2 77.85
      vertex -6 6.2 79.25
      vertex -5.60842 6.2 79.2243
    endloop
  endfacet
  facet normal 0 1 0
    outer loop
      vertex -5.79116 6.2 77.8363
      vertex -5.60842 6.2 79.2243
      vertex -5.22354 6.2 79.1478
    endloop
  endfacet
  facet normal 0 1 0
    outer loop
      vertex -6 6.2 79.25
      vertex -6 6.2 77.85
      vertex -6.39158 6.2 79.2243
    endloop
  endfacet
  facet normal 0 1 0
    outer loop
      vertex -5.58589 6.2 77.7955
      vertex -5.22354 6.2 79.1478
      vertex -4.85195 6.2 79.0216
    endloop
  endfacet
  facet normal 0 1 -0
    outer loop
      vertex -6.20884 6.2 77.8363
      vertex -6.39158 6.2 79.2243
      vertex -6 6.2 77.85
    endloop
  endfacet
  facet normal 0 1 0
    outer loop
      vertex -5.38771 6.2 77.7282
      vertex -4.85195 6.2 79.0216
      vertex -4.5 6.2 78.8481
    endloop
  endfacet
  facet normal 0 1 0
    outer loop
      vertex -6.39158 6.2 79.2243
      vertex -6.20884 6.2 77.8363
      vertex -6.77646 6.2 79.1478
    endloop
  endfacet
  facet normal 0 1 0
    outer loop
      vertex -5.2 6.2 77.6356
      vertex -4.5 6.2 78.8481
      vertex -4.17372 6.2 78.6301
    endloop
  endfacet
  facet normal 0 1 -0
    outer loop
      vertex -6.41411 6.2 77.7955
      vertex -6.77646 6.2 79.1478
      vertex -6.20884 6.2 77.8363
    endloop
  endfacet
  facet normal 0 1 0
    outer loop
      vertex -5.02598 6.2 77.5194
      vertex -4.17372 6.2 78.6301
      vertex -3.87868 6.2 78.3713
    endloop
  endfacet
  facet normal 0 1 0
    outer loop
      vertex -6.77646 6.2 79.1478
      vertex -6.41411 6.2 77.7955
      vertex -7.14805 6.2 79.0216
    endloop
  endfacet
  facet normal 0 1 0
    outer loop
      vertex -4.86863 6.2 77.3814
      vertex -3.87868 6.2 78.3713
      vertex -3.61994 6.2 78.0763
    endloop
  endfacet
  facet normal 0 1 -0
    outer loop
      vertex -6.61229 6.2 77.7282
      vertex -7.14805 6.2 79.0216
      vertex -6.41411 6.2 77.7955
    endloop
  endfacet
  facet normal 0 1 0
    outer loop
      vertex -7.14805 6.2 79.0216
      vertex -6.61229 6.2 77.7282
      vertex -7.5 6.2 78.8481
    endloop
  endfacet
  facet normal 0 1 0
    outer loop
      vertex -5.60842 6.2 79.2243
      vertex -5.79116 6.2 77.8363
      vertex -6 6.2 77.85
    endloop
  endfacet
  facet normal 0 1 0
    outer loop
      vertex -5.22354 6.2 79.1478
      vertex -5.58589 6.2 77.7955
      vertex -5.79116 6.2 77.8363
    endloop
  endfacet
  facet normal 0 1 0
    outer loop
      vertex -4.73063 6.2 77.224
      vertex -3.61994 6.2 78.0763
      vertex -3.40192 6.2 77.75
    endloop
  endfacet
  facet normal 0 1 0
    outer loop
      vertex -4.85195 6.2 79.0216
      vertex -5.38771 6.2 77.7282
      vertex -5.58589 6.2 77.7955
    endloop
  endfacet
  facet normal 0 1 0
    outer loop
      vertex -4.5 6.2 78.8481
      vertex -5.2 6.2 77.6356
      vertex -5.38771 6.2 77.7282
    endloop
  endfacet
  facet normal 0 1 0
    outer loop
      vertex -4.17372 6.2 78.6301
      vertex -5.02598 6.2 77.5194
      vertex -5.2 6.2 77.6356
    endloop
  endfacet
  facet normal 0 1 0
    outer loop
      vertex -4.61436 6.2 77.05
      vertex -3.40192 6.2 77.75
      vertex -3.22836 6.2 77.398
    endloop
  endfacet
  facet normal 0 1 0
    outer loop
      vertex -3.87868 6.2 78.3713
      vertex -4.86863 6.2 77.3814
      vertex -5.02598 6.2 77.5194
    endloop
  endfacet
  facet normal 0 1 0
    outer loop
      vertex -3.61994 6.2 78.0763
      vertex -4.73063 6.2 77.224
      vertex -4.86863 6.2 77.3814
    endloop
  endfacet
  facet normal 0 1 0
    outer loop
      vertex -3.40192 6.2 77.75
      vertex -4.61436 6.2 77.05
      vertex -4.73063 6.2 77.224
    endloop
  endfacet
  facet normal 0 1 0
    outer loop
      vertex -4.52179 6.2 76.8623
      vertex -3.22836 6.2 77.398
      vertex -3.10222 6.2 77.0265
    endloop
  endfacet
  facet normal 0 1 0
    outer loop
      vertex -3.22836 6.2 77.398
      vertex -4.52179 6.2 76.8623
      vertex -4.61436 6.2 77.05
    endloop
  endfacet
  facet normal 0 1 0
    outer loop
      vertex -3.10222 6.2 77.0265
      vertex -4.45452 6.2 76.6641
      vertex -4.52179 6.2 76.8623
    endloop
  endfacet
  facet normal 0 1 0
    outer loop
      vertex -3.02567 6.2 76.6416
      vertex -4.45452 6.2 76.6641
      vertex -3.10222 6.2 77.0265
    endloop
  endfacet
  facet normal 0 1 0
    outer loop
      vertex -3.02567 6.2 76.6416
      vertex -4.41369 6.2 76.4588
      vertex -4.45452 6.2 76.6641
    endloop
  endfacet
  facet normal 0 1 0
    outer loop
      vertex -3 6.2 76.25
      vertex -4.41369 6.2 76.4588
      vertex -3.02567 6.2 76.6416
    endloop
  endfacet
  facet normal 0 1 0
    outer loop
      vertex -3 6.2 76.25
      vertex -4.4 6.2 76.25
      vertex -4.41369 6.2 76.4588
    endloop
  endfacet
  facet normal 0 1 0
    outer loop
      vertex -3 6.2 76.25
      vertex -4.41369 6.2 76.0412
      vertex -4.4 6.2 76.25
    endloop
  endfacet
  facet normal 0 1 -0
    outer loop
      vertex -3.02567 6.2 75.8584
      vertex -4.41369 6.2 76.0412
      vertex -3 6.2 76.25
    endloop
  endfacet
  facet normal 0 1 0
    outer loop
      vertex -3.02567 6.2 75.8584
      vertex -4.45452 6.2 75.8359
      vertex -4.41369 6.2 76.0412
    endloop
  endfacet
  facet normal 0 1 -0
    outer loop
      vertex -3.10222 6.2 75.4735
      vertex -4.45452 6.2 75.8359
      vertex -3.02567 6.2 75.8584
    endloop
  endfacet
  facet normal 0 1 0
    outer loop
      vertex -4.45452 6.2 75.8359
      vertex -3.10222 6.2 75.4735
      vertex -4.52179 6.2 75.6377
    endloop
  endfacet
  facet normal 0 1 -0
    outer loop
      vertex -3.22836 6.2 75.102
      vertex -4.52179 6.2 75.6377
      vertex -3.10222 6.2 75.4735
    endloop
  endfacet
  facet normal 0 1 0
    outer loop
      vertex -4.52179 6.2 75.6377
      vertex -3.22836 6.2 75.102
      vertex -4.61436 6.2 75.45
    endloop
  endfacet
  facet normal 0 1 -0
    outer loop
      vertex -3.40192 6.2 74.75
      vertex -4.61436 6.2 75.45
      vertex -3.22836 6.2 75.102
    endloop
  endfacet
  facet normal 0 1 0
    outer loop
      vertex -4.61436 6.2 75.45
      vertex -3.40192 6.2 74.75
      vertex -4.73063 6.2 75.276
    endloop
  endfacet
  facet normal 0 1 -0
    outer loop
      vertex -3.61994 6.2 74.4237
      vertex -4.73063 6.2 75.276
      vertex -3.40192 6.2 74.75
    endloop
  endfacet
  facet normal 0 1 0
    outer loop
      vertex -4.73063 6.2 75.276
      vertex -3.61994 6.2 74.4237
      vertex -4.86863 6.2 75.1186
    endloop
  endfacet
  facet normal 0 1 -0
    outer loop
      vertex -3.87868 6.2 74.1287
      vertex -4.86863 6.2 75.1186
      vertex -3.61994 6.2 74.4237
    endloop
  endfacet
  facet normal 0 1 0
    outer loop
      vertex -4.86863 6.2 75.1186
      vertex -3.87868 6.2 74.1287
      vertex -5.02598 6.2 74.9806
    endloop
  endfacet
  facet normal 0 1 -0
    outer loop
      vertex -4.17372 6.2 73.8699
      vertex -5.02598 6.2 74.9806
      vertex -3.87868 6.2 74.1287
    endloop
  endfacet
  facet normal 0 1 0
    outer loop
      vertex -5.02598 6.2 74.9806
      vertex -4.17372 6.2 73.8699
      vertex -5.2 6.2 74.8644
    endloop
  endfacet
  facet normal 0 1 -0
    outer loop
      vertex -4.5 6.2 73.6519
      vertex -5.2 6.2 74.8644
      vertex -4.17372 6.2 73.8699
    endloop
  endfacet
  facet normal 0 1 0
    outer loop
      vertex -5.2 6.2 74.8644
      vertex -4.5 6.2 73.6519
      vertex -5.38771 6.2 74.7718
    endloop
  endfacet
  facet normal 0 1 -0
    outer loop
      vertex -6.8 6.2 77.6356
      vertex -7.5 6.2 78.8481
      vertex -6.61229 6.2 77.7282
    endloop
  endfacet
  facet normal 0 1 0
    outer loop
      vertex -7.5 6.2 78.8481
      vertex -6.8 6.2 77.6356
      vertex -7.82628 6.2 78.6301
    endloop
  endfacet
  facet normal 0 1 -0
    outer loop
      vertex -6.97402 6.2 77.5194
      vertex -7.82628 6.2 78.6301
      vertex -6.8 6.2 77.6356
    endloop
  endfacet
  facet normal 0 1 0
    outer loop
      vertex -7.82628 6.2 78.6301
      vertex -6.97402 6.2 77.5194
      vertex -8.12132 6.2 78.3713
    endloop
  endfacet
  facet normal 0 1 -0
    outer loop
      vertex -7.13137 6.2 77.3814
      vertex -8.12132 6.2 78.3713
      vertex -6.97402 6.2 77.5194
    endloop
  endfacet
  facet normal 0 1 0
    outer loop
      vertex -8.12132 6.2 78.3713
      vertex -7.13137 6.2 77.3814
      vertex -8.38006 6.2 78.0763
    endloop
  endfacet
  facet normal 0 1 -0
    outer loop
      vertex -7.26937 6.2 77.224
      vertex -8.38006 6.2 78.0763
      vertex -7.13137 6.2 77.3814
    endloop
  endfacet
  facet normal 0 1 0
    outer loop
      vertex -8.38006 6.2 78.0763
      vertex -7.26937 6.2 77.224
      vertex -8.59808 6.2 77.75
    endloop
  endfacet
  facet normal 0 1 -0
    outer loop
      vertex -7.38564 6.2 77.05
      vertex -8.59808 6.2 77.75
      vertex -7.26937 6.2 77.224
    endloop
  endfacet
  facet normal 0 1 0
    outer loop
      vertex -8.59808 6.2 77.75
      vertex -7.38564 6.2 77.05
      vertex -8.77164 6.2 77.398
    endloop
  endfacet
  facet normal 0 1 -0
    outer loop
      vertex -7.47821 6.2 76.8623
      vertex -8.77164 6.2 77.398
      vertex -7.38564 6.2 77.05
    endloop
  endfacet
  facet normal 0 1 0
    outer loop
      vertex -8.77164 6.2 77.398
      vertex -7.47821 6.2 76.8623
      vertex -8.89778 6.2 77.0265
    endloop
  endfacet
  facet normal 0 1 -0
    outer loop
      vertex -7.54548 6.2 76.6641
      vertex -8.89778 6.2 77.0265
      vertex -7.47821 6.2 76.8623
    endloop
  endfacet
  facet normal 0 1 0
    outer loop
      vertex -7.54548 6.2 76.6641
      vertex -8.97433 6.2 76.6416
      vertex -8.89778 6.2 77.0265
    endloop
  endfacet
  facet normal 0 1 -0
    outer loop
      vertex -7.58631 6.2 76.4588
      vertex -8.97433 6.2 76.6416
      vertex -7.54548 6.2 76.6641
    endloop
  endfacet
  facet normal 0 1 -0
    outer loop
      vertex -7.6 6.2 76.25
      vertex -8.97433 6.2 76.6416
      vertex -7.58631 6.2 76.4588
    endloop
  endfacet
  facet normal 0 1 0
    outer loop
      vertex -7.6 6.2 76.25
      vertex -9 6.2 76.25
      vertex -8.97433 6.2 76.6416
    endloop
  endfacet
  facet normal 0 1 0
    outer loop
      vertex -7.58631 6.2 76.0412
      vertex -9 6.2 76.25
      vertex -7.6 6.2 76.25
    endloop
  endfacet
  facet normal 0 1 0
    outer loop
      vertex -7.58631 6.2 76.0412
      vertex -8.97433 6.2 75.8584
      vertex -9 6.2 76.25
    endloop
  endfacet
  facet normal 0 1 0
    outer loop
      vertex -7.54548 6.2 75.8359
      vertex -8.97433 6.2 75.8584
      vertex -7.58631 6.2 76.0412
    endloop
  endfacet
  facet normal 0 1 0
    outer loop
      vertex -8.89778 6.2 75.4735
      vertex -7.54548 6.2 75.8359
      vertex -7.47821 6.2 75.6377
    endloop
  endfacet
  facet normal 0 1 0
    outer loop
      vertex -7.54548 6.2 75.8359
      vertex -8.89778 6.2 75.4735
      vertex -8.97433 6.2 75.8584
    endloop
  endfacet
  facet normal 0 1 0
    outer loop
      vertex -8.77164 6.2 75.102
      vertex -7.47821 6.2 75.6377
      vertex -7.38564 6.2 75.45
    endloop
  endfacet
  facet normal 0 1 0
    outer loop
      vertex -8.59808 6.2 74.75
      vertex -7.38564 6.2 75.45
      vertex -7.26937 6.2 75.276
    endloop
  endfacet
  facet normal 0 1 0
    outer loop
      vertex -8.38006 6.2 74.4237
      vertex -7.26937 6.2 75.276
      vertex -7.13137 6.2 75.1186
    endloop
  endfacet
  facet normal 0 1 0
    outer loop
      vertex -7.47821 6.2 75.6377
      vertex -8.77164 6.2 75.102
      vertex -8.89778 6.2 75.4735
    endloop
  endfacet
  facet normal 0 1 0
    outer loop
      vertex -8.12132 6.2 74.1287
      vertex -7.13137 6.2 75.1186
      vertex -6.97402 6.2 74.9806
    endloop
  endfacet
  facet normal 0 1 0
    outer loop
      vertex -7.82628 6.2 73.8699
      vertex -6.97402 6.2 74.9806
      vertex -6.8 6.2 74.8644
    endloop
  endfacet
  facet normal 0 1 0
    outer loop
      vertex -7.5 6.2 73.6519
      vertex -6.8 6.2 74.8644
      vertex -6.61229 6.2 74.7718
    endloop
  endfacet
  facet normal 0 1 0
    outer loop
      vertex -7.38564 6.2 75.45
      vertex -8.59808 6.2 74.75
      vertex -8.77164 6.2 75.102
    endloop
  endfacet
  facet normal 0 1 0
    outer loop
      vertex -7.14805 6.2 73.4784
      vertex -6.61229 6.2 74.7718
      vertex -6.41411 6.2 74.7045
    endloop
  endfacet
  facet normal 0 1 0
    outer loop
      vertex -6.77646 6.2 73.3522
      vertex -6.41411 6.2 74.7045
      vertex -6.20884 6.2 74.6637
    endloop
  endfacet
  facet normal 0 1 0
    outer loop
      vertex -6.39158 6.2 73.2757
      vertex -6.20884 6.2 74.6637
      vertex -6 6.2 74.65
    endloop
  endfacet
  facet normal 0 1 -0
    outer loop
      vertex -4.85195 6.2 73.4784
      vertex -5.38771 6.2 74.7718
      vertex -4.5 6.2 73.6519
    endloop
  endfacet
  facet normal 0 1 0
    outer loop
      vertex -7.26937 6.2 75.276
      vertex -8.38006 6.2 74.4237
      vertex -8.59808 6.2 74.75
    endloop
  endfacet
  facet normal 0 1 0
    outer loop
      vertex -5.38771 6.2 74.7718
      vertex -4.85195 6.2 73.4784
      vertex -5.58589 6.2 74.7045
    endloop
  endfacet
  facet normal 0 1 0
    outer loop
      vertex -7.13137 6.2 75.1186
      vertex -8.12132 6.2 74.1287
      vertex -8.38006 6.2 74.4237
    endloop
  endfacet
  facet normal 0 1 -0
    outer loop
      vertex -5.22354 6.2 73.3522
      vertex -5.58589 6.2 74.7045
      vertex -4.85195 6.2 73.4784
    endloop
  endfacet
  facet normal 0 1 0
    outer loop
      vertex -6.97402 6.2 74.9806
      vertex -7.82628 6.2 73.8699
      vertex -8.12132 6.2 74.1287
    endloop
  endfacet
  facet normal 0 1 0
    outer loop
      vertex -5.58589 6.2 74.7045
      vertex -5.22354 6.2 73.3522
      vertex -5.79116 6.2 74.6637
    endloop
  endfacet
  facet normal 0 1 0
    outer loop
      vertex -6.8 6.2 74.8644
      vertex -7.5 6.2 73.6519
      vertex -7.82628 6.2 73.8699
    endloop
  endfacet
  facet normal 0 1 -0
    outer loop
      vertex -5.60842 6.2 73.2757
      vertex -5.79116 6.2 74.6637
      vertex -5.22354 6.2 73.3522
    endloop
  endfacet
  facet normal 0 1 0
    outer loop
      vertex -6.61229 6.2 74.7718
      vertex -7.14805 6.2 73.4784
      vertex -7.5 6.2 73.6519
    endloop
  endfacet
  facet normal 0 1 0
    outer loop
      vertex -5.79116 6.2 74.6637
      vertex -5.60842 6.2 73.2757
      vertex -6 6.2 74.65
    endloop
  endfacet
  facet normal 0 1 0
    outer loop
      vertex -6.41411 6.2 74.7045
      vertex -6.77646 6.2 73.3522
      vertex -7.14805 6.2 73.4784
    endloop
  endfacet
  facet normal 0 1 0
    outer loop
      vertex -6 6.2 73.25
      vertex -6 6.2 74.65
      vertex -5.60842 6.2 73.2757
    endloop
  endfacet
  facet normal 0 1 0
    outer loop
      vertex -6.20884 6.2 74.6637
      vertex -6.39158 6.2 73.2757
      vertex -6.77646 6.2 73.3522
    endloop
  endfacet
  facet normal 0 1 0
    outer loop
      vertex -6 6.2 74.65
      vertex -6 6.2 73.25
      vertex -6.39158 6.2 73.2757
    endloop
  endfacet
  facet normal -0.8969 0 -0.442233
    outer loop
      vertex -3.22836 6.2 77.398
      vertex -3.40192 10.5 77.75
      vertex -3.22836 10.5 77.398
    endloop
  endfacet
  facet normal -0.8969 -0 -0.442233
    outer loop
      vertex -3.40192 10.5 77.75
      vertex -3.22836 6.2 77.398
      vertex -3.40192 6.2 77.75
    endloop
  endfacet
  facet normal 0.659428 4.67015e-19 -0.751768
    outer loop
      vertex -8.12132 6.2 78.3713
      vertex -7.82628 10.5 78.6301
      vertex -7.82628 6.2 78.6301
    endloop
  endfacet
  facet normal 0.659428 4.67015e-19 -0.751768
    outer loop
      vertex -7.82628 10.5 78.6301
      vertex -8.12132 6.2 78.3713
      vertex -8.12132 10.5 78.3713
    endloop
  endfacet
  facet normal 0.751799 -0 0.659392
    outer loop
      vertex -8.38006 6.2 74.4237
      vertex -8.12132 10.5 74.1287
      vertex -8.38006 10.5 74.4237
    endloop
  endfacet
  facet normal 0.751799 0 0.659392
    outer loop
      vertex -8.12132 10.5 74.1287
      vertex -8.38006 6.2 74.4237
      vertex -8.12132 6.2 74.1287
    endloop
  endfacet
  facet normal 0.946944 0 -0.321397
    outer loop
      vertex 4.52179 5 76.8623
      vertex 4.45452 6.2 76.6641
      vertex 4.52179 6.2 76.8623
    endloop
  endfacet
  facet normal 0.946944 0 -0.321397
    outer loop
      vertex 4.45452 6.2 76.6641
      vertex 4.52179 5 76.8623
      vertex 4.45452 5 76.6641
    endloop
  endfacet
  facet normal -0.980791 0 -0.195059
    outer loop
      vertex 7.58631 5 76.4588
      vertex 7.54548 6.2 76.6641
      vertex 7.58631 6.2 76.4588
    endloop
  endfacet
  facet normal -0.980791 -0 -0.195059
    outer loop
      vertex 7.54548 6.2 76.6641
      vertex 7.58631 5 76.4588
      vertex 7.54548 5 76.6641
    endloop
  endfacet
  facet normal 0.555318 -1.51434e-18 0.831638
    outer loop
      vertex 5.02598 6.2 74.9806
      vertex 5.2 5 74.8644
      vertex 5.2 6.2 74.8644
    endloop
  endfacet
  facet normal 0.555318 -1.51434e-18 0.831638
    outer loop
      vertex 5.2 5 74.8644
      vertex 5.02598 6.2 74.9806
      vertex 5.02598 5 74.9806
    endloop
  endfacet
  facet normal -0.946944 0 -0.321397
    outer loop
      vertex 7.54548 5 76.6641
      vertex 7.47821 6.2 76.8623
      vertex 7.54548 6.2 76.6641
    endloop
  endfacet
  facet normal -0.946944 -0 -0.321397
    outer loop
      vertex 7.47821 6.2 76.8623
      vertex 7.54548 5 76.6641
      vertex 7.47821 5 76.8623
    endloop
  endfacet
  facet normal -0.44241 5.29119e-18 -0.896813
    outer loop
      vertex 6.61229 5 77.7282
      vertex 6.8 6.2 77.6356
      vertex 6.8 5 77.6356
    endloop
  endfacet
  facet normal -0.44241 5.29119e-18 -0.896813
    outer loop
      vertex 6.8 6.2 77.6356
      vertex 6.61229 5 77.7282
      vertex 6.61229 6.2 77.7282
    endloop
  endfacet
  facet normal 0.659367 6.71288e-18 0.751821
    outer loop
      vertex 4.86863 6.2 75.1186
      vertex 5.02598 5 74.9806
      vertex 5.02598 6.2 74.9806
    endloop
  endfacet
  facet normal 0.659367 6.71288e-18 0.751821
    outer loop
      vertex 5.02598 5 74.9806
      vertex 4.86863 6.2 75.1186
      vertex 4.86863 5 75.1186
    endloop
  endfacet
  facet normal 0.194949 -2.16575e-18 0.980813
    outer loop
      vertex 5.58589 6.2 74.7045
      vertex 5.79116 5 74.6637
      vertex 5.79116 6.2 74.6637
    endloop
  endfacet
  facet normal 0.194949 -2.16575e-18 0.980813
    outer loop
      vertex 5.79116 5 74.6637
      vertex 5.58589 6.2 74.7045
      vertex 5.58589 5 74.7045
    endloop
  endfacet
  facet normal -0.831454 0 -0.555593
    outer loop
      vertex 7.38564 5 77.05
      vertex 7.26937 6.2 77.224
      vertex 7.38564 6.2 77.05
    endloop
  endfacet
  facet normal -0.831454 -0 -0.555593
    outer loop
      vertex 7.26937 6.2 77.224
      vertex 7.38564 5 77.05
      vertex 7.26937 5 77.224
    endloop
  endfacet
  facet normal -0.0654598 5.09647e-19 -0.997855
    outer loop
      vertex 6 5 77.85
      vertex 6.20884 6.2 77.8363
      vertex 6.20884 5 77.8363
    endloop
  endfacet
  facet normal -0.0654598 5.09647e-19 -0.997855
    outer loop
      vertex 6.20884 6.2 77.8363
      vertex 6 5 77.85
      vertex 6 6.2 77.85
    endloop
  endfacet
  facet normal 0.89686 0 -0.442314
    outer loop
      vertex 4.61436 5 77.05
      vertex 4.52179 6.2 76.8623
      vertex 4.61436 6.2 77.05
    endloop
  endfacet
  facet normal 0.89686 0 -0.442314
    outer loop
      vertex 4.52179 6.2 76.8623
      vertex 4.61436 5 77.05
      vertex 4.52179 5 76.8623
    endloop
  endfacet
  facet normal 0.321555 -1.59972e-18 -0.946891
    outer loop
      vertex 5.38771 5 77.7282
      vertex 5.58589 6.2 77.7955
      vertex 5.58589 5 77.7955
    endloop
  endfacet
  facet normal 0.321555 -1.59972e-18 -0.946891
    outer loop
      vertex 5.58589 6.2 77.7955
      vertex 5.38771 5 77.7282
      vertex 5.38771 6.2 77.7282
    endloop
  endfacet
  facet normal 0.44241 5.29119e-18 0.896813
    outer loop
      vertex 5.2 6.2 74.8644
      vertex 5.38771 5 74.7718
      vertex 5.38771 6.2 74.7718
    endloop
  endfacet
  facet normal 0.44241 5.29119e-18 0.896813
    outer loop
      vertex 5.38771 5 74.7718
      vertex 5.2 6.2 74.8644
      vertex 5.2 5 74.8644
    endloop
  endfacet
  facet normal 0.44241 -5.29119e-18 -0.896813
    outer loop
      vertex 5.2 5 77.6356
      vertex 5.38771 6.2 77.7282
      vertex 5.38771 5 77.7282
    endloop
  endfacet
  facet normal 0.44241 -5.29119e-18 -0.896813
    outer loop
      vertex 5.38771 6.2 77.7282
      vertex 5.2 5 77.6356
      vertex 5.2 6.2 77.6356
    endloop
  endfacet
  facet normal 0.980791 0 -0.195059
    outer loop
      vertex 4.45452 5 76.6641
      vertex 4.41369 6.2 76.4588
      vertex 4.45452 6.2 76.6641
    endloop
  endfacet
  facet normal 0.980791 0 -0.195059
    outer loop
      vertex 4.41369 6.2 76.4588
      vertex 4.45452 5 76.6641
      vertex 4.41369 5 76.4588
    endloop
  endfacet
  facet normal 0.555318 1.51434e-18 -0.831638
    outer loop
      vertex 5.02598 5 77.5194
      vertex 5.2 6.2 77.6356
      vertex 5.2 5 77.6356
    endloop
  endfacet
  facet normal 0.555318 1.51434e-18 -0.831638
    outer loop
      vertex 5.2 6.2 77.6356
      vertex 5.02598 5 77.5194
      vertex 5.02598 6.2 77.5194
    endloop
  endfacet
  facet normal -0.194949 -2.16575e-18 -0.980813
    outer loop
      vertex 6.20884 5 77.8363
      vertex 6.41411 6.2 77.7955
      vertex 6.41411 5 77.7955
    endloop
  endfacet
  facet normal -0.194949 -2.16575e-18 -0.980813
    outer loop
      vertex 6.41411 6.2 77.7955
      vertex 6.20884 5 77.8363
      vertex 6.20884 6.2 77.8363
    endloop
  endfacet
  facet normal 0.751925 0 -0.659248
    outer loop
      vertex 4.86863 5 77.3814
      vertex 4.73063 6.2 77.224
      vertex 4.86863 6.2 77.3814
    endloop
  endfacet
  facet normal 0.751925 0 -0.659248
    outer loop
      vertex 4.73063 6.2 77.224
      vertex 4.86863 5 77.3814
      vertex 4.73063 5 77.224
    endloop
  endfacet
  facet normal 0.751925 -0 0.659248
    outer loop
      vertex 4.73063 5 75.276
      vertex 4.86863 6.2 75.1186
      vertex 4.73063 6.2 75.276
    endloop
  endfacet
  facet normal 0.751925 0 0.659248
    outer loop
      vertex 4.86863 6.2 75.1186
      vertex 4.73063 5 75.276
      vertex 4.86863 5 75.1186
    endloop
  endfacet
  facet normal -0.997858 0 -0.0654247
    outer loop
      vertex 7.6 5 76.25
      vertex 7.58631 6.2 76.4588
      vertex 7.6 6.2 76.25
    endloop
  endfacet
  facet normal -0.997858 -0 -0.0654247
    outer loop
      vertex 7.58631 6.2 76.4588
      vertex 7.6 5 76.25
      vertex 7.58631 5 76.4588
    endloop
  endfacet
  facet normal 0.831454 -0 0.555593
    outer loop
      vertex 4.61436 5 75.45
      vertex 4.73063 6.2 75.276
      vertex 4.61436 6.2 75.45
    endloop
  endfacet
  facet normal 0.831454 0 0.555593
    outer loop
      vertex 4.73063 6.2 75.276
      vertex 4.61436 5 75.45
      vertex 4.73063 5 75.276
    endloop
  endfacet
  facet normal 0.997858 0 -0.0654247
    outer loop
      vertex 4.41369 5 76.4588
      vertex 4.4 6.2 76.25
      vertex 4.41369 6.2 76.4588
    endloop
  endfacet
  facet normal 0.997858 0 -0.0654247
    outer loop
      vertex 4.4 6.2 76.25
      vertex 4.41369 5 76.4588
      vertex 4.4 5 76.25
    endloop
  endfacet
  facet normal -0.321555 1.59972e-18 -0.946891
    outer loop
      vertex 6.41411 5 77.7955
      vertex 6.61229 6.2 77.7282
      vertex 6.61229 5 77.7282
    endloop
  endfacet
  facet normal -0.321555 1.59972e-18 -0.946891
    outer loop
      vertex 6.61229 6.2 77.7282
      vertex 6.41411 5 77.7955
      vertex 6.41411 6.2 77.7955
    endloop
  endfacet
  facet normal -0.555318 -1.51434e-18 -0.831638
    outer loop
      vertex 6.8 5 77.6356
      vertex 6.97402 6.2 77.5194
      vertex 6.97402 5 77.5194
    endloop
  endfacet
  facet normal -0.555318 -1.51434e-18 -0.831638
    outer loop
      vertex 6.97402 6.2 77.5194
      vertex 6.8 5 77.6356
      vertex 6.8 6.2 77.6356
    endloop
  endfacet
  facet normal -0.751925 0 -0.659248
    outer loop
      vertex 7.26937 5 77.224
      vertex 7.13137 6.2 77.3814
      vertex 7.26937 6.2 77.224
    endloop
  endfacet
  facet normal -0.751925 -0 -0.659248
    outer loop
      vertex 7.13137 6.2 77.3814
      vertex 7.26937 5 77.224
      vertex 7.13137 5 77.3814
    endloop
  endfacet
  facet normal 0.831454 0 -0.555593
    outer loop
      vertex 4.73063 5 77.224
      vertex 4.61436 6.2 77.05
      vertex 4.73063 6.2 77.224
    endloop
  endfacet
  facet normal 0.831454 0 -0.555593
    outer loop
      vertex 4.61436 6.2 77.05
      vertex 4.73063 5 77.224
      vertex 4.61436 5 77.05
    endloop
  endfacet
  facet normal -0.659367 6.71288e-18 -0.751821
    outer loop
      vertex 6.97402 5 77.5194
      vertex 7.13137 6.2 77.3814
      vertex 7.13137 5 77.3814
    endloop
  endfacet
  facet normal -0.659367 6.71288e-18 -0.751821
    outer loop
      vertex 7.13137 6.2 77.3814
      vertex 6.97402 5 77.5194
      vertex 6.97402 6.2 77.5194
    endloop
  endfacet
  facet normal 0.0654598 -5.09647e-19 -0.997855
    outer loop
      vertex 5.79116 5 77.8363
      vertex 6 6.2 77.85
      vertex 6 5 77.85
    endloop
  endfacet
  facet normal 0.0654598 -5.09647e-19 -0.997855
    outer loop
      vertex 6 6.2 77.85
      vertex 5.79116 5 77.8363
      vertex 5.79116 6.2 77.8363
    endloop
  endfacet
  facet normal -0.89686 0 -0.442314
    outer loop
      vertex 7.47821 5 76.8623
      vertex 7.38564 6.2 77.05
      vertex 7.47821 6.2 76.8623
    endloop
  endfacet
  facet normal -0.89686 -0 -0.442314
    outer loop
      vertex 7.38564 6.2 77.05
      vertex 7.47821 5 76.8623
      vertex 7.38564 5 77.05
    endloop
  endfacet
  facet normal 0.0654598 5.09647e-19 0.997855
    outer loop
      vertex 5.79116 6.2 74.6637
      vertex 6 5 74.65
      vertex 6 6.2 74.65
    endloop
  endfacet
  facet normal 0.0654598 5.09647e-19 0.997855
    outer loop
      vertex 6 5 74.65
      vertex 5.79116 6.2 74.6637
      vertex 5.79116 5 74.6637
    endloop
  endfacet
  facet normal 0.980791 -0 0.195059
    outer loop
      vertex 4.41369 5 76.0412
      vertex 4.45452 6.2 75.8359
      vertex 4.41369 6.2 76.0412
    endloop
  endfacet
  facet normal 0.980791 0 0.195059
    outer loop
      vertex 4.45452 6.2 75.8359
      vertex 4.41369 5 76.0412
      vertex 4.45452 5 75.8359
    endloop
  endfacet
  facet normal 0.194949 2.16575e-18 -0.980813
    outer loop
      vertex 5.58589 5 77.7955
      vertex 5.79116 6.2 77.8363
      vertex 5.79116 5 77.8363
    endloop
  endfacet
  facet normal 0.194949 2.16575e-18 -0.980813
    outer loop
      vertex 5.79116 6.2 77.8363
      vertex 5.58589 5 77.7955
      vertex 5.58589 6.2 77.7955
    endloop
  endfacet
  facet normal 0.321555 1.59972e-18 0.946891
    outer loop
      vertex 5.38771 6.2 74.7718
      vertex 5.58589 5 74.7045
      vertex 5.58589 6.2 74.7045
    endloop
  endfacet
  facet normal 0.321555 1.59972e-18 0.946891
    outer loop
      vertex 5.58589 5 74.7045
      vertex 5.38771 6.2 74.7718
      vertex 5.38771 5 74.7718
    endloop
  endfacet
  facet normal 0.89686 -0 0.442314
    outer loop
      vertex 4.52179 5 75.6377
      vertex 4.61436 6.2 75.45
      vertex 4.52179 6.2 75.6377
    endloop
  endfacet
  facet normal 0.89686 0 0.442314
    outer loop
      vertex 4.61436 6.2 75.45
      vertex 4.52179 5 75.6377
      vertex 4.61436 5 75.45
    endloop
  endfacet
  facet normal 0.659367 -6.71288e-18 -0.751821
    outer loop
      vertex 4.86863 5 77.3814
      vertex 5.02598 6.2 77.5194
      vertex 5.02598 5 77.5194
    endloop
  endfacet
  facet normal 0.659367 -6.71288e-18 -0.751821
    outer loop
      vertex 5.02598 6.2 77.5194
      vertex 4.86863 5 77.3814
      vertex 4.86863 6.2 77.3814
    endloop
  endfacet
  facet normal 0.946944 -0 0.321397
    outer loop
      vertex 4.45452 5 75.8359
      vertex 4.52179 6.2 75.6377
      vertex 4.45452 6.2 75.8359
    endloop
  endfacet
  facet normal 0.946944 0 0.321397
    outer loop
      vertex 4.52179 6.2 75.6377
      vertex 4.45452 5 75.8359
      vertex 4.52179 5 75.6377
    endloop
  endfacet
  facet normal 0.997858 -0 0.0654247
    outer loop
      vertex 4.4 5 76.25
      vertex 4.41369 6.2 76.0412
      vertex 4.4 6.2 76.25
    endloop
  endfacet
  facet normal 0.997858 0 0.0654247
    outer loop
      vertex 4.41369 6.2 76.0412
      vertex 4.4 5 76.25
      vertex 4.41369 5 76.0412
    endloop
  endfacet
  facet normal 0.946905 0 -0.321514
    outer loop
      vertex 3.22836 6.2 77.398
      vertex 3.10222 10.5 77.0265
      vertex 3.22836 10.5 77.398
    endloop
  endfacet
  facet normal 0.946905 0 -0.321514
    outer loop
      vertex 3.10222 10.5 77.0265
      vertex 3.22836 6.2 77.398
      vertex 3.10222 6.2 77.0265
    endloop
  endfacet
  facet normal -0.19495 -7.01822e-19 -0.980813
    outer loop
      vertex 6.39158 6.2 79.2243
      vertex 6.77646 10.5 79.1478
      vertex 6.77646 6.2 79.1478
    endloop
  endfacet
  facet normal -0.19495 -7.01822e-19 -0.980813
    outer loop
      vertex 6.77646 10.5 79.1478
      vertex 6.39158 6.2 79.2243
      vertex 6.39158 10.5 79.2243
    endloop
  endfacet
  facet normal -0.980791 0 0.195062
    outer loop
      vertex 8.89778 6.2 75.4735
      vertex 8.97433 10.5 75.8584
      vertex 8.89778 10.5 75.4735
    endloop
  endfacet
  facet normal -0.980791 0 0.195062
    outer loop
      vertex 8.97433 10.5 75.8584
      vertex 8.89778 6.2 75.4735
      vertex 8.97433 6.2 75.8584
    endloop
  endfacet
  facet normal -0.997858 0 0.0654112
    outer loop
      vertex 8.97433 6.2 75.8584
      vertex 9 10.5 76.25
      vertex 8.97433 10.5 75.8584
    endloop
  endfacet
  facet normal -0.997858 0 0.0654112
    outer loop
      vertex 9 10.5 76.25
      vertex 8.97433 6.2 75.8584
      vertex 9 6.2 76.25
    endloop
  endfacet
  facet normal 0.44216 6.13146e-19 0.896936
    outer loop
      vertex 4.5 10.5 73.6519
      vertex 4.85195 6.2 73.4784
      vertex 4.85195 10.5 73.4784
    endloop
  endfacet
  facet normal 0.44216 6.13146e-19 0.896936
    outer loop
      vertex 4.85195 6.2 73.4784
      vertex 4.5 10.5 73.6519
      vertex 4.5 6.2 73.6519
    endloop
  endfacet
  facet normal -0.946905 0 0.321514
    outer loop
      vertex 8.77164 6.2 75.102
      vertex 8.89778 10.5 75.4735
      vertex 8.77164 10.5 75.102
    endloop
  endfacet
  facet normal -0.946905 0 0.321514
    outer loop
      vertex 8.89778 10.5 75.4735
      vertex 8.77164 6.2 75.102
      vertex 8.89778 6.2 75.4735
    endloop
  endfacet
  facet normal -0.8969 0 -0.442233
    outer loop
      vertex 8.77164 6.2 77.398
      vertex 8.59808 10.5 77.75
      vertex 8.77164 10.5 77.398
    endloop
  endfacet
  facet normal -0.8969 -0 -0.442233
    outer loop
      vertex 8.59808 10.5 77.75
      vertex 8.77164 6.2 77.398
      vertex 8.59808 6.2 77.75
    endloop
  endfacet
  facet normal -0.997858 0 -0.0654112
    outer loop
      vertex 9 6.2 76.25
      vertex 8.97433 10.5 76.6416
      vertex 9 10.5 76.25
    endloop
  endfacet
  facet normal -0.997858 -0 -0.0654112
    outer loop
      vertex 8.97433 10.5 76.6416
      vertex 9 6.2 76.25
      vertex 8.97433 6.2 76.6416
    endloop
  endfacet
  facet normal -0.659428 4.67015e-19 0.751768
    outer loop
      vertex 7.82628 10.5 73.8699
      vertex 8.12132 6.2 74.1287
      vertex 8.12132 10.5 74.1287
    endloop
  endfacet
  facet normal -0.659428 4.67015e-19 0.751768
    outer loop
      vertex 8.12132 6.2 74.1287
      vertex 7.82628 10.5 73.8699
      vertex 7.82628 6.2 73.8699
    endloop
  endfacet
  facet normal 0.659428 -4.05902e-18 0.751768
    outer loop
      vertex 3.87868 10.5 74.1287
      vertex 4.17372 6.2 73.8699
      vertex 4.17372 10.5 73.8699
    endloop
  endfacet
  facet normal 0.659428 -4.05902e-18 0.751768
    outer loop
      vertex 4.17372 6.2 73.8699
      vertex 3.87868 10.5 74.1287
      vertex 3.87868 6.2 74.1287
    endloop
  endfacet
  facet normal -0.0654906 2.25533e-19 0.997853
    outer loop
      vertex 6 10.5 73.25
      vertex 6.39158 6.2 73.2757
      vertex 6.39158 10.5 73.2757
    endloop
  endfacet
  facet normal -0.0654906 2.25533e-19 0.997853
    outer loop
      vertex 6.39158 6.2 73.2757
      vertex 6 10.5 73.25
      vertex 6 6.2 73.25
    endloop
  endfacet
  facet normal 0.997858 -0 0.0654112
    outer loop
      vertex 3 6.2 76.25
      vertex 3.02567 10.5 75.8584
      vertex 3 10.5 76.25
    endloop
  endfacet
  facet normal 0.997858 0 0.0654112
    outer loop
      vertex 3.02567 10.5 75.8584
      vertex 3 6.2 76.25
      vertex 3.02567 6.2 75.8584
    endloop
  endfacet
  facet normal 0.751799 0 -0.659392
    outer loop
      vertex 3.87868 6.2 78.3713
      vertex 3.61994 10.5 78.0763
      vertex 3.87868 10.5 78.3713
    endloop
  endfacet
  facet normal 0.751799 0 -0.659392
    outer loop
      vertex 3.61994 10.5 78.0763
      vertex 3.87868 6.2 78.3713
      vertex 3.61994 6.2 78.0763
    endloop
  endfacet
  facet normal 0.980791 0 -0.195062
    outer loop
      vertex 3.10222 6.2 77.0265
      vertex 3.02567 10.5 76.6416
      vertex 3.10222 10.5 77.0265
    endloop
  endfacet
  facet normal 0.980791 0 -0.195062
    outer loop
      vertex 3.02567 10.5 76.6416
      vertex 3.10222 6.2 77.0265
      vertex 3.02567 6.2 76.6416
    endloop
  endfacet
  facet normal -0.831477 0 -0.555558
    outer loop
      vertex 8.59808 6.2 77.75
      vertex 8.38006 10.5 78.0763
      vertex 8.59808 10.5 77.75
    endloop
  endfacet
  facet normal -0.831477 -0 -0.555558
    outer loop
      vertex 8.38006 10.5 78.0763
      vertex 8.59808 6.2 77.75
      vertex 8.38006 6.2 78.0763
    endloop
  endfacet
  facet normal 0.8969 -0 0.442233
    outer loop
      vertex 3.22836 6.2 75.102
      vertex 3.40192 10.5 74.75
      vertex 3.22836 10.5 75.102
    endloop
  endfacet
  facet normal 0.8969 0 0.442233
    outer loop
      vertex 3.40192 10.5 74.75
      vertex 3.22836 6.2 75.102
      vertex 3.40192 6.2 74.75
    endloop
  endfacet
  facet normal 0.831477 -0 0.555558
    outer loop
      vertex 3.40192 6.2 74.75
      vertex 3.61994 10.5 74.4237
      vertex 3.40192 10.5 74.75
    endloop
  endfacet
  facet normal 0.831477 0 0.555558
    outer loop
      vertex 3.61994 10.5 74.4237
      vertex 3.40192 6.2 74.75
      vertex 3.61994 6.2 74.4237
    endloop
  endfacet
  facet normal 0.0654906 -2.25533e-19 0.997853
    outer loop
      vertex 5.60842 10.5 73.2757
      vertex 6 6.2 73.25
      vertex 6 10.5 73.25
    endloop
  endfacet
  facet normal 0.0654906 -2.25533e-19 0.997853
    outer loop
      vertex 6 6.2 73.25
      vertex 5.60842 10.5 73.2757
      vertex 5.60842 6.2 73.2757
    endloop
  endfacet
  facet normal 0.321582 5.26385e-19 0.946882
    outer loop
      vertex 4.85195 10.5 73.4784
      vertex 5.22354 6.2 73.3522
      vertex 5.22354 10.5 73.3522
    endloop
  endfacet
  facet normal 0.321582 5.26385e-19 0.946882
    outer loop
      vertex 5.22354 6.2 73.3522
      vertex 4.85195 10.5 73.4784
      vertex 4.85195 6.2 73.4784
    endloop
  endfacet
  facet normal 0.321582 -5.26385e-19 -0.946882
    outer loop
      vertex 4.85195 6.2 79.0216
      vertex 5.22354 10.5 79.1478
      vertex 5.22354 6.2 79.1478
    endloop
  endfacet
  facet normal 0.321582 -5.26385e-19 -0.946882
    outer loop
      vertex 5.22354 10.5 79.1478
      vertex 4.85195 6.2 79.0216
      vertex 4.85195 10.5 79.0216
    endloop
  endfacet
  facet normal -0.44216 -6.13146e-19 0.896936
    outer loop
      vertex 7.14805 10.5 73.4784
      vertex 7.5 6.2 73.6519
      vertex 7.5 10.5 73.6519
    endloop
  endfacet
  facet normal -0.44216 -6.13146e-19 0.896936
    outer loop
      vertex 7.5 6.2 73.6519
      vertex 7.14805 10.5 73.4784
      vertex 7.14805 6.2 73.4784
    endloop
  endfacet
  facet normal -0.0654906 -2.25533e-19 -0.997853
    outer loop
      vertex 6 6.2 79.25
      vertex 6.39158 10.5 79.2243
      vertex 6.39158 6.2 79.2243
    endloop
  endfacet
  facet normal -0.0654906 -2.25533e-19 -0.997853
    outer loop
      vertex 6.39158 10.5 79.2243
      vertex 6 6.2 79.25
      vertex 6 10.5 79.25
    endloop
  endfacet
  facet normal -0.555547 3.85358e-18 -0.831485
    outer loop
      vertex 7.5 6.2 78.8481
      vertex 7.82628 10.5 78.6301
      vertex 7.82628 6.2 78.6301
    endloop
  endfacet
  facet normal -0.555547 3.85358e-18 -0.831485
    outer loop
      vertex 7.82628 10.5 78.6301
      vertex 7.5 6.2 78.8481
      vertex 7.5 10.5 78.8481
    endloop
  endfacet
  facet normal -0.980791 0 -0.195062
    outer loop
      vertex 8.97433 6.2 76.6416
      vertex 8.89778 10.5 77.0265
      vertex 8.97433 10.5 76.6416
    endloop
  endfacet
  facet normal -0.980791 -0 -0.195062
    outer loop
      vertex 8.89778 10.5 77.0265
      vertex 8.97433 6.2 76.6416
      vertex 8.89778 6.2 77.0265
    endloop
  endfacet
  facet normal 0.751799 -0 0.659392
    outer loop
      vertex 3.61994 6.2 74.4237
      vertex 3.87868 10.5 74.1287
      vertex 3.61994 10.5 74.4237
    endloop
  endfacet
  facet normal 0.751799 0 0.659392
    outer loop
      vertex 3.87868 10.5 74.1287
      vertex 3.61994 6.2 74.4237
      vertex 3.87868 6.2 74.1287
    endloop
  endfacet
  facet normal 0.980791 -0 0.195062
    outer loop
      vertex 3.02567 6.2 75.8584
      vertex 3.10222 10.5 75.4735
      vertex 3.02567 10.5 75.8584
    endloop
  endfacet
  facet normal 0.980791 0 0.195062
    outer loop
      vertex 3.10222 10.5 75.4735
      vertex 3.02567 6.2 75.8584
      vertex 3.10222 6.2 75.4735
    endloop
  endfacet
  facet normal -0.831477 0 0.555558
    outer loop
      vertex 8.38006 6.2 74.4237
      vertex 8.59808 10.5 74.75
      vertex 8.38006 10.5 74.4237
    endloop
  endfacet
  facet normal -0.831477 0 0.555558
    outer loop
      vertex 8.59808 10.5 74.75
      vertex 8.38006 6.2 74.4237
      vertex 8.59808 6.2 74.75
    endloop
  endfacet
  facet normal -0.555547 -3.85358e-18 0.831485
    outer loop
      vertex 7.5 10.5 73.6519
      vertex 7.82628 6.2 73.8699
      vertex 7.82628 10.5 73.8699
    endloop
  endfacet
  facet normal -0.555547 -3.85358e-18 0.831485
    outer loop
      vertex 7.82628 6.2 73.8699
      vertex 7.5 10.5 73.6519
      vertex 7.5 6.2 73.6519
    endloop
  endfacet
  facet normal 0.997858 0 -0.0654112
    outer loop
      vertex 3.02567 6.2 76.6416
      vertex 3 10.5 76.25
      vertex 3.02567 10.5 76.6416
    endloop
  endfacet
  facet normal 0.997858 0 -0.0654112
    outer loop
      vertex 3 10.5 76.25
      vertex 3.02567 6.2 76.6416
      vertex 3 6.2 76.25
    endloop
  endfacet
  facet normal -0.321582 -5.26385e-19 0.946882
    outer loop
      vertex 6.77646 10.5 73.3522
      vertex 7.14805 6.2 73.4784
      vertex 7.14805 10.5 73.4784
    endloop
  endfacet
  facet normal -0.321582 -5.26385e-19 0.946882
    outer loop
      vertex 7.14805 6.2 73.4784
      vertex 6.77646 10.5 73.3522
      vertex 6.77646 6.2 73.3522
    endloop
  endfacet
  facet normal -0.659428 -4.67015e-19 -0.751768
    outer loop
      vertex 7.82628 6.2 78.6301
      vertex 8.12132 10.5 78.3713
      vertex 8.12132 6.2 78.3713
    endloop
  endfacet
  facet normal -0.659428 -4.67015e-19 -0.751768
    outer loop
      vertex 8.12132 10.5 78.3713
      vertex 7.82628 6.2 78.6301
      vertex 7.82628 10.5 78.6301
    endloop
  endfacet
  facet normal 0.19495 -7.01822e-19 0.980813
    outer loop
      vertex 5.22354 10.5 73.3522
      vertex 5.60842 6.2 73.2757
      vertex 5.60842 10.5 73.2757
    endloop
  endfacet
  facet normal 0.19495 -7.01822e-19 0.980813
    outer loop
      vertex 5.60842 6.2 73.2757
      vertex 5.22354 10.5 73.3522
      vertex 5.22354 6.2 73.3522
    endloop
  endfacet
  facet normal -0.8969 0 0.442233
    outer loop
      vertex 8.59808 6.2 74.75
      vertex 8.77164 10.5 75.102
      vertex 8.59808 10.5 74.75
    endloop
  endfacet
  facet normal -0.8969 0 0.442233
    outer loop
      vertex 8.77164 10.5 75.102
      vertex 8.59808 6.2 74.75
      vertex 8.77164 6.2 75.102
    endloop
  endfacet
  facet normal -0.946905 0 -0.321514
    outer loop
      vertex 8.89778 6.2 77.0265
      vertex 8.77164 10.5 77.398
      vertex 8.89778 10.5 77.0265
    endloop
  endfacet
  facet normal -0.946905 -0 -0.321514
    outer loop
      vertex 8.77164 10.5 77.398
      vertex 8.89778 6.2 77.0265
      vertex 8.77164 6.2 77.398
    endloop
  endfacet
  facet normal 0.555547 -3.85358e-18 -0.831485
    outer loop
      vertex 4.17372 6.2 78.6301
      vertex 4.5 10.5 78.8481
      vertex 4.5 6.2 78.8481
    endloop
  endfacet
  facet normal 0.555547 -3.85358e-18 -0.831485
    outer loop
      vertex 4.5 10.5 78.8481
      vertex 4.17372 6.2 78.6301
      vertex 4.17372 10.5 78.6301
    endloop
  endfacet
  facet normal 0.659428 4.05902e-18 -0.751768
    outer loop
      vertex 3.87868 6.2 78.3713
      vertex 4.17372 10.5 78.6301
      vertex 4.17372 6.2 78.6301
    endloop
  endfacet
  facet normal 0.659428 4.05902e-18 -0.751768
    outer loop
      vertex 4.17372 10.5 78.6301
      vertex 3.87868 6.2 78.3713
      vertex 3.87868 10.5 78.3713
    endloop
  endfacet
  facet normal -0.751799 0 -0.659392
    outer loop
      vertex 8.38006 6.2 78.0763
      vertex 8.12132 10.5 78.3713
      vertex 8.38006 10.5 78.0763
    endloop
  endfacet
  facet normal -0.751799 -0 -0.659392
    outer loop
      vertex 8.12132 10.5 78.3713
      vertex 8.38006 6.2 78.0763
      vertex 8.12132 6.2 78.3713
    endloop
  endfacet
  facet normal 0 1 0
    outer loop
      vertex 6 6.2 77.85
      vertex 6 6.2 79.25
      vertex 6.39158 6.2 79.2243
    endloop
  endfacet
  facet normal 0 1 0
    outer loop
      vertex 6.20884 6.2 77.8363
      vertex 6.39158 6.2 79.2243
      vertex 6.77646 6.2 79.1478
    endloop
  endfacet
  facet normal 0 1 0
    outer loop
      vertex 6 6.2 79.25
      vertex 6 6.2 77.85
      vertex 5.60842 6.2 79.2243
    endloop
  endfacet
  facet normal 0 1 0
    outer loop
      vertex 6.41411 6.2 77.7955
      vertex 6.77646 6.2 79.1478
      vertex 7.14805 6.2 79.0216
    endloop
  endfacet
  facet normal 0 1 -0
    outer loop
      vertex 5.79116 6.2 77.8363
      vertex 5.60842 6.2 79.2243
      vertex 6 6.2 77.85
    endloop
  endfacet
  facet normal 0 1 0
    outer loop
      vertex 6.61229 6.2 77.7282
      vertex 7.14805 6.2 79.0216
      vertex 7.5 6.2 78.8481
    endloop
  endfacet
  facet normal 0 1 0
    outer loop
      vertex 5.60842 6.2 79.2243
      vertex 5.79116 6.2 77.8363
      vertex 5.22354 6.2 79.1478
    endloop
  endfacet
  facet normal 0 1 0
    outer loop
      vertex 6.8 6.2 77.6356
      vertex 7.5 6.2 78.8481
      vertex 7.82628 6.2 78.6301
    endloop
  endfacet
  facet normal 0 1 -0
    outer loop
      vertex 5.58589 6.2 77.7955
      vertex 5.22354 6.2 79.1478
      vertex 5.79116 6.2 77.8363
    endloop
  endfacet
  facet normal 0 1 0
    outer loop
      vertex 6.97402 6.2 77.5194
      vertex 7.82628 6.2 78.6301
      vertex 8.12132 6.2 78.3713
    endloop
  endfacet
  facet normal 0 1 0
    outer loop
      vertex 5.22354 6.2 79.1478
      vertex 5.58589 6.2 77.7955
      vertex 4.85195 6.2 79.0216
    endloop
  endfacet
  facet normal 0 1 0
    outer loop
      vertex 7.13137 6.2 77.3814
      vertex 8.12132 6.2 78.3713
      vertex 8.38006 6.2 78.0763
    endloop
  endfacet
  facet normal 0 1 -0
    outer loop
      vertex 5.38771 6.2 77.7282
      vertex 4.85195 6.2 79.0216
      vertex 5.58589 6.2 77.7955
    endloop
  endfacet
  facet normal 0 1 0
    outer loop
      vertex 4.85195 6.2 79.0216
      vertex 5.38771 6.2 77.7282
      vertex 4.5 6.2 78.8481
    endloop
  endfacet
  facet normal 0 1 0
    outer loop
      vertex 6.39158 6.2 79.2243
      vertex 6.20884 6.2 77.8363
      vertex 6 6.2 77.85
    endloop
  endfacet
  facet normal 0 1 0
    outer loop
      vertex 6.77646 6.2 79.1478
      vertex 6.41411 6.2 77.7955
      vertex 6.20884 6.2 77.8363
    endloop
  endfacet
  facet normal 0 1 0
    outer loop
      vertex 7.26937 6.2 77.224
      vertex 8.38006 6.2 78.0763
      vertex 8.59808 6.2 77.75
    endloop
  endfacet
  facet normal 0 1 0
    outer loop
      vertex 7.14805 6.2 79.0216
      vertex 6.61229 6.2 77.7282
      vertex 6.41411 6.2 77.7955
    endloop
  endfacet
  facet normal 0 1 0
    outer loop
      vertex 7.5 6.2 78.8481
      vertex 6.8 6.2 77.6356
      vertex 6.61229 6.2 77.7282
    endloop
  endfacet
  facet normal 0 1 0
    outer loop
      vertex 7.82628 6.2 78.6301
      vertex 6.97402 6.2 77.5194
      vertex 6.8 6.2 77.6356
    endloop
  endfacet
  facet normal 0 1 0
    outer loop
      vertex 7.38564 6.2 77.05
      vertex 8.59808 6.2 77.75
      vertex 8.77164 6.2 77.398
    endloop
  endfacet
  facet normal 0 1 0
    outer loop
      vertex 8.12132 6.2 78.3713
      vertex 7.13137 6.2 77.3814
      vertex 6.97402 6.2 77.5194
    endloop
  endfacet
  facet normal 0 1 0
    outer loop
      vertex 8.38006 6.2 78.0763
      vertex 7.26937 6.2 77.224
      vertex 7.13137 6.2 77.3814
    endloop
  endfacet
  facet normal 0 1 0
    outer loop
      vertex 8.59808 6.2 77.75
      vertex 7.38564 6.2 77.05
      vertex 7.26937 6.2 77.224
    endloop
  endfacet
  facet normal 0 1 0
    outer loop
      vertex 7.47821 6.2 76.8623
      vertex 8.77164 6.2 77.398
      vertex 8.89778 6.2 77.0265
    endloop
  endfacet
  facet normal 0 1 0
    outer loop
      vertex 8.77164 6.2 77.398
      vertex 7.47821 6.2 76.8623
      vertex 7.38564 6.2 77.05
    endloop
  endfacet
  facet normal 0 1 0
    outer loop
      vertex 8.89778 6.2 77.0265
      vertex 7.54548 6.2 76.6641
      vertex 7.47821 6.2 76.8623
    endloop
  endfacet
  facet normal 0 1 0
    outer loop
      vertex 8.97433 6.2 76.6416
      vertex 7.54548 6.2 76.6641
      vertex 8.89778 6.2 77.0265
    endloop
  endfacet
  facet normal 0 1 0
    outer loop
      vertex 8.97433 6.2 76.6416
      vertex 7.58631 6.2 76.4588
      vertex 7.54548 6.2 76.6641
    endloop
  endfacet
  facet normal 0 1 0
    outer loop
      vertex 9 6.2 76.25
      vertex 7.58631 6.2 76.4588
      vertex 8.97433 6.2 76.6416
    endloop
  endfacet
  facet normal 0 1 0
    outer loop
      vertex 9 6.2 76.25
      vertex 7.6 6.2 76.25
      vertex 7.58631 6.2 76.4588
    endloop
  endfacet
  facet normal 0 1 0
    outer loop
      vertex 9 6.2 76.25
      vertex 7.58631 6.2 76.0412
      vertex 7.6 6.2 76.25
    endloop
  endfacet
  facet normal 0 1 -0
    outer loop
      vertex 8.97433 6.2 75.8584
      vertex 7.58631 6.2 76.0412
      vertex 9 6.2 76.25
    endloop
  endfacet
  facet normal 0 1 0
    outer loop
      vertex 8.97433 6.2 75.8584
      vertex 7.54548 6.2 75.8359
      vertex 7.58631 6.2 76.0412
    endloop
  endfacet
  facet normal 0 1 -0
    outer loop
      vertex 8.89778 6.2 75.4735
      vertex 7.54548 6.2 75.8359
      vertex 8.97433 6.2 75.8584
    endloop
  endfacet
  facet normal 0 1 0
    outer loop
      vertex 7.54548 6.2 75.8359
      vertex 8.89778 6.2 75.4735
      vertex 7.47821 6.2 75.6377
    endloop
  endfacet
  facet normal 0 1 -0
    outer loop
      vertex 8.77164 6.2 75.102
      vertex 7.47821 6.2 75.6377
      vertex 8.89778 6.2 75.4735
    endloop
  endfacet
  facet normal 0 1 0
    outer loop
      vertex 7.47821 6.2 75.6377
      vertex 8.77164 6.2 75.102
      vertex 7.38564 6.2 75.45
    endloop
  endfacet
  facet normal 0 1 -0
    outer loop
      vertex 8.59808 6.2 74.75
      vertex 7.38564 6.2 75.45
      vertex 8.77164 6.2 75.102
    endloop
  endfacet
  facet normal 0 1 0
    outer loop
      vertex 7.38564 6.2 75.45
      vertex 8.59808 6.2 74.75
      vertex 7.26937 6.2 75.276
    endloop
  endfacet
  facet normal 0 1 -0
    outer loop
      vertex 8.38006 6.2 74.4237
      vertex 7.26937 6.2 75.276
      vertex 8.59808 6.2 74.75
    endloop
  endfacet
  facet normal 0 1 0
    outer loop
      vertex 7.26937 6.2 75.276
      vertex 8.38006 6.2 74.4237
      vertex 7.13137 6.2 75.1186
    endloop
  endfacet
  facet normal 0 1 -0
    outer loop
      vertex 8.12132 6.2 74.1287
      vertex 7.13137 6.2 75.1186
      vertex 8.38006 6.2 74.4237
    endloop
  endfacet
  facet normal 0 1 0
    outer loop
      vertex 7.13137 6.2 75.1186
      vertex 8.12132 6.2 74.1287
      vertex 6.97402 6.2 74.9806
    endloop
  endfacet
  facet normal 0 1 -0
    outer loop
      vertex 7.82628 6.2 73.8699
      vertex 6.97402 6.2 74.9806
      vertex 8.12132 6.2 74.1287
    endloop
  endfacet
  facet normal 0 1 0
    outer loop
      vertex 6.97402 6.2 74.9806
      vertex 7.82628 6.2 73.8699
      vertex 6.8 6.2 74.8644
    endloop
  endfacet
  facet normal 0 1 -0
    outer loop
      vertex 7.5 6.2 73.6519
      vertex 6.8 6.2 74.8644
      vertex 7.82628 6.2 73.8699
    endloop
  endfacet
  facet normal 0 1 0
    outer loop
      vertex 6.8 6.2 74.8644
      vertex 7.5 6.2 73.6519
      vertex 6.61229 6.2 74.7718
    endloop
  endfacet
  facet normal 0 1 -0
    outer loop
      vertex 5.2 6.2 77.6356
      vertex 4.5 6.2 78.8481
      vertex 5.38771 6.2 77.7282
    endloop
  endfacet
  facet normal 0 1 0
    outer loop
      vertex 4.5 6.2 78.8481
      vertex 5.2 6.2 77.6356
      vertex 4.17372 6.2 78.6301
    endloop
  endfacet
  facet normal 0 1 -0
    outer loop
      vertex 5.02598 6.2 77.5194
      vertex 4.17372 6.2 78.6301
      vertex 5.2 6.2 77.6356
    endloop
  endfacet
  facet normal 0 1 0
    outer loop
      vertex 4.17372 6.2 78.6301
      vertex 5.02598 6.2 77.5194
      vertex 3.87868 6.2 78.3713
    endloop
  endfacet
  facet normal 0 1 -0
    outer loop
      vertex 4.86863 6.2 77.3814
      vertex 3.87868 6.2 78.3713
      vertex 5.02598 6.2 77.5194
    endloop
  endfacet
  facet normal 0 1 0
    outer loop
      vertex 3.87868 6.2 78.3713
      vertex 4.86863 6.2 77.3814
      vertex 3.61994 6.2 78.0763
    endloop
  endfacet
  facet normal 0 1 -0
    outer loop
      vertex 4.73063 6.2 77.224
      vertex 3.61994 6.2 78.0763
      vertex 4.86863 6.2 77.3814
    endloop
  endfacet
  facet normal 0 1 0
    outer loop
      vertex 3.61994 6.2 78.0763
      vertex 4.73063 6.2 77.224
      vertex 3.40192 6.2 77.75
    endloop
  endfacet
  facet normal 0 1 -0
    outer loop
      vertex 4.61436 6.2 77.05
      vertex 3.40192 6.2 77.75
      vertex 4.73063 6.2 77.224
    endloop
  endfacet
  facet normal 0 1 0
    outer loop
      vertex 3.40192 6.2 77.75
      vertex 4.61436 6.2 77.05
      vertex 3.22836 6.2 77.398
    endloop
  endfacet
  facet normal 0 1 -0
    outer loop
      vertex 4.52179 6.2 76.8623
      vertex 3.22836 6.2 77.398
      vertex 4.61436 6.2 77.05
    endloop
  endfacet
  facet normal 0 1 0
    outer loop
      vertex 3.22836 6.2 77.398
      vertex 4.52179 6.2 76.8623
      vertex 3.10222 6.2 77.0265
    endloop
  endfacet
  facet normal 0 1 -0
    outer loop
      vertex 4.45452 6.2 76.6641
      vertex 3.10222 6.2 77.0265
      vertex 4.52179 6.2 76.8623
    endloop
  endfacet
  facet normal 0 1 0
    outer loop
      vertex 4.45452 6.2 76.6641
      vertex 3.02567 6.2 76.6416
      vertex 3.10222 6.2 77.0265
    endloop
  endfacet
  facet normal 0 1 -0
    outer loop
      vertex 4.41369 6.2 76.4588
      vertex 3.02567 6.2 76.6416
      vertex 4.45452 6.2 76.6641
    endloop
  endfacet
  facet normal 0 1 -0
    outer loop
      vertex 4.4 6.2 76.25
      vertex 3.02567 6.2 76.6416
      vertex 4.41369 6.2 76.4588
    endloop
  endfacet
  facet normal 0 1 0
    outer loop
      vertex 4.4 6.2 76.25
      vertex 3 6.2 76.25
      vertex 3.02567 6.2 76.6416
    endloop
  endfacet
  facet normal 0 1 0
    outer loop
      vertex 4.41369 6.2 76.0412
      vertex 3 6.2 76.25
      vertex 4.4 6.2 76.25
    endloop
  endfacet
  facet normal 0 1 0
    outer loop
      vertex 4.41369 6.2 76.0412
      vertex 3.02567 6.2 75.8584
      vertex 3 6.2 76.25
    endloop
  endfacet
  facet normal 0 1 0
    outer loop
      vertex 4.45452 6.2 75.8359
      vertex 3.02567 6.2 75.8584
      vertex 4.41369 6.2 76.0412
    endloop
  endfacet
  facet normal 0 1 0
    outer loop
      vertex 3.10222 6.2 75.4735
      vertex 4.45452 6.2 75.8359
      vertex 4.52179 6.2 75.6377
    endloop
  endfacet
  facet normal 0 1 0
    outer loop
      vertex 4.45452 6.2 75.8359
      vertex 3.10222 6.2 75.4735
      vertex 3.02567 6.2 75.8584
    endloop
  endfacet
  facet normal 0 1 0
    outer loop
      vertex 3.22836 6.2 75.102
      vertex 4.52179 6.2 75.6377
      vertex 4.61436 6.2 75.45
    endloop
  endfacet
  facet normal 0 1 0
    outer loop
      vertex 3.40192 6.2 74.75
      vertex 4.61436 6.2 75.45
      vertex 4.73063 6.2 75.276
    endloop
  endfacet
  facet normal 0 1 0
    outer loop
      vertex 3.61994 6.2 74.4237
      vertex 4.73063 6.2 75.276
      vertex 4.86863 6.2 75.1186
    endloop
  endfacet
  facet normal 0 1 0
    outer loop
      vertex 4.52179 6.2 75.6377
      vertex 3.22836 6.2 75.102
      vertex 3.10222 6.2 75.4735
    endloop
  endfacet
  facet normal 0 1 0
    outer loop
      vertex 3.87868 6.2 74.1287
      vertex 4.86863 6.2 75.1186
      vertex 5.02598 6.2 74.9806
    endloop
  endfacet
  facet normal 0 1 0
    outer loop
      vertex 4.17372 6.2 73.8699
      vertex 5.02598 6.2 74.9806
      vertex 5.2 6.2 74.8644
    endloop
  endfacet
  facet normal 0 1 0
    outer loop
      vertex 4.5 6.2 73.6519
      vertex 5.2 6.2 74.8644
      vertex 5.38771 6.2 74.7718
    endloop
  endfacet
  facet normal 0 1 0
    outer loop
      vertex 4.61436 6.2 75.45
      vertex 3.40192 6.2 74.75
      vertex 3.22836 6.2 75.102
    endloop
  endfacet
  facet normal 0 1 0
    outer loop
      vertex 4.85195 6.2 73.4784
      vertex 5.38771 6.2 74.7718
      vertex 5.58589 6.2 74.7045
    endloop
  endfacet
  facet normal 0 1 0
    outer loop
      vertex 5.22354 6.2 73.3522
      vertex 5.58589 6.2 74.7045
      vertex 5.79116 6.2 74.6637
    endloop
  endfacet
  facet normal 0 1 0
    outer loop
      vertex 5.60842 6.2 73.2757
      vertex 5.79116 6.2 74.6637
      vertex 6 6.2 74.65
    endloop
  endfacet
  facet normal 0 1 -0
    outer loop
      vertex 7.14805 6.2 73.4784
      vertex 6.61229 6.2 74.7718
      vertex 7.5 6.2 73.6519
    endloop
  endfacet
  facet normal 0 1 0
    outer loop
      vertex 4.73063 6.2 75.276
      vertex 3.61994 6.2 74.4237
      vertex 3.40192 6.2 74.75
    endloop
  endfacet
  facet normal 0 1 0
    outer loop
      vertex 6.61229 6.2 74.7718
      vertex 7.14805 6.2 73.4784
      vertex 6.41411 6.2 74.7045
    endloop
  endfacet
  facet normal 0 1 0
    outer loop
      vertex 4.86863 6.2 75.1186
      vertex 3.87868 6.2 74.1287
      vertex 3.61994 6.2 74.4237
    endloop
  endfacet
  facet normal 0 1 -0
    outer loop
      vertex 6.77646 6.2 73.3522
      vertex 6.41411 6.2 74.7045
      vertex 7.14805 6.2 73.4784
    endloop
  endfacet
  facet normal 0 1 0
    outer loop
      vertex 5.02598 6.2 74.9806
      vertex 4.17372 6.2 73.8699
      vertex 3.87868 6.2 74.1287
    endloop
  endfacet
  facet normal 0 1 0
    outer loop
      vertex 6.41411 6.2 74.7045
      vertex 6.77646 6.2 73.3522
      vertex 6.20884 6.2 74.6637
    endloop
  endfacet
  facet normal 0 1 0
    outer loop
      vertex 5.2 6.2 74.8644
      vertex 4.5 6.2 73.6519
      vertex 4.17372 6.2 73.8699
    endloop
  endfacet
  facet normal 0 1 -0
    outer loop
      vertex 6.39158 6.2 73.2757
      vertex 6.20884 6.2 74.6637
      vertex 6.77646 6.2 73.3522
    endloop
  endfacet
  facet normal 0 1 0
    outer loop
      vertex 5.38771 6.2 74.7718
      vertex 4.85195 6.2 73.4784
      vertex 4.5 6.2 73.6519
    endloop
  endfacet
  facet normal 0 1 0
    outer loop
      vertex 6.20884 6.2 74.6637
      vertex 6.39158 6.2 73.2757
      vertex 6 6.2 74.65
    endloop
  endfacet
  facet normal 0 1 0
    outer loop
      vertex 5.58589 6.2 74.7045
      vertex 5.22354 6.2 73.3522
      vertex 4.85195 6.2 73.4784
    endloop
  endfacet
  facet normal 0 1 0
    outer loop
      vertex 6 6.2 73.25
      vertex 6 6.2 74.65
      vertex 6.39158 6.2 73.2757
    endloop
  endfacet
  facet normal 0 1 0
    outer loop
      vertex 5.79116 6.2 74.6637
      vertex 5.60842 6.2 73.2757
      vertex 5.22354 6.2 73.3522
    endloop
  endfacet
  facet normal 0 1 0
    outer loop
      vertex 6 6.2 74.65
      vertex 6 6.2 73.25
      vertex 5.60842 6.2 73.2757
    endloop
  endfacet
  facet normal 0.8969 0 -0.442233
    outer loop
      vertex 3.40192 6.2 77.75
      vertex 3.22836 10.5 77.398
      vertex 3.40192 10.5 77.75
    endloop
  endfacet
  facet normal 0.8969 0 -0.442233
    outer loop
      vertex 3.22836 10.5 77.398
      vertex 3.40192 6.2 77.75
      vertex 3.22836 6.2 77.398
    endloop
  endfacet
  facet normal 0.0654906 2.25533e-19 -0.997853
    outer loop
      vertex 5.60842 6.2 79.2243
      vertex 6 10.5 79.25
      vertex 6 6.2 79.25
    endloop
  endfacet
  facet normal 0.0654906 2.25533e-19 -0.997853
    outer loop
      vertex 6 10.5 79.25
      vertex 5.60842 6.2 79.2243
      vertex 5.60842 10.5 79.2243
    endloop
  endfacet
  facet normal -0.751799 0 0.659392
    outer loop
      vertex 8.12132 6.2 74.1287
      vertex 8.38006 10.5 74.4237
      vertex 8.12132 10.5 74.1287
    endloop
  endfacet
  facet normal -0.751799 0 0.659392
    outer loop
      vertex 8.38006 10.5 74.4237
      vertex 8.12132 6.2 74.1287
      vertex 8.38006 6.2 74.4237
    endloop
  endfacet
  facet normal 0.555547 3.85358e-18 0.831485
    outer loop
      vertex 4.17372 10.5 73.8699
      vertex 4.5 6.2 73.6519
      vertex 4.5 10.5 73.6519
    endloop
  endfacet
  facet normal 0.555547 3.85358e-18 0.831485
    outer loop
      vertex 4.5 6.2 73.6519
      vertex 4.17372 10.5 73.8699
      vertex 4.17372 6.2 73.8699
    endloop
  endfacet
  facet normal -0.321582 5.26385e-19 -0.946882
    outer loop
      vertex 6.77646 6.2 79.1478
      vertex 7.14805 10.5 79.0216
      vertex 7.14805 6.2 79.0216
    endloop
  endfacet
  facet normal -0.321582 5.26385e-19 -0.946882
    outer loop
      vertex 7.14805 10.5 79.0216
      vertex 6.77646 6.2 79.1478
      vertex 6.77646 10.5 79.1478
    endloop
  endfacet
  facet normal -0.44216 6.13146e-19 -0.896936
    outer loop
      vertex 7.14805 6.2 79.0216
      vertex 7.5 10.5 78.8481
      vertex 7.5 6.2 78.8481
    endloop
  endfacet
  facet normal -0.44216 6.13146e-19 -0.896936
    outer loop
      vertex 7.5 10.5 78.8481
      vertex 7.14805 6.2 79.0216
      vertex 7.14805 10.5 79.0216
    endloop
  endfacet
  facet normal 0.19495 7.01822e-19 -0.980813
    outer loop
      vertex 5.22354 6.2 79.1478
      vertex 5.60842 10.5 79.2243
      vertex 5.60842 6.2 79.2243
    endloop
  endfacet
  facet normal 0.19495 7.01822e-19 -0.980813
    outer loop
      vertex 5.60842 10.5 79.2243
      vertex 5.22354 6.2 79.1478
      vertex 5.22354 10.5 79.1478
    endloop
  endfacet
  facet normal -0.19495 7.01822e-19 0.980813
    outer loop
      vertex 6.39158 10.5 73.2757
      vertex 6.77646 6.2 73.3522
      vertex 6.77646 10.5 73.3522
    endloop
  endfacet
  facet normal -0.19495 7.01822e-19 0.980813
    outer loop
      vertex 6.77646 6.2 73.3522
      vertex 6.39158 10.5 73.2757
      vertex 6.39158 6.2 73.2757
    endloop
  endfacet
  facet normal 0.44216 -6.13146e-19 -0.896936
    outer loop
      vertex 4.5 6.2 78.8481
      vertex 4.85195 10.5 79.0216
      vertex 4.85195 6.2 79.0216
    endloop
  endfacet
  facet normal 0.44216 -6.13146e-19 -0.896936
    outer loop
      vertex 4.85195 10.5 79.0216
      vertex 4.5 6.2 78.8481
      vertex 4.5 10.5 78.8481
    endloop
  endfacet
  facet normal 0.831477 0 -0.555558
    outer loop
      vertex 3.61994 6.2 78.0763
      vertex 3.40192 10.5 77.75
      vertex 3.61994 10.5 78.0763
    endloop
  endfacet
  facet normal 0.831477 0 -0.555558
    outer loop
      vertex 3.40192 10.5 77.75
      vertex 3.61994 6.2 78.0763
      vertex 3.40192 6.2 77.75
    endloop
  endfacet
  facet normal 0.946905 -0 0.321514
    outer loop
      vertex 3.10222 6.2 75.4735
      vertex 3.22836 10.5 75.102
      vertex 3.10222 10.5 75.4735
    endloop
  endfacet
  facet normal 0.946905 0 0.321514
    outer loop
      vertex 3.22836 10.5 75.102
      vertex 3.10222 6.2 75.4735
      vertex 3.22836 6.2 75.102
    endloop
  endfacet
  facet normal 0 1 0
    outer loop
      vertex 28.1 10.5 107
      vertex 0 10.5 97.25
      vertex -28.1 10.5 107
    endloop
  endfacet
  facet normal 0 1 0
    outer loop
      vertex 28.1 10.5 107
      vertex 0.750525 10.5 97.2008
      vertex 0 10.5 97.25
    endloop
  endfacet
  facet normal 0 1 0
    outer loop
      vertex 28.1 10.5 107
      vertex 1.48821 10.5 97.0541
      vertex 0.750525 10.5 97.2008
    endloop
  endfacet
  facet normal 0 1 0
    outer loop
      vertex 28.1 10.5 107
      vertex 2.20043 10.5 96.8123
      vertex 1.48821 10.5 97.0541
    endloop
  endfacet
  facet normal 0 1 0
    outer loop
      vertex 28.1 10.5 107
      vertex 2.875 10.5 96.4796
      vertex 2.20043 10.5 96.8123
    endloop
  endfacet
  facet normal 0 1 0
    outer loop
      vertex 28.1 10.5 107
      vertex 3.50038 10.5 96.0618
      vertex 2.875 10.5 96.4796
    endloop
  endfacet
  facet normal 0 1 -0
    outer loop
      vertex 11 10.5 93
      vertex 3.50038 10.5 96.0618
      vertex 28.1 10.5 107
    endloop
  endfacet
  facet normal 0 1 0
    outer loop
      vertex 3.50038 10.5 96.0618
      vertex 11 10.5 93
      vertex 4.06586 10.5 95.5659
    endloop
  endfacet
  facet normal 0 1 0
    outer loop
      vertex 4.06586 10.5 95.5659
      vertex 11 10.5 93
      vertex 4.56178 10.5 95.0004
    endloop
  endfacet
  facet normal 0 1 0
    outer loop
      vertex 4.56178 10.5 95.0004
      vertex 11 10.5 93
      vertex 4.97965 10.5 94.375
    endloop
  endfacet
  facet normal 0 1 0
    outer loop
      vertex 11 10.5 93
      vertex 28.1 10.5 107
      vertex 28.1 10.5 93
    endloop
  endfacet
  facet normal 0 1 0
    outer loop
      vertex 4.97965 10.5 94.375
      vertex 11 10.5 93
      vertex 5.31231 10.5 93.7004
    endloop
  endfacet
  facet normal 0 1 0
    outer loop
      vertex 5.31231 10.5 93.7004
      vertex 11 10.5 93
      vertex 5.55007 10.5 93
    endloop
  endfacet
  facet normal 0 1 -0
    outer loop
      vertex -0.750525 10.5 97.2008
      vertex -28.1 10.5 107
      vertex 0 10.5 97.25
    endloop
  endfacet
  facet normal 0 1 -0
    outer loop
      vertex -1.48821 10.5 97.0541
      vertex -28.1 10.5 107
      vertex -0.750525 10.5 97.2008
    endloop
  endfacet
  facet normal 0 1 -0
    outer loop
      vertex -2.20043 10.5 96.8123
      vertex -28.1 10.5 107
      vertex -1.48821 10.5 97.0541
    endloop
  endfacet
  facet normal 0 1 -0
    outer loop
      vertex -2.875 10.5 96.4796
      vertex -28.1 10.5 107
      vertex -2.20043 10.5 96.8123
    endloop
  endfacet
  facet normal 0 1 -0
    outer loop
      vertex -3.50038 10.5 96.0618
      vertex -28.1 10.5 107
      vertex -2.875 10.5 96.4796
    endloop
  endfacet
  facet normal 0 1 0
    outer loop
      vertex -11 10.5 93
      vertex -3.50038 10.5 96.0618
      vertex -4.06586 10.5 95.5659
    endloop
  endfacet
  facet normal 0 1 0
    outer loop
      vertex -11 10.5 93
      vertex -4.06586 10.5 95.5659
      vertex -4.56178 10.5 95.0004
    endloop
  endfacet
  facet normal 0 1 0
    outer loop
      vertex -11 10.5 93
      vertex -4.56178 10.5 95.0004
      vertex -4.97965 10.5 94.375
    endloop
  endfacet
  facet normal 0 1 0
    outer loop
      vertex -11 10.5 93
      vertex -4.97965 10.5 94.375
      vertex -5.31231 10.5 93.7004
    endloop
  endfacet
  facet normal 0 1 0
    outer loop
      vertex -11 10.5 93
      vertex -5.31231 10.5 93.7004
      vertex -5.55007 10.5 93
    endloop
  endfacet
  facet normal 0 1 0
    outer loop
      vertex -3.50038 10.5 96.0618
      vertex -11 10.5 93
      vertex -28.1 10.5 107
    endloop
  endfacet
  facet normal 0 1 0
    outer loop
      vertex -28.1 10.5 107
      vertex -11 10.5 93
      vertex -28.1 10.5 93
    endloop
  endfacet
  facet normal -1 0 0
    outer loop
      vertex 15.455 54.7 93
      vertex 15.455 60.7 107
      vertex 15.455 60.7 93
    endloop
  endfacet
  facet normal -1 -0 0
    outer loop
      vertex 15.455 60.7 107
      vertex 15.455 54.7 93
      vertex 15.455 54.7 107
    endloop
  endfacet
  facet normal 1 -0 0
    outer loop
      vertex -15.455 54.7 107
      vertex -15.455 60.7 93
      vertex -15.455 60.7 107
    endloop
  endfacet
  facet normal 1 0 0
    outer loop
      vertex -15.455 60.7 93
      vertex -15.455 54.7 107
      vertex -15.455 54.7 93
    endloop
  endfacet
  facet normal 0.831475 0 -0.555562
    outer loop
      vertex -4.56178 5 95.0004
      vertex -4.97965 10.5 94.375
      vertex -4.56178 10.5 95.0004
    endloop
  endfacet
  facet normal 0.831475 0 -0.555562
    outer loop
      vertex -4.97965 10.5 94.375
      vertex -4.56178 5 95.0004
      vertex -4.97965 5 94.375
    endloop
  endfacet
  facet normal -0.94693 0 0.32144
    outer loop
      vertex 5.31231 5 85.2996
      vertex 5.55407 10.5 86.0118
      vertex 5.31231 10.5 85.2996
    endloop
  endfacet
  facet normal -0.94693 0 0.32144
    outer loop
      vertex 5.55407 10.5 86.0118
      vertex 5.31231 5 85.2996
      vertex 5.55407 5 86.0118
    endloop
  endfacet
  facet normal 0.0654137 -4.47569e-19 0.997858
    outer loop
      vertex -0.750525 10.5 81.7992
      vertex 0 5 81.75
      vertex 0 10.5 81.75
    endloop
  endfacet
  facet normal 0.0654137 -4.47569e-19 0.997858
    outer loop
      vertex 0 5 81.75
      vertex -0.750525 10.5 81.7992
      vertex -0.750525 5 81.7992
    endloop
  endfacet
  facet normal -0.659336 6.34251e-18 0.751848
    outer loop
      vertex 3.50038 10.5 82.9382
      vertex 4.06586 5 83.4341
      vertex 4.06586 10.5 83.4341
    endloop
  endfacet
  facet normal -0.659336 6.34251e-18 0.751848
    outer loop
      vertex 4.06586 5 83.4341
      vertex 3.50038 10.5 82.9382
      vertex 3.50038 5 82.9382
    endloop
  endfacet
  facet normal -0.997859 0 0.0654026
    outer loop
      vertex 5.70081 5 86.7495
      vertex 5.75 10.5 87.5
      vertex 5.70081 10.5 86.7495
    endloop
  endfacet
  facet normal -0.997859 0 0.0654026
    outer loop
      vertex 5.75 10.5 87.5
      vertex 5.70081 5 86.7495
      vertex 5.75 5 87.5
    endloop
  endfacet
  facet normal 0.55551 -1.04851e-18 0.83151
    outer loop
      vertex -3.50038 10.5 82.9382
      vertex -2.875 5 82.5204
      vertex -2.875 10.5 82.5204
    endloop
  endfacet
  facet normal 0.55551 -1.04851e-18 0.83151
    outer loop
      vertex -2.875 5 82.5204
      vertex -3.50038 10.5 82.9382
      vertex -3.50038 5 82.9382
    endloop
  endfacet
  facet normal -0.195046 -8.66007e-19 -0.980794
    outer loop
      vertex 0.750525 5 97.2008
      vertex 1.48821 10.5 97.0541
      vertex 1.48821 5 97.0541
    endloop
  endfacet
  facet normal -0.195046 -8.66007e-19 -0.980794
    outer loop
      vertex 1.48821 10.5 97.0541
      vertex 0.750525 5 97.2008
      vertex 0.750525 10.5 97.2008
    endloop
  endfacet
  facet normal 1 -0 0
    outer loop
      vertex -5.75 5 91.5
      vertex -5.75 10.5 87.5
      vertex -5.75 10.5 91.5
    endloop
  endfacet
  facet normal 1 0 0
    outer loop
      vertex -5.75 10.5 87.5
      vertex -5.75 5 91.5
      vertex -5.75 5 87.5
    endloop
  endfacet
  facet normal -0.896881 0 -0.442272
    outer loop
      vertex 5.31231 5 93.7004
      vertex 4.97965 10.5 94.375
      vertex 5.31231 10.5 93.7004
    endloop
  endfacet
  facet normal -0.896881 -0 -0.442272
    outer loop
      vertex 4.97965 10.5 94.375
      vertex 5.31231 5 93.7004
      vertex 4.97965 5 94.375
    endloop
  endfacet
  facet normal -0.44233 -2.28699e-18 -0.896852
    outer loop
      vertex 2.20043 5 96.8123
      vertex 2.875 10.5 96.4796
      vertex 2.875 5 96.4796
    endloop
  endfacet
  facet normal -0.44233 -2.28699e-18 -0.896852
    outer loop
      vertex 2.875 10.5 96.4796
      vertex 2.20043 5 96.8123
      vertex 2.20043 10.5 96.8123
    endloop
  endfacet
  facet normal 0.831475 -0 0.555562
    outer loop
      vertex -4.97965 5 84.625
      vertex -4.56178 10.5 83.9996
      vertex -4.97965 10.5 84.625
    endloop
  endfacet
  facet normal 0.831475 0 0.555562
    outer loop
      vertex -4.56178 10.5 83.9996
      vertex -4.97965 5 84.625
      vertex -4.56178 5 83.9996
    endloop
  endfacet
  facet normal -0.997859 0 -0.0654026
    outer loop
      vertex 5.75 5 91.5
      vertex 5.70081 10.5 92.2505
      vertex 5.75 10.5 91.5
    endloop
  endfacet
  facet normal -0.997859 -0 -0.0654026
    outer loop
      vertex 5.70081 10.5 92.2505
      vertex 5.75 5 91.5
      vertex 5.70081 5 92.2505
    endloop
  endfacet
  facet normal -0.55551 1.04851e-18 0.83151
    outer loop
      vertex 2.875 10.5 82.5204
      vertex 3.50038 5 82.9382
      vertex 3.50038 10.5 82.9382
    endloop
  endfacet
  facet normal -0.55551 1.04851e-18 0.83151
    outer loop
      vertex 3.50038 5 82.9382
      vertex 2.875 10.5 82.5204
      vertex 2.875 5 82.5204
    endloop
  endfacet
  facet normal -0.32148 2.25752e-18 -0.946916
    outer loop
      vertex 1.48821 5 97.0541
      vertex 2.20043 10.5 96.8123
      vertex 2.20043 5 96.8123
    endloop
  endfacet
  facet normal -0.32148 2.25752e-18 -0.946916
    outer loop
      vertex 2.20043 10.5 96.8123
      vertex 1.48821 5 97.0541
      vertex 1.48821 10.5 97.0541
    endloop
  endfacet
  facet normal 0.980785 -0 0.195093
    outer loop
      vertex -5.70081 5 86.7495
      vertex -5.55407 10.5 86.0118
      vertex -5.70081 10.5 86.7495
    endloop
  endfacet
  facet normal 0.980785 0 0.195093
    outer loop
      vertex -5.55407 10.5 86.0118
      vertex -5.70081 5 86.7495
      vertex -5.55407 5 86.0118
    endloop
  endfacet
  facet normal -0.831475 0 0.555562
    outer loop
      vertex 4.56178 5 83.9996
      vertex 4.97965 10.5 84.625
      vertex 4.56178 10.5 83.9996
    endloop
  endfacet
  facet normal -0.831475 0 0.555562
    outer loop
      vertex 4.97965 10.5 84.625
      vertex 4.56178 5 83.9996
      vertex 4.97965 5 84.625
    endloop
  endfacet
  facet normal -0.44233 2.28699e-18 0.896852
    outer loop
      vertex 2.20043 10.5 82.1877
      vertex 2.875 5 82.5204
      vertex 2.875 10.5 82.5204
    endloop
  endfacet
  facet normal -0.44233 2.28699e-18 0.896852
    outer loop
      vertex 2.875 5 82.5204
      vertex 2.20043 10.5 82.1877
      vertex 2.20043 5 82.1877
    endloop
  endfacet
  facet normal 0.0654137 4.47569e-19 -0.997858
    outer loop
      vertex -0.750525 5 97.2008
      vertex 0 10.5 97.25
      vertex 0 5 97.25
    endloop
  endfacet
  facet normal 0.0654137 4.47569e-19 -0.997858
    outer loop
      vertex 0 10.5 97.25
      vertex -0.750525 5 97.2008
      vertex -0.750525 10.5 97.2008
    endloop
  endfacet
  facet normal -0.896881 0 0.442272
    outer loop
      vertex 4.97965 5 84.625
      vertex 5.31231 10.5 85.2996
      vertex 4.97965 10.5 84.625
    endloop
  endfacet
  facet normal -0.896881 0 0.442272
    outer loop
      vertex 5.31231 10.5 85.2996
      vertex 4.97965 5 84.625
      vertex 5.31231 5 85.2996
    endloop
  endfacet
  facet normal -0.0654137 4.47569e-19 0.997858
    outer loop
      vertex 0 10.5 81.75
      vertex 0.750525 5 81.7992
      vertex 0.750525 10.5 81.7992
    endloop
  endfacet
  facet normal -0.0654137 4.47569e-19 0.997858
    outer loop
      vertex 0.750525 5 81.7992
      vertex 0 10.5 81.75
      vertex 0 5 81.75
    endloop
  endfacet
  facet normal 0.195046 -8.66007e-19 0.980794
    outer loop
      vertex -1.48821 10.5 81.9459
      vertex -0.750525 5 81.7992
      vertex -0.750525 10.5 81.7992
    endloop
  endfacet
  facet normal 0.195046 -8.66007e-19 0.980794
    outer loop
      vertex -0.750525 5 81.7992
      vertex -1.48821 10.5 81.9459
      vertex -1.48821 5 81.9459
    endloop
  endfacet
  facet normal 0.896881 -0 0.442272
    outer loop
      vertex -5.31231 5 85.2996
      vertex -4.97965 10.5 84.625
      vertex -5.31231 10.5 85.2996
    endloop
  endfacet
  facet normal 0.896881 0 0.442272
    outer loop
      vertex -4.97965 10.5 84.625
      vertex -5.31231 5 85.2996
      vertex -4.97965 5 84.625
    endloop
  endfacet
  facet normal 0.980785 0 -0.195093
    outer loop
      vertex -5.55407 5 92.9882
      vertex -5.70081 10.5 92.2505
      vertex -5.55407 10.5 92.9882
    endloop
  endfacet
  facet normal 0.980785 0 -0.195093
    outer loop
      vertex -5.70081 10.5 92.2505
      vertex -5.55407 5 92.9882
      vertex -5.70081 5 92.2505
    endloop
  endfacet
  facet normal -0.32148 -2.25752e-18 0.946916
    outer loop
      vertex 1.48821 10.5 81.9459
      vertex 2.20043 5 82.1877
      vertex 2.20043 10.5 82.1877
    endloop
  endfacet
  facet normal -0.32148 -2.25752e-18 0.946916
    outer loop
      vertex 2.20043 5 82.1877
      vertex 1.48821 10.5 81.9459
      vertex 1.48821 5 81.9459
    endloop
  endfacet
  facet normal -0.55551 -1.04851e-18 -0.83151
    outer loop
      vertex 2.875 5 96.4796
      vertex 3.50038 10.5 96.0618
      vertex 3.50038 5 96.0618
    endloop
  endfacet
  facet normal -0.55551 -1.04851e-18 -0.83151
    outer loop
      vertex 3.50038 10.5 96.0618
      vertex 2.875 5 96.4796
      vertex 2.875 10.5 96.4796
    endloop
  endfacet
  facet normal 0.659336 -6.34251e-18 0.751848
    outer loop
      vertex -4.06586 10.5 83.4341
      vertex -3.50038 5 82.9382
      vertex -3.50038 10.5 82.9382
    endloop
  endfacet
  facet normal 0.659336 -6.34251e-18 0.751848
    outer loop
      vertex -3.50038 5 82.9382
      vertex -4.06586 10.5 83.4341
      vertex -4.06586 5 83.4341
    endloop
  endfacet
  facet normal -0.751847 0 -0.659338
    outer loop
      vertex 4.56178 5 95.0004
      vertex 4.06586 10.5 95.5659
      vertex 4.56178 10.5 95.0004
    endloop
  endfacet
  facet normal -0.751847 -0 -0.659338
    outer loop
      vertex 4.06586 10.5 95.5659
      vertex 4.56178 5 95.0004
      vertex 4.06586 5 95.5659
    endloop
  endfacet
  facet normal 0.659336 6.34251e-18 -0.751848
    outer loop
      vertex -4.06586 5 95.5659
      vertex -3.50038 10.5 96.0618
      vertex -3.50038 5 96.0618
    endloop
  endfacet
  facet normal 0.659336 6.34251e-18 -0.751848
    outer loop
      vertex -3.50038 10.5 96.0618
      vertex -4.06586 5 95.5659
      vertex -4.06586 10.5 95.5659
    endloop
  endfacet
  facet normal -0.980785 0 0.195093
    outer loop
      vertex 5.55407 5 86.0118
      vertex 5.70081 10.5 86.7495
      vertex 5.55407 10.5 86.0118
    endloop
  endfacet
  facet normal -0.980785 0 0.195093
    outer loop
      vertex 5.70081 10.5 86.7495
      vertex 5.55407 5 86.0118
      vertex 5.70081 5 86.7495
    endloop
  endfacet
  facet normal -0.0654137 -4.47569e-19 -0.997858
    outer loop
      vertex 0 5 97.25
      vertex 0.750525 10.5 97.2008
      vertex 0.750525 5 97.2008
    endloop
  endfacet
  facet normal -0.0654137 -4.47569e-19 -0.997858
    outer loop
      vertex 0.750525 10.5 97.2008
      vertex 0 5 97.25
      vertex 0 10.5 97.25
    endloop
  endfacet
  facet normal -1 0 0
    outer loop
      vertex 5.75 5 87.5
      vertex 5.75 10.5 91.5
      vertex 5.75 10.5 87.5
    endloop
  endfacet
  facet normal -1 -0 0
    outer loop
      vertex 5.75 10.5 91.5
      vertex 5.75 5 87.5
      vertex 5.75 5 91.5
    endloop
  endfacet
  facet normal -0.195046 8.66007e-19 0.980794
    outer loop
      vertex 0.750525 10.5 81.7992
      vertex 1.48821 5 81.9459
      vertex 1.48821 10.5 81.9459
    endloop
  endfacet
  facet normal -0.195046 8.66007e-19 0.980794
    outer loop
      vertex 1.48821 5 81.9459
      vertex 0.750525 10.5 81.7992
      vertex 0.750525 5 81.7992
    endloop
  endfacet
  facet normal -0.751847 0 0.659338
    outer loop
      vertex 4.06586 5 83.4341
      vertex 4.56178 10.5 83.9996
      vertex 4.06586 10.5 83.4341
    endloop
  endfacet
  facet normal -0.751847 0 0.659338
    outer loop
      vertex 4.56178 10.5 83.9996
      vertex 4.06586 5 83.4341
      vertex 4.56178 5 83.9996
    endloop
  endfacet
  facet normal 0.44233 2.28699e-18 -0.896852
    outer loop
      vertex -2.875 5 96.4796
      vertex -2.20043 10.5 96.8123
      vertex -2.20043 5 96.8123
    endloop
  endfacet
  facet normal 0.44233 2.28699e-18 -0.896852
    outer loop
      vertex -2.20043 10.5 96.8123
      vertex -2.875 5 96.4796
      vertex -2.875 10.5 96.4796
    endloop
  endfacet
  facet normal 0.32148 -2.25752e-18 -0.946916
    outer loop
      vertex -2.20043 5 96.8123
      vertex -1.48821 10.5 97.0541
      vertex -1.48821 5 97.0541
    endloop
  endfacet
  facet normal 0.32148 -2.25752e-18 -0.946916
    outer loop
      vertex -1.48821 10.5 97.0541
      vertex -2.20043 5 96.8123
      vertex -2.20043 10.5 96.8123
    endloop
  endfacet
  facet normal -0.659336 -6.34251e-18 -0.751848
    outer loop
      vertex 3.50038 5 96.0618
      vertex 4.06586 10.5 95.5659
      vertex 4.06586 5 95.5659
    endloop
  endfacet
  facet normal -0.659336 -6.34251e-18 -0.751848
    outer loop
      vertex 4.06586 10.5 95.5659
      vertex 3.50038 5 96.0618
      vertex 3.50038 10.5 96.0618
    endloop
  endfacet
  facet normal -0.947066 0 -0.321039
    outer loop
      vertex 5.55407 5 92.9882
      vertex 5.55007 10.5 93
      vertex 5.55407 10.5 92.9882
    endloop
  endfacet
  facet normal -0.946928 9.75393e-07 -0.321447
    outer loop
      vertex 5.55007 10.5 93
      vertex 5.55407 5 92.9882
      vertex 5.31231 10.5 93.7004
    endloop
  endfacet
  facet normal -0.94693 -0 -0.32144
    outer loop
      vertex 5.31231 10.5 93.7004
      vertex 5.55407 5 92.9882
      vertex 5.31231 5 93.7004
    endloop
  endfacet
  facet normal 0.195046 8.66007e-19 -0.980794
    outer loop
      vertex -1.48821 5 97.0541
      vertex -0.750525 10.5 97.2008
      vertex -0.750525 5 97.2008
    endloop
  endfacet
  facet normal 0.195046 8.66007e-19 -0.980794
    outer loop
      vertex -0.750525 10.5 97.2008
      vertex -1.48821 5 97.0541
      vertex -1.48821 10.5 97.0541
    endloop
  endfacet
  facet normal 0.997859 0 -0.0654026
    outer loop
      vertex -5.70081 5 92.2505
      vertex -5.75 10.5 91.5
      vertex -5.70081 10.5 92.2505
    endloop
  endfacet
  facet normal 0.997859 0 -0.0654026
    outer loop
      vertex -5.75 10.5 91.5
      vertex -5.70081 5 92.2505
      vertex -5.75 5 91.5
    endloop
  endfacet
  facet normal -0.831475 0 -0.555562
    outer loop
      vertex 4.97965 5 94.375
      vertex 4.56178 10.5 95.0004
      vertex 4.97965 10.5 94.375
    endloop
  endfacet
  facet normal -0.831475 -0 -0.555562
    outer loop
      vertex 4.56178 10.5 95.0004
      vertex 4.97965 5 94.375
      vertex 4.56178 5 95.0004
    endloop
  endfacet
  facet normal 0.751847 -0 0.659338
    outer loop
      vertex -4.56178 5 83.9996
      vertex -4.06586 10.5 83.4341
      vertex -4.56178 10.5 83.9996
    endloop
  endfacet
  facet normal 0.751847 0 0.659338
    outer loop
      vertex -4.06586 10.5 83.4341
      vertex -4.56178 5 83.9996
      vertex -4.06586 5 83.4341
    endloop
  endfacet
  facet normal 0.997859 -0 0.0654026
    outer loop
      vertex -5.75 5 87.5
      vertex -5.70081 10.5 86.7495
      vertex -5.75 10.5 87.5
    endloop
  endfacet
  facet normal 0.997859 0 0.0654026
    outer loop
      vertex -5.70081 10.5 86.7495
      vertex -5.75 5 87.5
      vertex -5.70081 5 86.7495
    endloop
  endfacet
  facet normal 0.896881 0 -0.442272
    outer loop
      vertex -4.97965 5 94.375
      vertex -5.31231 10.5 93.7004
      vertex -4.97965 10.5 94.375
    endloop
  endfacet
  facet normal 0.896881 0 -0.442272
    outer loop
      vertex -5.31231 10.5 93.7004
      vertex -4.97965 5 94.375
      vertex -5.31231 5 93.7004
    endloop
  endfacet
  facet normal 0.946928 0 -0.321447
    outer loop
      vertex -5.31231 5 93.7004
      vertex -5.55007 10.5 93
      vertex -5.31231 10.5 93.7004
    endloop
  endfacet
  facet normal 0.94693 9.59235e-07 -0.32144
    outer loop
      vertex -5.55407 5 92.9882
      vertex -5.55007 10.5 93
      vertex -5.31231 5 93.7004
    endloop
  endfacet
  facet normal 0.947066 4.74048e-20 -0.321039
    outer loop
      vertex -5.55007 10.5 93
      vertex -5.55407 5 92.9882
      vertex -5.55407 10.5 92.9882
    endloop
  endfacet
  facet normal 0.55551 1.04851e-18 -0.83151
    outer loop
      vertex -3.50038 5 96.0618
      vertex -2.875 10.5 96.4796
      vertex -2.875 5 96.4796
    endloop
  endfacet
  facet normal 0.55551 1.04851e-18 -0.83151
    outer loop
      vertex -2.875 10.5 96.4796
      vertex -3.50038 5 96.0618
      vertex -3.50038 10.5 96.0618
    endloop
  endfacet
  facet normal 0.94693 -0 0.32144
    outer loop
      vertex -5.55407 5 86.0118
      vertex -5.31231 10.5 85.2996
      vertex -5.55407 10.5 86.0118
    endloop
  endfacet
  facet normal 0.94693 0 0.32144
    outer loop
      vertex -5.31231 10.5 85.2996
      vertex -5.55407 5 86.0118
      vertex -5.31231 5 85.2996
    endloop
  endfacet
  facet normal -0.980785 0 -0.195093
    outer loop
      vertex 5.70081 5 92.2505
      vertex 5.55407 10.5 92.9882
      vertex 5.70081 10.5 92.2505
    endloop
  endfacet
  facet normal -0.980785 -0 -0.195093
    outer loop
      vertex 5.55407 10.5 92.9882
      vertex 5.70081 5 92.2505
      vertex 5.55407 5 92.9882
    endloop
  endfacet
  facet normal 0.751847 0 -0.659338
    outer loop
      vertex -4.06586 5 95.5659
      vertex -4.56178 10.5 95.0004
      vertex -4.06586 10.5 95.5659
    endloop
  endfacet
  facet normal 0.751847 0 -0.659338
    outer loop
      vertex -4.56178 10.5 95.0004
      vertex -4.06586 5 95.5659
      vertex -4.56178 5 95.0004
    endloop
  endfacet
  facet normal 0.32148 2.25752e-18 0.946916
    outer loop
      vertex -2.20043 10.5 82.1877
      vertex -1.48821 5 81.9459
      vertex -1.48821 10.5 81.9459
    endloop
  endfacet
  facet normal 0.32148 2.25752e-18 0.946916
    outer loop
      vertex -1.48821 5 81.9459
      vertex -2.20043 10.5 82.1877
      vertex -2.20043 5 82.1877
    endloop
  endfacet
  facet normal 0.44233 -2.28699e-18 0.896852
    outer loop
      vertex -2.875 10.5 82.5204
      vertex -2.20043 5 82.1877
      vertex -2.20043 10.5 82.1877
    endloop
  endfacet
  facet normal 0.44233 -2.28699e-18 0.896852
    outer loop
      vertex -2.20043 5 82.1877
      vertex -2.875 10.5 82.5204
      vertex -2.875 5 82.5204
    endloop
  endfacet
endsolid OpenSCAD_Model
