Time Elapsed (ms), Accel X (m/s^2), Accel Y (m/s^2), Accel Z (m/s^2), Mag X (uT), Mag Y (uT), Mag Z (uT), Gyro X (rad/s), Gyro Y (rad/s), Gyro Z (rad/s)

679,0.04,7.14,6.28,-30.08,-1.49,-13.94,0.05,-0.08,-0.01

686,0.09,7.16,6.34,-29.76,-1.08,-13.94,0.05,-0.08,-0.01

693,0.04,7.17,6.32,-30.14,-1.05,-14.44,0.05,-0.08,-0.01

700,0.09,7.19,6.41,-30.23,-1.02,-14.47,0.05,-0.08,-0.01

707,0.06,7.08,6.41,-30.63,-1.34,-14.41,0.04,-0.08,-0.01

714,0.06,7.12,6.32,-29.99,-0.85,-14.03,0.04,-0.08,-0.01

721,0.08,7.16,6.26,-30.11,-0.29,-14.09,0.05,-0.08,-0.01

732,0.06,7.07,6.32,-30.63,-1.11,-14.53,0.05,-0.08,-0.01

739,0.04,7.21,6.35,-30.61,-0.67,-14.59,0.04,-0.08,-0.01

746,0.04,7.09,6.40,-30.43,-1.23,-14.62,0.04,-0.08,-0.01

753,0.10,7.16,6.34,-30.37,-1.14,-13.91,0.05,-0.08,-0.01

759,0.06,7.15,6.31,-30.02,-0.91,-14.35,0.05,-0.08,-0.02

767,0.04,7.06,6.34,-30.11,-1.11,-14.15,0.04,-0.08,-0.01

774,0.05,7.17,6.36,-30.40,-1.32,-14.06,0.04,-0.08,-0.01

781,0.05,7.19,6.37,-30.52,-1.23,-13.86,0.05,-0.08,-0.01

802,0.04,7.19,6.27,-30.40,-1.61,-14.47,0.04,-0.08,-0.01

812,0.09,7.14,6.30,-30.58,-1.84,-14.64,0.07,-0.08,-0.01

819,0.06,7.15,6.39,-30.34,-1.08,-14.26,0.07,-0.08,-0.02

826,0.06,7.15,6.42,-30.28,-1.23,-13.88,0.06,-0.09,-0.01

833,0.09,7.09,6.37,-30.23,-0.88,-13.94,0.05,-0.08,-0.01

840,0.09,7.19,6.45,-30.08,-0.91,-13.86,0.04,-0.08,-0.01

847,0.08,7.16,6.33,-30.52,-0.85,-14.06,0.03,-0.08,-0.01

854,0.04,7.21,6.35,-30.75,-0.99,-13.94,0.03,-0.08,-0.01

861,0.06,7.16,6.30,-30.69,-0.99,-13.91,0.04,-0.08,-0.01

871,0.03,7.13,6.18,-30.61,-1.17,-13.24,0.05,-0.08,-0.01

878,0.05,7.14,6.35,-29.87,-1.17,-13.68,0.05,-0.09,-0.01

885,0.03,7.17,6.37,-30.11,-0.44,-13.56,0.04,-0.08,-0.01

892,0.05,7.15,6.26,-30.58,-0.61,-13.86,0.04,-0.08,-0.01

900,0.06,7.21,6.20,-30.20,-0.94,-13.86,0.06,-0.08,-0.01

907,0.09,7.19,6.32,-30.31,-1.05,-13.80,0.06,-0.08,-0.01

924,0.07,7.10,6.40,-30.14,-1.08,-13.71,0.05,-0.08,-0.01

937,0.05,7.11,6.29,-30.23,-1.37,-13.48,0.04,-0.08,-0.01

944,0.07,7.09,6.50,-30.31,-0.82,-13.50,0.03,-0.08,-0.01

954,0.04,7.15,6.27,-30.55,-0.73,-14.18,0.01,-0.00,-0.01

961,0.03,7.17,6.09,-30.25,-0.67,-14.38,0.03,-0.08,-0.01

968,0.09,7.19,6.06,-30.37,-1.23,-13.62,0.06,-0.08,-0.01

975,0.04,7.19,6.32,-30.25,-0.88,-13.45,0.09,-0.08,-0.01

983,0.09,7.08,6.55,-30.02,-0.73,-13.74,0.07,-0.07,-0.01

989,0.08,7.09,6.50,-30.08,-0.50,-13.53,0.03,-0.08,-0.01

996,0.04,7.11,6.30,-30.40,-0.79,-14.41,0.03,-0.08,-0.01

1003,0.03,7.18,6.19,-30.25,-1.23,-14.18,0.03,-0.08,-0.01

1010,0.07,7.20,6.32,-30.28,-0.50,-14.41,0.05,-0.08,-0.01

1022,0.07,7.17,6.31,-30.31,-0.88,-14.38,0.04,-0.08,-0.01

1028,0.06,7.15,6.20,-30.90,-1.34,-14.88,0.04,-0.08,-0.01

1035,0.06,7.17,6.07,-30.52,-1.05,-14.29,0.06,-0.08,-0.01

1053,0.04,7.11,6.48,-30.02,-0.91,-14.62,0.04,-0.08,-0.01

1066,0.08,7.14,6.22,-29.99,-1.90,-13.45,0.02,-0.08,-0.01

1073,0.06,7.26,6.04,-30.49,-1.37,-13.59,0.04,-0.08,-0.01

1080,0.03,7.16,6.08,-30.43,-0.99,-13.83,0.08,-0.09,-0.01

1087,0.06,7.21,6.39,-30.11,-0.82,-14.15,0.09,-0.08,-0.01

1094,0.03,7.11,6.70,-30.58,-1.02,-14.64,0.06,-0.07,-0.01

1104,0.06,7.20,6.36,-30.61,-0.91,-14.24,0.01,-0.08,-0.01

1111,0.05,7.15,6.15,-29.61,-0.70,-13.68,0.03,-0.08,-0.01

1118,0.17,7.16,6.28,-29.64,-1.26,-14.29,0.05,-0.08,-0.01

1125,0.19,7.19,6.26,-30.05,-0.99,-14.29,0.05,-0.08,-0.02

1132,0.49,7.19,6.53,-29.93,-1.17,-13.77,0.05,-0.08,-0.01

1139,-0.21,7.31,4.44,-30.34,-1.14,-13.62,0.16,-0.10,-0.02

1146,0.47,7.62,5.89,-30.52,-0.82,-14.70,0.43,-0.17,-0.09

1153,0.52,6.58,8.47,-30.02,-0.70,-14.12,0.29,-0.07,-0.01

1164,0.07,6.92,6.25,-30.11,-1.29,-13.77,-0.18,-0.04,0.03

1182,0.14,7.24,6.17,-30.43,-0.76,-14.06,0.14,-0.06,-0.00

1195,0.03,7.33,5.73,-29.87,-0.99,-13.62,0.12,-0.02,0.06

1202,0.27,7.22,6.75,-30.23,-0.61,-13.68,0.12,0.03,0.07

1209,0.04,7.12,6.55,-30.14,-0.82,-14.00,0.07,0.03,0.09

1216,0.60,7.49,6.88,-30.17,-0.41,-14.53,0.01,0.14,0.12

1222,0.29,6.70,6.77,-29.90,-0.79,-14.09,0.00,0.12,0.15

1229,0.35,6.77,6.91,-29.58,-0.73,-14.18,-0.01,0.10,0.14

1237,0.99,7.01,6.91,-30.11,0.00,-14.15,-0.10,0.11,0.17

1247,0.53,7.47,5.75,-30.20,-0.47,-15.23,-0.19,0.12,0.35

1254,0.22,7.08,5.87,-30.17,-0.94,-14.62,0.03,-0.07,0.35

1260,0.44,7.39,5.84,-29.93,-0.73,-14.24,0.21,-0.24,0.39

1267,-0.04,7.43,5.74,-29.96,-0.58,-14.29,0.29,-0.24,0.40

1274,-0.29,6.22,5.76,-30.25,-0.18,-14.41,0.34,-0.13,0.34

1282,-1.52,6.31,5.79,-30.17,0.38,-15.55,0.33,0.07,0.18

1289,-1.30,6.08,6.30,-30.20,0.58,-15.43,0.29,0.28,-0.02

1307,7.76,15.80,10.49,-29.99,0.41,-15.43,0.37,0.52,-0.18

1319,-0.62,8.84,10.57,-30.14,0.15,-14.50,0.16,-0.32,-0.22

1330,-3.94,0.97,8.79,-30.37,0.18,-14.79,0.06,-0.48,-0.40

1336,-0.94,9.38,10.67,-29.96,0.12,-13.83,-0.08,-0.76,-0.54

1343,-0.95,5.51,6.98,-30.11,-0.20,-14.38,-0.25,-0.74,-0.59

1350,0.45,3.91,7.27,-29.82,-0.82,-14.18,-0.21,-0.53,-0.39

1357,0.36,8.54,3.67,-29.70,-0.38,-13.80,-0.04,-0.16,-0.08

1365,1.67,12.53,3.09,-29.82,-0.96,-13.68,0.03,0.12,0.18

1372,0.98,8.28,4.57,-30.17,-0.44,-13.68,0.11,0.37,0.27

1379,-0.17,7.18,5.83,-30.02,-1.11,-13.97,0.29,0.56,0.34

1385,1.28,7.61,6.21,-29.96,-0.79,-13.91,0.25,0.80,0.43

1396,2.40,9.04,9.40,-29.67,-0.99,-13.86,-0.11,0.97,0.41

1403,0.11,6.88,2.79,-29.23,-0.61,-13.77,-0.38,1.15,0.35

1411,2.36,12.03,8.90,-29.06,-0.53,-14.59,-0.69,1.15,0.27

1418,1.02,9.58,3.08,-28.88,-0.73,-14.94,-0.81,1.16,0.10

1436,1.56,7.79,1.54,-28.85,-0.96,-15.43,-0.39,1.23,-0.34

1449,1.37,9.15,8.03,-28.35,-1.20,-16.57,-0.27,1.23,-0.42

1456,0.39,7.62,8.69,-27.80,-1.11,-16.08,-0.28,1.17,-0.29

1462,0.45,8.34,9.22,-27.57,-1.26,-16.57,-0.33,0.77,-0.13

1472,0.99,7.63,8.61,-27.57,-0.67,-17.28,-0.07,0.34,-0.10

1479,1.04,7.47,8.62,-27.21,-0.85,-17.01,0.09,0.04,-0.15

1486,1.02,7.44,8.10,-27.33,-1.34,-17.13,0.12,-0.25,-0.23

1494,0.72,8.14,6.86,-27.30,-1.64,-17.92,0.05,-0.43,-0.29

1501,0.58,8.57,6.87,-27.57,-0.99,-18.74,0.09,-0.38,-0.29

1508,0.92,8.36,7.34,-27.21,-1.32,-18.56,0.11,-0.35,-0.23

1514,1.03,8.08,7.58,-27.13,-2.37,-18.71,0.13,-0.36,-0.18

1521,1.00,7.37,7.75,-27.19,-2.25,-18.85,0.09,-0.39,-0.10

1528,1.16,8.10,7.33,-26.95,-1.64,-19.82,-0.01,-0.44,-0.13

1540,1.02,7.97,7.01,-27.01,-2.75,-19.56,-0.16,-0.63,-0.07

1547,0.88,8.19,6.62,-26.63,-2.66,-20.05,-0.19,-0.59,-0.05

1565,1.13,8.59,7.12,-26.75,-3.89,-20.58,-0.32,-0.30,0.08

1578,1.90,8.86,7.55,-26.75,-4.41,-21.02,-0.31,-0.26,-0.00

1585,1.98,9.10,7.60,-26.25,-4.91,-21.46,-0.18,-0.22,-0.11

1591,1.72,9.36,7.59,-25.78,-4.50,-21.95,-0.01,-0.21,-0.20

1598,1.26,9.94,7.79,-26.02,-5.20,-22.60,0.12,-0.18,-0.24

1605,0.93,10.07,7.11,-25.93,-6.17,-22.54,0.25,-0.23,-0.25

1612,0.73,10.32,6.87,-25.26,-6.02,-22.89,0.34,-0.28,-0.24

1623,0.81,10.44,6.43,-24.50,-6.52,-23.59,0.37,-0.31,-0.14

1630,0.89,10.14,6.46,-24.85,-7.04,-24.41,0.32,-0.30,-0.04

1637,0.51,10.02,6.22,-24.67,-6.93,-25.67,0.21,-0.26,0.10

1644,0.32,9.21,5.98,-24.35,-7.37,-25.69,0.18,-0.14,0.24

1651,0.46,8.84,6.48,-24.09,-8.16,-26.60,0.20,0.00,0.31

1657,0.20,8.34,6.66,-23.68,-8.39,-26.63,0.20,0.03,0.41

1665,0.25,7.55,6.49,-23.68,-8.97,-27.04,0.21,0.02,0.44

1672,0.34,7.59,6.31,-23.27,-8.97,-26.78,0.26,0.00,0.43

1693,0.63,7.30,5.76,-22.57,-9.97,-28.85,0.26,0.06,0.29

1703,0.64,7.39,6.30,-22.22,-10.93,-28.44,0.20,0.22,0.16

1710,0.45,7.67,6.87,-21.89,-10.73,-28.71,0.22,0.25,0.06

1717,0.32,7.67,9.16,-21.69,-11.28,-28.50,0.25,0.16,-0.01

1724,0.10,7.90,7.49,-21.43,-11.05,-28.91,0.28,0.02,-0.05

1731,-0.11,8.02,7.31,-21.16,-11.55,-29.41,0.36,-0.06,-0.07

1738,-0.23,7.98,7.06,-20.67,-11.52,-29.70,0.53,-0.10,-0.04

1745,-0.37,8.07,7.02,-20.72,-11.40,-29.87,0.56,-0.09,0.02

1753,-0.01,7.98,6.39,-20.20,-12.01,-30.28,0.62,-0.05,0.14

1763,0.03,7.49,6.62,-20.26,-12.31,-30.96,0.63,0.05,0.29

1769,0.26,6.92,6.33,-20.20,-12.31,-30.84,0.64,0.10,0.38

1776,0.13,6.32,6.38,-19.56,-12.16,-30.34,0.75,0.14,0.44

1783,0.37,5.42,6.07,-19.73,-12.10,-31.04,0.90,0.13,0.43

1791,0.36,4.62,6.04,-19.32,-11.87,-31.45,1.08,0.05,0.37

1798,0.61,3.53,5.79,-19.12,-11.87,-31.51,1.30,-0.07,0.24

1816,-0.22,0.70,3.52,-18.56,-11.58,-31.92,1.76,-0.21,-0.01

1828,-1.00,-1.19,1.37,-18.80,-10.76,-32.27,1.91,-0.11,0.10

1836,-1.08,-2.29,0.36,-18.04,-10.87,-32.59,1.93,-0.07,0.37

1846,-0.34,-3.52,-0.48,-18.27,-9.24,-32.65,1.86,-0.16,0.84

1852,0.61,-3.80,-1.00,-18.39,-8.74,-32.36,1.73,-0.31,1.21

1859,1.08,-4.23,-1.75,-18.47,-7.92,-32.97,1.54,-0.57,1.32

1866,1.18,-4.90,-2.57,-19.09,-7.40,-33.12,1.34,-0.83,1.40

1873,1.18,-4.52,-2.47,-19.26,-7.10,-32.45,1.00,-1.13,1.16

1881,0.70,-3.47,-2.90,-20.14,-6.61,-33.03,0.63,-1.45,0.78

1888,0.04,-1.39,-3.54,-20.93,-5.93,-32.10,0.09,-1.74,0.39

1895,-0.80,-0.04,-3.41,-21.37,-6.37,-32.24,-0.45,-1.68,0.15

1905,-2.12,2.83,-1.58,-22.16,-6.28,-31.69,-1.37,-1.04,-0.09

1912,-2.02,6.03,1.23,-22.89,-6.34,-31.13,-2.02,-0.57,-0.08

1920,-1.00,8.55,5.20,-23.27,-6.78,-29.99,-2.53,-0.20,0.09

1927,-0.96,10.41,6.70,-23.03,-7.13,-29.70,-2.56,0.42,0.28

1945,-0.58,13.87,12.38,-23.53,-7.89,-28.12,-2.35,0.82,0.47

1957,-0.34,15.66,11.08,-23.06,-8.36,-27.95,-1.84,0.50,0.48

1965,0.78,16.86,13.28,-23.79,-8.16,-27.57,-1.16,0.45,0.50

1972,0.79,16.29,14.03,-23.88,-7.02,-27.16,-0.29,0.46,0.49

1979,1.44,15.07,15.01,-23.30,-7.04,-26.81,0.43,0.38,0.36

1989,1.50,13.06,14.46,-23.88,-6.96,-27.10,0.92,-0.11,0.06

1995,1.37,11.77,13.13,-24.14,-6.58,-26.81,1.15,-0.47,-0.25

2002,1.18,11.08,11.89,-24.32,-5.52,-26.98,1.24,-0.65,-0.50

2010,0.58,10.30,10.47,-24.44,-5.85,-26.72,1.30,-0.68,-0.72

2017,0.02,9.76,9.43,-24.58,-5.20,-26.83,1.27,-0.59,-0.86

2024,-0.53,9.71,8.54,-24.35,-4.82,-27.07,1.16,-0.34,-0.92

2031,-0.93,9.51,8.95,-24.47,-5.00,-26.75,0.94,-0.20,-0.91

2038,-0.87,9.63,7.97,-24.58,-5.12,-27.57,0.69,-0.13,-0.85

2049,-0.46,9.71,8.27,-24.76,-5.29,-27.83,0.49,0.12,-0.66

2056,-0.23,9.26,8.29,-24.82,-4.56,-27.97,0.35,0.16,-0.56

2074,0.23,8.34,7.95,-24.55,-5.47,-27.68,0.16,0.22,-0.46

2086,0.11,7.52,8.44,-23.74,-5.35,-28.35,0.14,0.24,-0.44

2094,0.02,7.26,8.06,-23.30,-5.64,-28.97,0.02,0.08,-0.49

2101,-0.27,7.42,7.48,-23.00,-6.34,-28.56,-0.04,0.01,-0.51

2108,-0.29,7.33,7.15,-23.06,-6.43,-29.32,-0.08,0.03,-0.49

2115,-0.28,7.26,7.06,-22.86,-6.43,-29.87,-0.14,0.06,-0.42

2121,-0.25,7.05,6.83,-23.18,-6.99,-30.23,-0.21,0.10,-0.35

2132,-0.01,6.54,6.66,-22.45,-7.83,-29.64,-0.25,0.20,-0.26

2139,0.06,6.21,6.58,-21.78,-7.48,-29.79,-0.23,0.28,-0.24

2146,0.13,5.94,6.78,-22.24,-7.51,-29.82,-0.20,0.30,-0.23

2153,0.11,5.56,6.78,-22.01,-7.63,-30.31,-0.20,0.25,-0.25

2160,-0.06,5.46,6.66,-22.04,-8.30,-30.34,-0.22,0.18,-0.27

2167,0.01,5.61,6.47,-21.54,-8.30,-29.99,-0.21,0.14,-0.27

2175,-0.07,5.71,6.41,-21.25,-8.21,-30.55,-0.19,0.14,-0.23

2181,-0.07,5.74,6.47,-20.90,-8.33,-30.99,-0.13,0.13,-0.19

2203,0.26,6.29,6.29,-20.49,-9.12,-30.14,0.06,-0.06,-0.04

2212,0.52,6.24,5.81,-20.23,-9.12,-30.52,0.14,-0.18,-0.02

2220,0.57,6.04,5.32,-20.37,-9.30,-30.66,0.16,-0.18,-0.03

2227,0.55,5.86,5.23,-20.34,-9.44,-30.34,0.16,-0.08,-0.05

2234,0.69,5.83,5.21,-20.37,-9.73,-30.81,0.12,0.02,-0.09

2240,0.74,5.84,5.56,-20.05,-9.65,-30.46,0.04,0.13,-0.13

2247,0.60,5.90,5.61,-19.96,-10.08,-30.25,-0.02,0.18,-0.16

2254,0.41,5.87,5.78,-19.88,-9.82,-30.31,-0.05,0.24,-0.18

2262,0.06,5.89,6.20,-19.44,-9.44,-30.69,-0.09,0.27,-0.17

2272,-0.13,6.25,6.73,-19.09,-9.97,-32.13,-0.13,0.23,-0.09

2279,-0.03,6.55,7.14,-19.29,-10.44,-31.19,-0.08,0.19,-0.03

2286,0.20,6.79,7.22,-19.35,-10.44,-31.42,-0.02,0.12,0.04

2293,0.43,7.05,7.56,-19.00,-10.41,-31.31,0.08,0.03,0.05

2299,0.73,7.00,7.30,-18.91,-10.55,-31.51,0.16,-0.06,0.07

2307,0.91,6.66,7.17,-19.38,-10.58,-31.37,0.27,-0.12,0.04

2325,0.74,6.35,6.64,-19.18,-10.67,-30.61,0.33,-0.23,-0.10

2337,0.41,6.32,6.47,-19.12,-10.46,-32.04,0.30,-0.12,-0.14

2345,0.16,6.46,6.43,-19.09,-10.08,-31.89,0.19,-0.07,-0.11

2355,0.24,6.77,6.21,-18.97,-10.58,-31.39,0.10,0.14,-0.06

2362,0.38,6.80,6.15,-18.91,-10.08,-31.51,0.15,0.27,-0.06

2369,0.47,6.47,6.40,-19.15,-10.73,-32.48,0.24,0.47,-0.11

2376,0.69,6.31,7.02,-19.06,-10.11,-32.51,0.28,0.61,-0.19

2383,0.77,6.44,7.18,-18.80,-10.49,-32.07,0.23,0.63,-0.33

2390,0.96,6.87,7.40,-18.04,-9.85,-32.15,0.17,0.65,-0.40

2397,1.07,7.40,7.28,-17.86,-10.00,-32.53,0.12,0.67,-0.39

2404,0.86,7.49,7.05,-17.60,-10.14,-32.39,0.14,0.74,-0.30

2415,0.50,7.03,6.88,-17.60,-10.70,-32.18,0.41,0.88,-0.08

2422,0.61,6.30,7.14,-16.87,-10.03,-32.59,0.61,0.84,0.09

2430,0.54,5.63,7.23,-16.46,-9.53,-32.53,0.76,0.58,0.22

2436,0.84,4.96,6.60,-16.14,-9.68,-32.80,0.86,0.23,0.36

2454,1.49,2.59,3.91,-16.54,-9.00,-33.21,0.71,-0.98,0.85

2466,-0.11,-2.04,1.38,-17.39,-8.30,-32.97,0.61,-1.06,1.19

2474,-0.01,-3.68,0.12,-17.77,-8.62,-33.56,0.85,-0.94,1.27

2481,-1.98,-6.85,-0.17,-17.68,-8.10,-33.06,1.11,-0.84,1.44

2488,-1.54,-9.12,-1.01,-17.92,-7.60,-32.80,1.32,-0.75,1.36

2498,-2.21,-10.08,0.77,-19.00,-6.34,-32.65,1.40,-1.15,1.12

2505,-3.50,-9.02,1.34,-19.23,-5.14,-31.75,0.87,-2.00,0.76

2511,-4.41,-6.93,1.97,-19.99,-4.82,-31.69,-0.03,-2.72,-0.00

2519,2.02,0.97,2.65,-20.75,-4.97,-30.96,-1.27,-3.37,-0.56

2526,-1.26,4.45,2.72,-22.62,-4.33,-29.85,-2.49,-3.65,-0.67

2533,-0.88,8.85,1.67,-23.18,-4.88,-29.58,-3.55,-3.05,-1.00

2540,1.49,16.21,3.92,-23.71,-5.58,-27.74,-3.72,-1.34,-1.24

2547,3.48,20.69,4.56,-24.93,-7.37,-26.98,-3.58,0.40,-1.27

2554,4.21,23.35,8.06,-25.17,-7.37,-26.19,-3.09,2.40,-1.21

2566,5.33,24.84,12.76,-24.32,-7.42,-26.07,-2.10,3.81,-1.06

2584,2.40,18.28,18.57,-22.62,-8.36,-26.43,-0.57,1.96,-0.48

2596,0.93,12.90,14.36,-21.78,-8.39,-26.69,0.65,0.34,-0.38

2604,0.73,10.19,12.29,-21.98,-8.48,-26.92,0.99,-0.35,-0.41

2610,0.02,8.23,9.91,-22.04,-8.18,-26.60,1.11,-0.71,-0.44

2617,-0.52,7.27,7.92,-22.36,-7.80,-26.89,1.17,-0.87,-0.42

2624,-0.99,7.06,6.82,-22.36,-7.92,-26.83,1.12,-0.86,-0.38

2631,-0.74,7.84,6.02,-22.62,-7.66,-26.95,0.87,-0.91,-0.23

2641,-1.13,7.15,4.57,-22.42,-7.45,-27.10,0.58,-0.78,-0.05

2649,-0.42,7.10,4.75,-22.48,-7.63,-27.07,0.35,-0.67,0.03

2656,0.00,7.09,4.85,-22.30,-7.57,-27.39,0.13,-0.61,0.04

2663,0.39,7.42,5.30,-22.45,-7.66,-27.36,-0.05,-0.52,0.04

2669,0.85,7.72,5.61,-22.68,-8.10,-27.74,-0.25,-0.45,0.02

2676,0.81,7.93,5.71,-22.39,-7.80,-27.48,-0.40,-0.42,0.00

2683,1.02,8.20,7.34,-22.83,-8.36,-26.86,-0.43,-0.28,-0.01

2691,1.03,7.85,5.67,-22.92,-7.80,-26.48,-0.39,-0.07,-0.04

2709,0.66,8.19,5.67,-22.83,-9.27,-27.01,-0.45,0.20,-0.16

2724,0.70,8.28,5.97,-22.24,-8.68,-27.65,-0.43,0.53,-0.19

2732,0.57,8.67,6.78,-22.24,-9.18,-27.48,-0.43,0.59,-0.21

2739,1.32,8.38,6.80,-21.72,-9.41,-28.47,-0.48,0.55,-0.22

2746,1.29,8.30,6.51,-21.40,-9.50,-28.21,-0.29,0.73,-0.36

2753,1.26,8.33,7.28,-21.92,-9.97,-28.56,-0.12,0.83,-0.45

2760,1.01,8.46,7.75,-20.78,-9.56,-28.62,-0.13,0.68,-0.53

2766,0.80,8.66,7.68,-20.93,-9.76,-28.62,-0.18,0.50,-0.56

2774,0.66,8.71,7.60,-20.96,-10.17,-29.00,-0.15,0.37,-0.55

2785,0.89,8.57,7.37,-20.32,-10.70,-29.58,0.04,0.21,-0.47

2792,1.00,8.10,7.09,-19.79,-10.99,-29.29,0.14,0.20,-0.44

2799,1.00,7.71,6.98,-19.44,-11.14,-29.79,0.25,0.22,-0.46

2806,0.93,7.68,7.00,-19.38,-10.90,-29.55,0.32,0.22,-0.50

2814,0.85,7.75,6.88,-19.35,-10.82,-29.32,0.39,0.19,-0.53

2820,0.67,7.57,6.98,-19.12,-11.31,-29.99,0.44,0.15,-0.54

2838,0.96,7.54,6.78,-18.74,-11.66,-30.63,0.55,-0.05,-0.45

2851,1.53,7.51,6.45,-18.33,-11.63,-31.42,0.92,0.10,-0.36

2858,1.60,7.39,6.48,-18.12,-11.75,-30.96,0.94,0.14,-0.33

2868,1.29,7.10,6.45,-17.71,-11.43,-31.66,0.86,0.13,-0.33

2875,1.28,6.98,6.18,-17.60,-11.49,-31.72,0.87,0.10,-0.32

2882,1.06,6.66,6.16,-17.60,-11.60,-32.18,0.71,0.10,-0.29

2889,0.86,6.58,6.22,-17.28,-11.34,-32.18,0.69,0.15,-0.23

2896,1.00,6.42,6.10,-16.49,-11.31,-32.59,0.63,0.28,-0.14

2904,1.13,6.10,6.16,-16.66,-11.52,-32.97,0.64,0.48,-0.08

2911,1.20,5.82,6.65,-16.37,-11.31,-32.53,0.69,0.73,-0.04

2917,1.26,5.56,6.73,-16.19,-10.87,-33.47,0.74,0.90,-0.04

2924,1.26,5.28,7.31,-15.70,-11.14,-33.27,0.86,1.02,-0.12

2936,1.44,5.64,8.00,-14.82,-10.99,-33.29,0.92,0.80,-0.37

2944,1.47,5.97,8.21,-14.70,-10.41,-33.12,0.94,0.63,-0.50

2951,1.56,6.43,7.98,-14.18,-10.70,-34.00,0.96,0.39,-0.59

2968,1.95,6.80,7.08,-13.71,-10.82,-34.58,1.24,0.07,-0.35

2980,1.72,5.87,6.37,-13.18,-10.29,-34.46,1.46,-0.02,-0.11

2988,1.44,5.08,5.56,-12.63,-10.14,-34.29,1.55,-0.06,0.03

2995,1.52,4.31,5.15,-13.21,-8.94,-35.60,1.70,-0.17,0.21

3002,1.35,3.41,4.80,-12.86,-8.62,-34.90,1.76,-0.50,0.51

3012,0.01,0.77,2.85,-13.01,-7.98,-35.17,1.66,-1.41,0.97

3019,-1.73,-2.05,0.75,-13.68,-7.34,-35.78,1.70,-1.81,1.32

3026,-2.62,-5.25,-0.95,-14.24,-6.28,-35.57,1.90,-2.12,1.63

3034,-2.18,-7.10,-1.61,-21.86,-5.55,-35.40,2.19,-2.41,1.95

3040,-2.98,-9.56,-2.25,-16.49,-4.71,-34.93,2.31,-2.79,2.36

3047,-1.83,-10.28,-2.39,-17.86,-3.74,-35.31,1.97,-3.17,2.51

3054,-1.71,-10.25,-0.73,-18.77,-3.30,-34.00,1.24,-3.85,2.38

3061,-1.10,-7.76,-1.76,-20.02,-2.40,-33.65,0.21,-4.31,1.93

3068,-2.09,-5.61,-1.61,-21.60,-2.43,-32.91,-1.28,-4.25,1.15

3080,1.62,4.41,0.04,-24.58,-2.51,-31.83,-3.02,-3.11,-0.15

3098,4.17,17.98,5.05,-25.55,-5.52,-29.58,-4.23,0.63,-2.43

3110,4.11,22.56,8.88,-25.02,-6.52,-28.18,-4.47,2.31,-2.72

3118,3.93,24.59,10.81,-24.52,-7.63,-28.21,-4.05,3.05,-2.38

3125,0.19,24.07,12.64,-23.53,-7.92,-27.86,-3.51,3.46,-1.55

3132,0.75,22.23,14.39,-22.98,-8.01,-27.83,-2.59,3.69,-0.68

3139,-0.62,17.91,16.65,-22.04,-8.89,-28.47,-1.85,3.46,0.25

3145,0.03,13.46,18.30,-21.13,-9.09,-28.62,-1.05,2.79,0.77

3157,0.80,8.54,16.83,-20.93,-8.56,-29.29,0.00,1.33,0.83

3163,1.38,7.06,15.68,-20.87,-8.65,-29.17,0.55,0.56,0.60

3170,1.31,5.67,15.46,-20.87,-8.27,-29.20,0.86,-0.44,0.27

3177,1.08,5.77,14.32,-20.90,-7.78,-29.35,1.05,-1.34,-0.01

3184,0.94,6.86,11.62,-21.57,-7.80,-29.14,1.20,-2.19,-0.22

3191,0.74,7.79,9.68,-22.19,-7.57,-29.09,1.33,-2.60,-0.22

3199,0.17,8.38,7.76,-22.27,-7.13,-28.30,1.35,-2.90,-0.09

3206,0.07,8.19,6.32,-22.62,-7.57,-28.06,1.30,-3.04,0.08

3224,0.25,7.11,2.94,-24.76,-6.78,-27.21,0.55,-2.80,0.43

3239,0.21,7.06,2.45,-26.02,-6.31,-27.04,-0.05,-1.28,0.43

3247,0.60,7.24,2.33,-26.37,-6.46,-26.89,-0.40,-0.71,0.33

3254,0.64,7.65,2.25,-25.99,-6.55,-26.60,-0.53,0.15,0.25

3260,0.79,7.65,3.89,-26.43,-7.04,-26.48,-0.56,0.81,0.20

3267,0.78,7.52,5.33,-26.40,-7.22,-26.34,-0.63,1.30,0.13

3274,0.75,7.36,6.29,-25.90,-6.78,-26.81,-0.69,1.46,0.06

3281,0.66,7.39,7.16,-25.90,-6.84,-27.10,-0.68,1.52,-0.03

3289,0.54,7.48,7.65,-25.37,-7.40,-27.01,-0.58,1.50,-0.10

3296,0.47,7.38,8.18,-24.47,-7.54,-27.68,-0.48,1.38,-0.16

3306,0.21,7.09,8.31,-24.00,-8.18,-27.65,-0.35,0.90,-0.23

3313,0.09,6.93,8.13,-23.91,-8.39,-28.79,-0.26,0.63,-0.25

3320,-0.06,6.83,7.90,-23.62,-7.86,-28.41,-0.17,0.34,-0.26

3328,-0.15,6.85,7.83,-23.62,-8.62,-27.95,-0.06,0.13,-0.24

3335,-0.08,6.91,7.58,-23.65,-8.24,-27.97,0.01,-0.12,-0.21

3353,0.13,7.03,6.56,-24.44,-8.89,-27.89,0.15,-0.54,-0.13

3365,0.38,7.05,5.98,-23.85,-8.65,-27.86,0.15,-0.55,-0.13

3373,0.47,7.19,5.81,-24.12,-8.16,-27.80,0.14,-0.46,-0.16

3383,0.61,7.57,5.65,-24.55,-8.74,-27.62,0.11,-0.26,-0.18

3390,0.66,7.65,5.76,-24.76,-8.94,-28.03,0.10,-0.11,-0.20

3397,0.64,7.70,5.89,-24.47,-8.62,-27.89,0.07,0.03,-0.21

3403,0.60,7.78,6.29,-23.68,-8.92,-28.09,0.03,0.23,-0.24

3410,0.54,8.02,6.65,-23.68,-8.51,-28.65,-0.05,0.26,-0.26

3418,0.22,8.34,6.85,-23.82,-9.03,-28.59,-0.12,0.27,-0.27

3425,0.27,8.70,7.13,-23.21,-9.35,-28.59,-0.17,0.24,-0.24

3432,0.39,8.73,7.51,-23.62,-9.30,-28.59,-0.21,0.20,-0.19

3439,0.52,8.79,7.55,-23.65,-9.44,-28.59,-0.22,0.14,-0.15

3449,0.41,8.62,7.55,-23.21,-9.35,-29.06,-0.13,0.13,-0.12

3457,0.43,8.78,7.65,-22.83,-9.65,-28.82,-0.08,0.08,-0.11

3464,0.28,8.61,7.85,-22.65,-9.65,-28.79,-0.03,-0.00,-0.11

3482,0.45,8.87,7.44,-22.62,-10.32,-28.94,0.11,-0.21,-0.10

3494,0.80,9.32,7.24,-22.16,-10.11,-29.93,0.17,-0.25,-0.12

3502,0.78,9.31,7.15,-22.24,-11.02,-29.90,0.25,-0.21,-0.15

3509,0.93,9.29,6.96,-22.39,-11.37,-29.87,0.32,-0.14,-0.20

3516,0.79,9.16,7.09,-22.01,-11.14,-30.08,0.40,-0.05,-0.23

3523,0.63,8.60,7.00,-22.10,-11.40,-29.76,0.45,-0.02,-0.28

3533,0.52,8.28,7.29,-21.75,-11.34,-30.25,0.59,0.04,-0.29

3541,0.46,7.91,7.21,-21.66,-11.20,-30.75,0.65,0.02,-0.27

3547,0.37,7.46,7.21,-21.51,-11.11,-30.72,0.72,-0.04,-0.24

3554,0.25,6.88,6.93,-21.08,-11.17,-30.72,0.75,-0.08,-0.20

3561,0.30,6.52,6.77,-21.02,-11.31,-31.28,0.73,-0.08,-0.14

3568,0.25,5.96,6.70,-20.49,-10.96,-31.51,0.71,-0.04,-0.07

3575,0.42,5.73,6.76,-20.52,-11.46,-31.98,0.69,0.02,-0.03

3583,0.68,5.71,6.69,-20.37,-11.58,-31.69,0.66,0.04,-0.02

3593,0.68,6.22,6.39,-20.26,-11.63,-31.60,0.69,0.02,-0.11

3611,0.78,7.12,5.23,-19.47,-11.08,-31.66,0.56,-0.03,-0.24

3623,1.17,7.55,4.76,-19.38,-11.17,-31.80,0.42,0.27,-0.23

3631,1.30,7.14,4.95,-19.18,-11.37,-31.86,0.31,0.48,-0.20

3638,1.22,6.58,5.06,-18.88,-11.49,-32.59,0.26,0.73,-0.13

3645,1.31,6.04,5.61,-18.56,-11.40,-32.24,0.26,0.91,-0.10

3652,1.16,5.54,6.35,-18.18,-11.43,-32.13,0.30,0.99,-0.10

3658,1.23,5.10,6.60,-17.68,-11.46,-32.74,0.32,0.91,-0.10

3665,1.29,4.46,6.73,-17.28,-11.22,-33.15,0.34,0.78,-0.07

3676,1.51,4.11,7.00,-17.22,-11.46,-33.50,0.57,0.60,0.00

3683,1.39,3.09,6.78,-16.78,-11.25,-33.24,0.74,0.35,0.05

3690,1.31,2.49,6.13,-16.34,-11.28,-33.06,0.99,0.09,0.09

3697,0.78,0.57,5.81,-15.87,-11.08,-34.00,1.35,-0.16,0.04

3704,0.14,-1.09,4.41,-16.02,-11.14,-34.29,1.74,-0.64,-0.08

3711,0.06,-2.73,1.70,-16.16,-10.70,-33.65,2.08,-1.20,-0.12

3718,-2.25,-6.53,-1.95,-16.31,-9.06,-34.41,2.62,-1.90,0.14

3736,-5.40,-15.56,-7.35,-18.80,-7.60,-34.26,2.31,-3.70,2.41

3753,-4.27,-11.29,-6.07,-23.03,-5.29,-32.83,-1.34,-3.90,4.18

3760,-0.52,-5.97,-2.48,-24.32,-4.94,-31.92,-3.03,-2.63,3.48

3767,1.12,0.90,0.46,-25.20,-4.74,-31.45,-3.95,-0.67,2.12

3773,0.66,7.95,3.97,-26.22,-5.41,-31.07,-5.21,0.83,0.64

3780,5.99,16.13,7.79,-25.90,-5.96,-29.58,-6.39,2.13,-1.63

3787,7.94,24.79,15.68,-25.81,-7.54,-29.32,-5.88,2.44,-3.24

3794,9.00,31.33,17.43,-25.43,-8.10,-27.89,-5.32,2.15,-4.54

3802,4.69,34.36,19.83,-24.26,-10.96,-26.95,-4.82,1.32,-4.61

3809,0.34,34.35,15.71,-23.71,-12.13,-26.48,-3.62,0.66,-3.68

3820,-2.61,29.89,13.10,-23.15,-12.51,-26.19,-0.70,0.91,-1.23

3827,-2.28,21.33,13.25,-22.80,-12.39,-27.74,1.00,1.22,0.28

3834,-0.60,15.21,13.82,-22.48,-11.60,-27.19,2.07,0.97,0.91

3841,1.30,10.08,11.48,-22.22,-11.08,-27.89,2.43,0.24,0.98

3848,1.46,7.14,9.85,-22.42,-10.46,-28.82,2.75,-0.11,0.72

3866,0.92,4.17,5.02,-22.36,-9.50,-28.94,2.52,-0.46,-0.38

3878,-0.07,4.25,4.27,-22.80,-8.16,-28.71,1.40,-0.70,-0.86

3886,-0.19,6.01,3.06,-22.62,-8.33,-29.11,0.59,-0.81,-0.90

3896,-1.50,7.98,2.82,-22.95,-8.48,-29.17,-0.16,-0.62,-0.59

3903,-1.10,8.64,3.80,-23.21,-8.83,-29.23,-0.34,-0.19,-0.30

3910,-0.63,8.82,4.49,-22.65,-8.89,-29.06,-0.53,0.04,0.05

3917,-0.64,8.51,5.15,-22.71,-8.83,-29.64,-0.66,0.20,0.32

3925,-0.19,7.85,6.17,-22.54,-8.89,-29.17,-0.66,0.28,0.52

3932,0.25,6.91,7.06,-22.48,-8.94,-29.52,-0.62,0.29,0.61

3938,0.34,6.22,7.51,-22.45,-9.18,-28.21,-0.59,0.22,0.64

3945,0.24,5.79,7.66,-22.89,-9.06,-29.49,-0.53,0.14,0.62

3952,0.01,5.49,7.64,-22.89,-9.03,-29.87,-0.40,0.11,0.59

3963,-0.11,5.36,8.61,-22.92,-9.47,-29.90,-0.15,-0.13,0.54

3971,-0.09,5.40,8.68,-22.95,-9.53,-29.26,-0.04,-0.39,0.51

3978,-0.21,5.56,8.41,-22.83,-9.03,-29.26,0.02,-0.70,0.48

3996,0.50,6.66,7.82,-24.12,-9.27,-29.00,0.14,-1.21,0.38

4009,0.73,7.28,6.66,-24.32,-8.97,-28.62,0.12,-1.33,0.28

4016,0.67,7.67,6.30,-24.41,-9.32,-28.53,0.10,-1.28,0.21

4022,0.88,8.05,5.97,-24.96,-9.68,-28.30,0.02,-1.22,0.13

4029,0.80,8.53,5.47,-25.40,-9.27,-27.92,-0.01,-1.11,0.06

4036,0.56,8.64,5.09,-25.43,-9.30,-27.65,-0.06,-0.98,0.03

4046,0.28,8.63,5.04,-25.46,-9.27,-27.04,-0.15,-0.76,-0.01

4054,0.11,8.71,5.13,-26.02,-9.15,-27.27,-0.26,-0.55,-0.03

4061,1.81,8.72,5.14,-25.90,-9.85,-26.34,-0.34,-0.36,-0.02

4068,0.06,8.76,5.54,-26.02,-9.62,-26.66,-0.38,-0.11,-0.01

4075,0.04,8.51,6.12,-25.58,-9.85,-26.89,-0.36,0.03,-0.02

4081,0.04,8.52,6.80,-25.72,-10.35,-27.24,-0.34,0.12,-0.07

4088,0.14,8.71,7.40,-25.61,-10.41,-27.59,-0.29,0.14,-0.14

4096,0.09,8.94,7.99,-25.23,-10.52,-28.15,-0.20,0.08,-0.19

4107,0.19,9.39,8.02,-25.40,-10.58,-28.09,-0.03,-0.10,-0.29

4125,0.08,9.21,7.37,-25.64,-10.84,-28.03,0.15,-0.43,-0.31

4138,-0.49,8.89,6.98,-25.17,-11.20,-27.83,0.23,-0.38,-0.23

4145,-0.22,9.01,6.69,-25.11,-11.14,-28.24,0.28,-0.28,-0.19

4152,-0.49,8.76,6.73,-25.46,-11.17,-28.73,0.33,-0.15,-0.14

4158,-0.63,8.49,6.87,-25.31,-11.14,-28.94,0.35,-0.07,-0.12

4165,-0.55,8.39,6.70,-25.05,-11.84,-28.97,0.39,0.03,-0.08

4172,-0.47,8.24,7.12,-24.90,-11.46,-28.44,0.53,0.25,-0.04

4180,-0.27,8.03,7.82,-24.64,-11.37,-29.14,0.58,0.31,-0.02

4190,-0.24,7.73,7.77,-24.09,-11.43,-29.09,0.60,0.28,-0.03

4197,0.01,7.85,7.71,-23.97,-11.69,-29.87,0.67,0.31,-0.07

4204,0.35,7.95,7.95,-23.68,-11.84,-29.93,0.76,0.31,-0.16

4211,0.32,8.05,7.88,-23.30,-11.93,-29.49,0.79,0.26,-0.24

4217,0.41,8.04,7.75,-23.18,-12.51,-30.14,0.86,0.18,-0.34

4225,0.10,7.93,7.70,-22.89,-11.90,-30.52,0.96,0.12,-0.40

4232,-0.11,7.73,7.58,-22.62,-12.34,-30.75,1.19,0.06,-0.41

4250,-0.87,6.20,7.59,-21.98,-11.52,-31.19,1.74,-0.13,-0.08

4266,-1.33,5.13,6.62,-21.86,-11.05,-30.63,1.63,-0.38,0.25

4273,-1.18,4.99,6.17,-21.98,-10.20,-30.37,1.48,-0.42,0.36

4280,-0.82,4.84,5.68,-21.78,-10.03,-31.19,1.33,-0.37,0.41

4287,-0.40,5.00,5.21,-21.78,-9.88,-32.30,1.22,-0.16,0.40

4294,-0.21,5.28,5.01,-21.63,-9.35,-31.63,1.07,0.14,0.32

4300,0.03,5.35,5.71,-21.40,-9.06,-32.30,0.94,0.40,0.22

4308,0.09,5.72,5.85,-21.57,-8.36,-32.18,0.80,0.63,0.09

4315,0.31,5.68,6.27,-21.31,-8.80,-32.42,0.78,0.71,0.00

4322,0.56,5.28,6.47,-20.96,-8.74,-32.53,0.81,0.72,-0.05

4333,0.45,4.07,6.82,-20.46,-8.97,-32.33,1.07,0.61,-0.10

4339,0.54,3.50,6.25,-20.02,-7.78,-32.53,1.24,0.41,-0.07

4346,0.70,2.51,5.76,-20.08,-7.40,-33.03,1.40,0.03,-0.01

4354,0.83,2.00,4.95,-19.79,-7.60,-33.82,1.51,-0.36,0.09

4361,0.90,1.03,3.40,-19.85,-7.10,-33.62,1.70,-0.83,0.28

4379,0.41,-3.60,-1.30,-21.37,-5.06,-33.03,1.70,-1.82,1.13

4391,0.29,-5.88,-5.50,-22.95,-4.36,-32.97,1.25,-2.30,2.00

4399,-0.19,-8.58,-7.07,-23.15,-3.62,-32.91,0.69,-2.42,2.64

4406,-1.84,-11.81,-8.68,-24.52,-3.13,-32.86,0.07,-2.33,3.03

4416,-1.74,-11.91,-6.88,-26.02,-2.81,-32.39,-0.73,-1.70,2.93

4423,-1.78,-9.81,-4.62,-26.28,-1.93,-31.31,-1.78,-1.16,2.34

4430,-1.83,-7.25,-1.59,-26.86,-2.16,-31.80,-3.03,-0.45,1.06

4438,1.61,1.73,2.18,-27.45,-2.69,-31.07,-4.19,0.12,-0.27

4444,-0.51,4.35,6.00,-27.92,-3.74,-29.93,-5.76,0.68,-1.63

4451,0.14,11.62,8.74,-27.51,-5.12,-29.58,-6.15,0.87,-2.99

4458,2.35,18.07,10.06,-27.33,-6.31,-29.03,-5.87,1.71,-3.97

4465,1.85,24.72,12.71,-26.63,-8.13,-28.18,-5.60,2.19,-4.34

4476,0.33,29.54,16.45,-25.23,-10.35,-27.39,-4.39,1.76,-3.45

4484,-0.89,29.88,16.56,-24.38,-10.79,-27.21,-3.11,1.40,-2.42

4491,-1.03,28.13,16.29,-23.97,-11.78,-26.81,-1.85,1.12,-0.96

4509,0.32,14.23,15.61,-24.38,-11.17,-27.04,0.94,0.28,1.10

4522,1.90,9.53,11.05,-24.85,-9.85,-27.42,1.17,-1.07,0.66

4529,1.52,8.31,9.78,-25.26,-9.70,-26.54,1.19,-1.63,0.16

4536,1.10,8.04,7.80,-25.81,-9.38,-26.45,1.23,-1.75,-0.29

4542,0.63,8.10,6.08,-25.84,-9.50,-26.28,1.16,-1.68,-0.65

4549,0.11,8.40,5.06,-26.10,-9.00,-26.48,0.94,-1.53,-0.84

4559,-0.50,8.99,3.16,-26.95,-9.35,-26.19,0.56,-1.03,-0.85

4567,-0.84,9.15,2.21,-26.83,-9.32,-26.02,0.31,-0.56,-0.70

4574,-1.26,8.92,2.46,-26.72,-9.03,-26.78,0.11,0.01,-0.45

4581,-1.23,8.35,2.81,-26.75,-9.27,-26.69,-0.20,0.33,-0.24

4588,-1.10,7.82,3.17,-26.69,-9.59,-26.83,-0.44,0.59,-0.06

4595,-0.95,7.45,3.79,-26.43,-10.23,-26.89,-0.65,0.77,0.05

4602,-0.78,7.04,5.17,-26.25,-10.44,-26.31,-0.78,0.84,0.15

4609,-0.55,6.83,6.37,-26.05,-10.14,-26.95,-0.91,0.79,0.20

4620,-0.55,6.93,8.10,-26.02,-10.06,-26.83,-0.88,0.57,0.27

4638,-0.06,6.94,8.52,-25.61,-10.70,-26.72,-0.29,-0.13,0.33

4651,0.40,6.57,7.75,-25.69,-10.55,-26.54,0.09,-0.55,0.22

4658,0.40,6.65,7.20,-25.75,-10.73,-26.13,0.16,-0.67,0.10

4665,0.32,7.06,6.37,-26.16,-10.73,-26.78,0.17,-0.70,-0.02

4672,0.24,7.20,5.73,-26.13,-11.05,-26.66,0.19,-0.60,-0.11

4679,0.03,7.59,5.38,-26.81,-10.79,-26.45,0.19,-0.43,-0.18

4686,0.01,7.75,5.27,-26.28,-10.84,-26.37,0.16,-0.27,-0.19

4693,-0.27,7.89,5.28,-26.72,-10.73,-26.34,0.02,-0.17,-0.17

4703,-0.47,8.02,5.25,-26.16,-10.76,-26.34,-0.11,-0.17,-0.12

4710,-0.63,8.00,5.16,-26.51,-10.96,-26.31,-0.23,-0.16,-0.06

4717,-0.48,7.90,5.16,-26.07,-11.28,-26.63,-0.31,-0.08,0.00

4724,-0.48,7.92,5.16,-26.28,-11.22,-26.69,-0.34,0.08,0.08

4731,-0.47,7.98,5.67,-25.81,-10.52,-27.01,-0.34,0.25,0.13

4739,-0.17,8.10,5.89,-25.69,-11.02,-27.16,-0.30,0.38,0.15

4746,-0.04,7.93,6.50,-25.67,-10.70,-26.72,-0.23,0.44,0.13

4764,-0.15,8.27,9.06,-24.96,-11.37,-27.07,0.07,0.29,0.01

4780,-1.80,8.99,7.11,-24.90,-11.20,-26.89,0.34,-0.04,-0.02

4787,-0.04,8.98,6.88,-25.08,-11.02,-27.19,0.43,-0.16,-0.02

4794,-0.11,8.94,6.60,-25.31,-11.34,-27.16,0.48,-0.17,-0.02

4800,-0.16,8.80,6.27,-25.23,-11.46,-27.30,0.49,-0.12,-0.03

4807,0.01,8.89,6.37,-24.64,-11.69,-27.24,0.46,-0.02,-0.05

4814,0.02,9.02,6.38,-24.52,-11.58,-27.62,0.38,0.09,-0.08

4822,0.03,9.35,6.85,-24.58,-11.98,-28.18,0.33,0.19,-0.11

4829,-0.14,9.54,6.55,-24.50,-11.25,-27.80,0.33,0.30,-0.12

4836,-0.06,9.58,7.08,-24.26,-11.55,-28.44,0.42,0.38,-0.11

4846,-0.30,9.05,7.61,-24.26,-12.01,-27.97,0.53,0.24,-0.08

4853,-0.37,9.06,7.85,-24.09,-12.16,-28.03,0.61,0.21,-0.04

4860,-0.23,8.81,7.77,-23.27,-11.40,-28.35,0.68,0.06,0.02

4868,-0.09,8.79,7.68,-23.30,-11.72,-28.27,0.77,-0.08,0.06

4875,0.01,8.76,7.29,-23.36,-11.66,-28.71,0.82,-0.31,0.11

4893,-0.11,9.11,6.18,-23.74,-11.52,-29.17,0.97,-0.37,0.28

4906,-0.04,8.74,5.76,-23.56,-11.22,-29.09,0.94,-0.42,0.35

4913,-0.04,8.59,5.61,-23.65,-11.14,-29.41,0.89,-0.42,0.37

4923,0.06,8.27,5.38,-23.88,-11.25,-29.76,0.78,-0.25,0.43

4930,0.24,8.15,5.49,-23.53,-10.79,-29.90,0.73,-0.03,0.46

4936,0.31,8.31,5.52,-23.41,-10.96,-29.67,0.69,0.29,0.46

4943,0.29,8.05,5.79,-22.68,-11.11,-30.31,0.69,0.57,0.41

4951,0.24,7.46,6.25,-22.65,-10.61,-30.55,0.74,0.81,0.33

4958,0.31,6.77,6.89,-22.19,-10.29,-30.55,0.77,0.92,0.22

4965,0.22,6.21,7.11,-22.16,-10.49,-31.07,0.81,0.97,0.11

4972,0.03,3.70,7.89,-21.57,-9.97,-31.04,0.85,0.92,-0.07

4979,0.02,5.00,8.22,-21.43,-10.41,-31.48,0.89,0.74,-0.07

4990,0.03,4.57,8.30,-20.72,-10.70,-32.04,0.96,0.33,-0.10

4997,-0.09,4.24,7.93,-21.10,-10.64,-31.77,1.01,0.00,-0.07

5004,-0.24,4.28,7.64,-20.78,-10.20,-31.77,1.09,-0.14,-0.02

5022,-0.14,4.30,6.45,-20.55,-9.73,-32.80,1.13,-0.42,0.17

5035,0.11,4.48,6.09,-20.23,-9.32,-32.83,1.09,-0.37,0.26

5042,0.38,4.34,5.89,-20.40,-8.92,-32.68,1.08,-0.20,0.26

5049,0.51,4.27,5.85,-20.32,-8.86,-32.94,1.05,-0.02,0.22

5056,0.88,4.19,5.74,-20.14,-8.07,-33.03,1.04,0.19,0.13

5062,0.58,4.18,5.91,-19.58,-8.07,-32.59,1.01,0.36,0.03

5072,0.66,3.97,6.04,-19.53,-8.07,-32.51,0.98,0.53,-0.10

5080,0.60,3.68,5.94,-19.35,-7.48,-32.45,0.96,0.55,-0.14

5087,0.48,3.32,5.89,-18.88,-6.90,-33.18,0.97,0.48,-0.17

5094,0.60,2.94,5.83,-18.77,-6.69,-33.18,1.07,0.33,-0.17

5101,1.06,2.34,5.30,-18.62,-6.64,-33.21,1.18,-0.05,-0.10

5108,1.04,0.83,4.19,-18.94,-6.11,-33.73,1.34,-0.44,0.01

5115,1.00,-0.78,2.20,-19.32,-6.14,-33.82,1.49,-0.84,0.21

5122,1.07,-2.06,-1.63,-19.23,-5.67,-33.38,1.73,-1.08,0.45

5133,0.66,-4.46,-3.69,-20.78,-4.30,-33.73,2.07,-1.39,0.85

5152,-1.92,-7.09,-5.70,-22.01,-2.57,-33.38,1.21,-2.52,1.56

5162,-3.78,-6.75,-4.80,-23.15,-1.75,-33.18,0.08,-2.86,1.39

5169,-2.07,-2.05,-2.40,-24.23,-1.40,-32.01,-1.06,-2.94,0.88

5176,-2.18,-0.73,-1.62,-25.61,-1.70,-31.39,-2.81,-2.80,0.29

5183,-1.92,2.97,0.04,-26.05,-1.78,-30.61,-4.01,-2.32,-0.62

5190,-1.50,5.55,2.15,-27.45,-2.81,-22.54,-5.59,-1.43,-1.54

5197,1.73,13.82,-0.27,-28.00,-4.76,-28.50,-6.94,-0.23,-2.50

5205,0.39,18.18,3.22,-28.35,-6.55,-27.54,-6.83,0.98,-2.73

5215,3.07,24.67,9.28,-28.09,-7.78,-27.71,-5.64,4.13,-2.55

5222,3.12,24.72,16.63,-26.78,-8.80,-27.24,-4.04,4.84,-2.12

5229,1.56,25.05,20.39,-26.05,-9.70,-27.48,-2.90,4.29,-1.51

5235,1.03,23.71,21.49,-24.12,-9.94,-27.62,-1.88,3.28,-0.87

5242,-0.48,19.25,24.52,-23.41,-9.65,-27.59,-0.35,1.93,-0.16

5250,0.38,14.78,20.60,-23.56,-9.70,-27.86,0.89,0.49,0.06

5257,0.34,13.01,18.54,-23.53,-9.21,-27.57,1.81,-0.77,0.01

5275,-0.30,8.05,10.21,-24.67,-7.72,-27.30,2.35,-2.82,-0.17

5291,-0.87,7.50,5.54,-26.05,-6.84,-26.78,2.00,-2.57,-0.23

5298,-0.90,7.47,4.37,-27.04,-6.28,-26.48,1.50,-2.27,-0.19

5305,-1.06,7.70,3.17,-27.36,-6.58,-26.66,1.04,-1.89,-0.13

5312,-1.13,7.97,2.48,-27.83,-5.96,-26.31,0.56,-1.31,-0.01

5319,-1.09,8.06,2.61,-28.24,-5.85,-26.45,0.26,-0.73,0.10

5326,-0.91,7.99,3.28,-28.06,-6.37,-26.13,-0.01,-0.14,0.19

5334,-0.62,8.18,4.17,-27.86,-6.34,-25.75,-0.26,0.24,0.23

5340,-0.53,8.19,5.14,-27.62,-6.28,-25.34,-0.40,0.57,0.25

5347,-0.30,8.03,5.99,-27.65,-5.90,-25.87,-0.51,0.72,0.25

5367,0.04,8.17,8.41,-27.54,-6.37,-26.02,-0.62,0.44,0.05

5375,-0.06,8.04,8.61,-26.81,-6.78,-26.51,-0.47,0.30,-0.03

5381,-0.41,7.97,8.96,-27.24,-6.46,-26.48,-0.32,0.12,-0.11

5388,-0.56,8.20,8.84,-27.77,-6.58,-26.95,-0.15,-0.06,-0.15

5395,-0.65,8.00,8.79,-27.10,-6.81,-25.99,0.01,-0.24,-0.15

5413,-0.26,7.86,6.92,-27.36,-7.16,-25.75,0.27,-0.52,-0.17

5426,-0.15,7.77,5.22,-27.54,-7.42,-27.48,0.27,-0.24,-0.18

5433,-0.16,7.72,4.60,-27.13,-7.13,-26.31,0.23,0.14,-0.17

5443,-0.24,7.61,4.61,-27.33,-7.48,-27.19,0.08,0.58,-0.17

5450,-1.67,7.36,6.42,-26.75,-7.89,-27.51,-0.16,0.65,-0.19

5457,-0.85,7.77,6.50,-26.63,-7.83,-27.33,-0.35,0.47,-0.12

5465,-0.83,7.77,6.93,-26.45,-8.10,-27.19,-0.37,0.49,-0.06

5471,-0.48,8.12,7.74,-26.25,-8.48,-27.89,-0.30,0.46,-0.00

5478,-0.42,8.39,7.75,-25.96,-8.18,-28.53,-0.12,0.37,0.05

5485,-0.36,8.37,7.52,-25.72,-8.77,-28.12,0.13,0.35,0.11

5492,-0.17,8.24,8.28,-25.17,-8.80,-27.89,0.25,0.31,0.14

5499,-0.10,8.19,8.74,-25.52,-8.77,-28.50,0.23,0.12,0.13

5511,0.15,8.57,7.93,-25.40,-8.89,-28.71,0.22,0.03,0.07

5517,0.20,8.77,8.13,-25.61,-8.68,-28.50,0.28,0.09,0.01

5524,0.32,8.76,8.21,-25.40,-9.09,-28.00,0.31,0.11,-0.07

5542,0.13,8.92,8.97,-24.50,-8.86,-29.06,0.37,-0.09,-0.37

5555,-0.12,9.12,8.60,-24.67,-9.70,-28.73,0.44,-0.19,-0.50

5562,-0.38,8.99,8.34,-23.79,-9.91,-29.11,0.58,-0.07,-0.51

5569,-0.57,8.81,8.56,-23.44,-9.88,-29.00,0.73,0.08,-0.48

5576,-0.59,8.69,8.74,-23.85,-9.85,-29.79,0.91,0.20,-0.41

5583,-0.45,8.73,8.76,-22.74,-9.76,-30.23,1.08,0.23,-0.34

5594,-0.44,8.57,8.67,-22.39,-9.76,-29.93,1.29,0.13,-0.22

5601,-0.32,8.68,8.41,-22.04,-9.62,-30.05,1.41,0.03,-0.13

5608,-0.24,8.39,7.87,-21.86,-9.15,-30.58,1.47,-0.11,-0.04

5614,-0.07,7.97,7.34,-21.95,-9.38,-31.01,1.51,-0.21,0.04

5621,0.11,7.83,6.87,-21.78,-9.44,-31.04,1.54,-0.22,0.12

5628,0.17,5.52,6.43,-21.60,-8.92,-31.22,1.55,-0.17,0.16

5636,0.39,6.78,6.21,-21.66,-8.33,-31.80,1.60,-0.04,0.22

5643,0.39,6.33,6.00,-21.78,-8.54,-32.33,1.61,0.10,0.27

5650,0.21,5.66,6.00,-21.86,-7.89,-32.33,1.59,0.27,0.29

5671,0.20,5.04,5.61,-20.72,-6.69,-33.12,1.46,0.68,0.44

5681,-0.08,4.48,5.96,-20.17,-6.20,-32.62,1.37,0.93,0.58

5688,0.06,4.11,6.42,-20.34,-5.82,-34.03,1.31,0.94,0.64

5695,0.25,4.22,6.42,-19.99,-5.73,-33.27,1.29,0.94,0.75

5702,0.54,4.69,6.55,-19.53,-5.47,-33.76,1.27,0.91,0.84

5709,0.62,4.03,6.45,-19.12,-4.85,-34.41,1.27,0.86,0.93

5716,0.70,3.88,5.79,-18.71,-4.38,-34.38,1.30,0.82,1.02

5723,0.85,3.29,5.42,-18.59,-4.03,-34.23,1.34,0.77,1.19

5730,0.06,1.94,5.98,-18.09,-3.95,-34.73,1.27,0.60,1.27

5740,0.03,-1.72,5.32,-18.33,-3.45,-34.84,1.20,0.28,1.16

5747,0.89,-0.49,4.99,-18.36,-2.48,-34.99,1.26,-0.00,1.02

5754,0.82,-1.62,4.23,-17.74,-2.13,-34.32,1.38,-0.28,0.93

5762,1.34,-2.84,3.42,-17.45,-1.67,-34.93,1.58,-0.59,0.75

5768,1.85,-3.66,2.25,-17.63,-1.17,-34.87,1.71,-0.99,0.62

5775,2.15,-3.98,0.82,-18.12,-0.67,-34.93,1.86,-1.61,0.53

5793,1.20,-6.69,-3.42,-20.32,1.34,-34.32,2.18,-2.63,0.95

5806,0.39,-7.10,-4.71,-22.04,2.78,-33.82,1.41,-3.23,1.14

5816,-0.70,-6.18,-4.29,-22.65,3.60,-33.21,0.44,-3.32,0.92

5823,-2.15,-5.76,-3.50,-24.41,3.68,-32.74,-0.75,-3.16,0.56

5830,-2.46,-3.96,-2.97,-25.29,3.33,-32.04,-1.92,-2.82,-0.17

5837,-0.33,-0.08,-0.57,-26.89,2.48,-32.18,-3.41,-2.32,-0.77

5845,-2.73,2.63,-0.34,-27.71,2.28,-31.04,-4.89,-1.55,-1.33

5852,-2.21,5.71,0.95,-28.41,0.79,-30.52,-6.13,-0.68,-2.15

5859,-1.05,10.42,1.56,-28.97,-1.43,-30.40,-6.48,0.73,-2.96

5865,1.11,13.95,2.57,-28.27,-2.81,-29.87,-6.63,2.38,-3.50

5872,2.46,16.94,4.09,-28.06,-4.24,-30.11,-6.42,4.34,-3.85

5883,4.50,23.34,9.14,-25.64,-7.34,-30.37,-4.77,7.35,-3.73

5891,5.19,24.21,14.74,-23.68,-8.56,-30.34,-4.13,7.98,-3.07

5898,4.27,23.61,18.02,-21.72,-8.74,-31.10,-3.54,7.54,-2.37

5905,3.52,21.75,19.55,-20.05,-9.53,-31.48,-2.94,6.31,-1.57

5923,-0.01,13.93,21.33,-16.72,-10.38,-31.83,-0.69,0.67,-0.53

5936,0.37,10.03,17.35,-17.39,-10.23,-31.92,0.85,-1.77,-0.43

5943,0.83,10.39,15.14,-17.95,-9.97,-31.66,1.27,-3.01,-0.43

5950,0.80,10.54,13.77,-19.00,-9.53,-31.22,1.29,-4.09,-0.20

5960,1.41,9.56,9.52,-20.46,-8.59,-30.14,1.31,-5.09,0.29

5967,2.07,8.72,7.37,-21.95,-8.59,-30.34,1.48,-5.16,0.47

5975,1.95,7.61,5.66,-23.18,-8.24,-29.90,1.60,-4.87,0.53

5981,1.92,7.43,4.23,-24.35,-7.66,-29.00,1.51,-4.36,0.50

5988,1.73,7.19,3.26,-25.20,-7.07,-28.88,1.25,-3.66,0.40

5995,1.67,7.21,2.79,-25.67,-7.19,-28.03,0.82,-3.02,0.24

6002,1.62,7.62,2.43,-25.90,-7.10,-27.36,0.44,-2.25,0.06

6009,1.27,7.93,2.15,-26.63,-6.96,-26.45,0.08,-1.52,-0.07

6017,0.83,8.33,2.16,-27.45,-7.48,-26.86,-0.17,-0.65,-0.17

6027,0.17,8.55,3.22,-27.36,-7.13,-26.45,-0.51,0.33,-0.18

6034,-0.11,8.36,3.85,-27.62,-7.19,-26.45,-0.71,0.80,-0.11

6052,-0.53,7.67,6.31,-26.92,-8.07,-26.63,-1.00,1.60,0.20

6065,-0.35,7.22,8.32,-26.48,-8.68,-27.57,-1.04,1.49,0.36

6072,-0.04,7.36,8.88,-25.72,-8.80,-27.68,-1.01,1.17,0.38

6079,0.10,7.59,9.30,-25.67,-8.74,-27.39,-0.92,0.81,0.36

6086,0.25,7.85,9.50,-25.31,-8.74,-27.62,-0.76,0.33,0.32

6093,0.29,8.28,9.38,-25.52,-9.59,-27.57,-0.57,-0.10,0.24

6101,0.27,8.56,8.91,-25.64,-9.38,-27.71,-0.40,-0.59,0.17

6111,0.43,8.97,7.75,-25.46,-9.73,-27.36,-0.22,-1.03,0.11

6117,0.55,9.01,6.84,-25.93,-10.14,-27.62,-0.15,-1.16,0.07

6124,0.65,9.09,6.04,-25.49,-9.70,-27.59,-0.15,-1.08,0.02

6131,0.52,9.13,5.70,-25.81,-10.00,-27.33,-0.17,-0.80,-0.02

6138,0.66,9.30,5.38,-25.52,-10.32,-27.68,-0.23,-0.45,-0.11

6146,0.57,9.28,5.40,-25.90,-10.20,-27.19,-0.24,0.03,-0.19

6153,0.50,9.33,5.89,-25.55,-10.49,-28.03,-0.23,0.41,-0.28

6160,0.08,9.54,6.38,-25.43,-11.05,-28.24,-0.25,0.78,-0.35

6181,-0.33,11.02,8.40,-24.12,-11.49,-28.71,0.21,1.39,-0.30

6191,-0.09,11.05,9.61,-23.47,-12.07,-28.85,0.45,1.29,-0.13

6198,0.32,10.90,9.82,-23.21,-12.16,-29.58,0.51,1.02,-0.07

6205,0.57,10.95,9.71,-22.48,-12.31,-29.58,0.66,0.74,-0.04

6212,0.98,10.89,9.94,-22.10,-12.31,-30.14,0.82,0.50,-0.05

6219,0.80,10.57,9.55,-21.89,-12.42,-30.61,0.97,0.23,-0.06

6226,0.85,10.17,9.00,-21.69,-12.13,-30.75,1.14,0.10,-0.09

6234,0.95,9.77,8.43,-21.31,-12.04,-30.69,1.40,0.07,-0.10

6240,0.59,9.27,8.09,-20.99,-12.19,-31.19,1.64,0.08,-0.13

6250,0.24,8.40,7.77,-20.55,-12.28,-31.34,1.94,0.13,-0.06

6257,0.19,7.61,7.67,-20.02,-12.39,-31.66,2.04,0.15,0.04

6264,0.02,7.10,7.08,-19.88,-11.46,-32.13,2.20,0.22,0.15

6272,0.01,6.28,6.94,-19.29,-11.37,-32.04,2.39,0.32,0.28

6279,0.04,5.58,7.01,-19.03,-10.29,-32.83,2.60,0.38,0.38

6286,0.02,4.76,7.39,-18.42,-9.85,-33.44,2.72,0.31,0.48

6304,-0.14,3.42,6.74,-18.39,-7.83,-33.65,2.84,-0.42,0.52

6317,-0.06,3.09,5.90,-18.06,-7.72,-33.65,2.74,-1.15,0.42

6327,-0.15,3.16,4.95,-19.09,-5.90,-33.65,2.52,-1.58,0.35

6334,0.01,3.56,4.00,-19.47,-5.23,-33.94,2.28,-1.68,0.34

6341,0.03,3.63,3.64,-19.91,-5.29,-33.97,2.06,-1.58,0.38

6347,0.22,3.70,3.14,-19.70,-4.15,-33.94,1.83,-1.28,0.48

6354,0.45,3.65,3.19,-20.02,-3.65,-34.38,1.68,-0.90,0.59

6362,0.60,3.29,2.97,-20.46,-2.95,-33.97,1.60,-0.40,0.72

6369,0.93,2.77,3.29,-20.52,-2.63,-34.00,1.59,-0.12,0.88

6376,0.62,1.96,3.24,-20.14,-2.22,-33.79,1.55,0.02,1.04

6383,0.28,0.67,2.92,-20.34,-2.02,-34.00,1.52,0.01,1.12

6393,0.34,-1.42,1.36,-20.34,-1.02,-34.32,1.54,-0.29,1.15

6401,0.83,-2.81,0.43,-20.52,0.47,-34.32,1.50,-0.73,1.26

6408,0.83,-4.37,-1.06,-20.84,0.64,-33.53,1.40,-1.13,1.42

6415,0.61,-6.13,-2.58,-21.54,0.64,-33.88,1.35,-1.60,1.68

6433,-0.19,-10.11,-4.14,-23.27,2.28,-33.82,0.90,-2.59,2.05

6446,-0.56,-8.68,-2.80,-25.02,3.22,-33.32,-0.46,-3.17,1.31

6453,-1.56,-7.72,-2.50,-26.66,2.63,-33.18,-1.43,-3.06,0.24

6460,1.29,-1.72,-0.84,-27.57,2.60,-31.83,-2.67,-2.74,-0.63

6466,-1.58,-0.52,-0.59,-27.86,1.99,-31.01,-4.04,-1.90,-1.68

6476,-1.64,5.30,-0.98,-28.44,-0.26,-30.02,-5.61,-0.22,-3.40

6484,0.93,11.45,2.11,-28.79,-1.70,-29.67,-6.03,1.26,-4.43

6491,4.30,16.86,1.54,-28.21,-3.83,-29.38,-6.52,2.58,-4.86

6498,2.39,21.14,2.30,-27.19,-5.76,-28.79,-6.10,5.06,-4.83

6505,3.44,23.55,8.50,-26.07,-7.45,-29.49,-5.32,6.98,-4.35

6512,3.84,25.10,12.12,-24.09,-8.86,-30.23,-4.84,8.00,-3.52

6519,3.65,24.91,15.46,-22.27,-9.70,-30.28,-4.37,8.06,-2.60

6527,2.62,23.53,17.77,-20.46,-10.41,-30.96,-3.57,7.46,-1.53

6538,1.21,19.68,20.09,-17.51,-12.07,-31.07,-1.93,5.80,-0.18

6544,1.18,15.75,20.78,-16.19,-11.84,-32.27,-0.81,4.37,0.33

6562,1.87,9.12,19.26,-14.53,-10.99,-31.92,0.96,-0.56,0.52

6575,2.86,8.29,14.54,-15.76,-10.23,-32.21,1.14,-4.04,0.12

6582,2.91,8.28,11.05,-17.10,-9.27,-31.89,1.36,-5.03,-0.02

6589,3.32,8.08,8.18,-17.98,-9.59,-31.39,1.56,-5.55,-0.11

6596,2.64,8.02,5.90,-19.67,-9.00,-29.64,1.61,-5.55,-0.12

6603,2.68,7.67,4.09,-20.58,-8.92,-30.49,1.49,-5.19,-0.11

6610,1.45,7.34,3.00,-21.51,-8.65,-29.52,1.28,-4.65,-0.04

6621,0.52,7.06,1.87,-23.85,-8.48,-29.14,0.89,-3.48,0.05

6628,0.78,7.01,1.68,-24.47,-7.83,-28.21,0.54,-2.67,0.07

6634,0.48,6.89,1.46,-25.05,-7.95,-28.18,0.21,-1.72,0.10

6641,0.65,7.19,1.48,-25.11,-7.89,-28.27,-0.09,-0.91,0.12

6648,0.53,7.67,2.00,-25.67,-7.63,-27.95,-0.29,0.05,0.14

6656,0.62,8.00,2.63,-25.05,-7.75,-28.53,-0.47,0.80,0.15

6663,0.68,8.15,3.91,-25.72,-7.92,-28.53,-0.56,1.54,0.19

6670,0.78,8.15,5.38,-24.85,-8.24,-28.88,-0.68,1.94,0.22

6688,1.00,8.05,8.33,-24.23,-8.36,-29.67,-0.89,2.00,0.22

6704,1.11,7.73,9.78,-23.03,-8.42,-29.58,-0.66,1.36,0.07

6711,1.16,7.79,10.08,-22.71,-8.86,-29.64,-0.47,0.95,0.00

6718,0.93,7.83,10.39,-22.01,-8.97,-29.52,-0.33,0.51,-0.09

6725,0.81,7.97,10.07,-22.42,-9.30,-29.49,-0.21,-0.01,-0.18

6731,0.90,8.46,9.65,-22.07,-9.27,-29.49,-0.12,-0.39,-0.26

6738,0.93,8.87,8.97,-22.16,-9.03,-29.49,0.00,-0.72,-0.27

6746,0.82,9.12,8.33,-22.33,-9.12,-29.58,0.13,-0.85,-0.27

6753,0.94,9.10,7.82,-22.95,-9.85,-29.23,0.28,-0.90,-0.27

6764,1.05,9.15,7.06,-22.57,-9.97,-29.32,0.39,-0.79,-0.29

6771,1.29,8.90,6.60,-22.36,-9.68,-29.52,0.47,-0.55,-0.32

6777,1.37,9.01,6.49,-22.16,-9.94,-29.82,0.59,-0.29,-0.36

6785,1.35,9.11,6.58,-22.22,-10.32,-30.05,0.69,-0.02,-0.43

6792,1.20,9.20,6.60,-22.45,-10.44,-29.99,0.72,0.15,-0.48

6799,0.93,9.12,6.91,-22.13,-10.32,-30.11,0.68,0.29,-0.53

6817,0.67,9.81,8.00,-21.46,-10.87,-30.81,0.63,0.62,-0.47

6830,1.16,9.85,8.33,-20.43,-10.49,-31.25,0.73,0.86,-0.39

6837,1.62,9.88,8.92,-19.99,-10.64,-32.74,0.80,0.99,-0.39

6847,1.90,9.69,9.39,-19.50,-10.55,-32.30,1.01,1.17,-0.43

6854,2.07,9.94,9.50,-18.97,-10.41,-32.71,1.16,1.20,-0.47

6861,1.70,9.55,9.96,-17.83,-10.11,-32.71,1.43,1.22,-0.52

6869,1.54,9.21,10.15,-16.98,-10.32,-33.29,1.70,1.19,-0.58

6875,1.26,8.82,10.62,-16.72,-9.91,-33.94,1.97,1.03,-0.61

6882,1.13,8.31,10.65,-16.52,-10.08,-33.41,2.18,0.82,-0.62

6889,0.77,8.08,10.32,-16.37,-9.73,-33.91,2.41,0.50,-0.60

6896,0.56,7.72,9.96,-15.55,-9.47,-34.35,2.61,0.19,-0.50

6903,0.33,7.29,9.61,-15.05,-8.42,-34.90,2.85,-0.17,-0.37

6915,-0.12,6.33,8.67,-14.94,-7.92,-35.28,3.02,-0.70,-0.08

6921,-0.24,5.86,8.10,-15.26,-7.04,-35.31,3.04,-1.03,0.12

6928,-0.28,5.49,7.70,-14.82,-6.37,-35.02,2.99,-1.28,0.34

6946,0.37,5.03,5.87,-15.23,-4.00,-35.63,2.75,-1.60,0.86

6959,0.85,4.52,5.10,-16.05,-2.72,-35.90,2.65,-1.35,1.14

6966,0.64,4.26,4.54,-16.22,-1.64,-35.55,2.64,-1.08,1.27

6973,1.37,4.09,4.64,-16.37,-1.29,-36.36,2.63,-0.81,1.42

6980,1.03,3.37,4.69,-17.22,-0.64,-35.72,2.51,-0.61,1.57

6990,0.24,1.43,4.29,-17.57,1.23,-35.66,2.31,-0.45,1.57

6998,0.24,0.43,3.81,-17.04,2.25,-35.57,2.19,-0.33,1.42

7005,0.70,0.07,4.13,-16.78,2.48,-36.10,2.11,-0.27,1.28

7011,1.05,-0.04,4.11,-16.63,3.65,-35.93,1.93,-0.31,1.13

7018,1.28,-0.31,3.50,-17.13,3.65,-35.84,1.75,-0.33,1.11

7025,1.17,-1.16,2.86,-16.92,4.30,-35.60,1.69,-0.29,1.03

7032,1.80,-0.91,2.85,-16.54,5.23,-35.87,1.66,-0.35,0.97

7040,1.94,-1.32,1.88,-17.25,5.50,-35.57,1.59,-0.64,0.95

7047,1.97,-2.11,1.21,-17.07,5.99,-35.60,1.47,-0.97,0.99

7057,1.87,-3.11,-0.90,-17.22,6.90,-35.84,1.13,-1.42,1.19

7075,2.20,-5.84,-4.79,-19.23,7.69,-35.05,0.38,-1.87,1.54

7088,2.19,-6.19,-4.39,-20.70,8.42,-34.73,-0.12,-1.66,1.19

7095,1.11,-6.17,-3.41,-20.81,8.24,-34.52,-0.80,-1.88,0.78

7102,-0.03,-4.86,-3.15,-21.22,8.18,-34.43,-1.37,-2.08,0.16

7109,-2.07,-3.91,-1.77,-21.95,7.86,-34.61,-2.02,-2.15,-0.57

7116,1.49,1.59,-0.57,-22.71,7.63,-33.97,-2.67,-2.05,-1.38

7124,-2.18,2.73,-0.42,-23.47,6.55,-33.53,-3.56,-1.73,-1.59

7130,-1.33,6.02,2.21,-24.70,4.88,-34.05,-4.43,-0.98,-2.06

7140,-1.59,9.95,4.10,-25.31,3.51,-33.27,-5.77,0.59,-2.35

7147,-0.06,13.73,5.87,-24.85,1.29,-32.62,-6.12,2.26,-2.45

7154,0.80,15.56,8.24,-24.41,-0.15,-32.74,-6.15,3.57,-2.42

7161,2.92,16.92,9.59,-23.59,-1.70,-33.15,-5.93,4.86,-2.29

7169,2.20,18.21,12.39,-21.81,-4.74,-33.35,-4.82,6.16,-2.06

7176,2.58,19.76,17.76,-19.64,-5.55,-34.00,-3.60,6.83,-1.58

7183,2.04,18.17,22.51,-18.44,-6.11,-33.00,-2.90,6.25,-1.01

7201,0.44,13.42,23.79,-15.52,-6.90,-34.84,-1.11,2.08,0.21

7217,1.05,9.03,18.96,-15.49,-6.46,-33.85,0.40,-1.42,0.36

7224,2.09,8.53,16.57,-15.38,-5.90,-34.38,1.21,-2.35,0.30

7231,2.38,7.85,15.39,-16.28,-5.85,-34.03,1.58,-3.08,0.20

7237,2.30,7.56,12.68,-16.90,-5.29,-33.41,1.76,-3.79,0.09

7244,1.94,7.46,10.27,-18.30,-4.68,-33.73,1.83,-4.21,-0.01

7252,1.42,7.35,8.12,-20.05,-3.95,-33.59,1.82,-4.31,-0.09

7259,0.83,7.60,6.05,-21.19,-3.57,-32.59,1.77,-4.20,-0.13

7266,0.17,7.42,5.24,-22.60,-3.89,-32.36,1.62,-3.95,-0.05

7273,-0.06,7.19,4.54,-23.59,-3.65,-31.54,1.28,-3.63,0.05

7284,-0.65,6.37,3.05,-25.02,-2.84,-30.96,0.53,-3.10,0.23

7290,-0.63,5.94,2.41,-25.52,-2.63,-31.04,0.01,-2.51,0.31

7298,-0.52,5.74,2.06,-25.72,-2.48,-30.46,-0.38,-1.61,0.34

7305,-0.22,5.75,2.51,-26.22,-2.98,-30.17,-0.69,-0.72,0.30

7312,0.01,5.81,3.58,-26.31,-3.07,-29.87,-0.87,0.31,0.21

7331,0.43,6.91,7.17,-25.72,-4.15,-30.31,-1.02,1.97,-0.10

7341,0.32,7.08,10.95,-25.05,-4.00,-29.93,-0.97,2.19,-0.20

7348,0.55,7.37,10.19,-24.09,-4.56,-30.49,-0.91,1.93,-0.29

7358,0.17,8.10,9.38,-23.79,-4.71,-31.75,-0.59,1.41,-0.39

7365,0.04,8.51,11.61,-23.44,-4.71,-31.69,-0.46,0.80,-0.44

7372,0.12,8.71,10.98,-23.56,-4.91,-31.57,-0.47,0.17,-0.47

7380,-0.04,8.99,9.76,-23.09,-5.03,-31.48,-0.49,-0.40,-0.49

7386,-0.11,9.01,8.79,-23.06,-5.52,-31.66,-0.46,-0.65,-0.46

7393,-0.12,9.08,8.06,-23.06,-5.93,-31.31,-0.43,-0.63,-0.37

7400,0.07,9.01,7.65,-23.27,-6.28,-30.90,-0.42,-0.41,-0.27

7407,0.28,9.04,7.34,-22.89,-6.31,-31.10,-0.32,0.03,-0.17

7414,0.68,9.06,7.91,-22.62,-6.58,-31.66,-0.30,0.46,-0.14

7426,1.08,8.97,9.17,-22.71,-7.16,-31.72,-0.20,1.03,-0.19

7432,1.10,9.05,9.65,-22.10,-7.19,-32.07,-0.10,1.26,-0.28

7439,1.08,8.98,10.20,-21.43,-7.40,-32.51,0.04,1.40,-0.35

7457,0.67,9.06,11.33,-19.99,-8.16,-33.00,0.63,1.31,-0.61

7470,0.53,8.91,11.28,-19.18,-8.16,-33.21,0.96,0.73,-0.77

7477,0.37,8.74,10.94,-18.53,-8.04,-33.38,1.06,0.37,-0.77

7484,0.49,8.87,10.44,-17.98,-7.83,-33.91,1.17,0.07,-0.74

7491,0.47,8.74,10.03,-17.86,-8.21,-34.43,1.34,-0.07,-0.66

7498,0.43,8.73,9.35,-17.51,-8.04,-34.20,1.52,-0.08,-0.54

7509,0.51,8.23,9.09,-16.52,-7.57,-34.81,1.91,0.02,-0.33

7516,0.55,7.70,9.02,-16.57,-6.93,-34.73,2.08,0.08,-0.21

7523,0.60,7.22,8.80,-16.40,-6.81,-35.22,2.24,0.09,-0.12

7529,0.87,6.62,8.56,-16.43,-6.46,-34.96,2.32,0.11,-0.06

7536,0.79,5.96,8.30,-15.87,-5.99,-35.49,2.38,0.11,-0.01

7543,0.67,5.43,7.72,-15.84,-5.47,-35.46,2.42,0.18,0.05

7551,0.85,5.02,7.83,-15.78,-4.12,-35.49,2.41,0.22,0.13

7558,0.83,4.52,8.20,-15.08,-4.00,-35.57,2.38,0.19,0.22

7569,0.35,3.60,7.29,-14.85,-2.66,-35.84,2.11,-0.15,0.27

7587,0.56,2.58,6.22,-14.56,-1.81,-35.02,2.49,0.13,0.43

7600,0.06,1.58,6.07,-14.76,0.56,-35.63,2.50,-0.05,0.42

7606,0.30,1.78,5.88,-14.56,1.14,-35.75,2.42,-0.29,0.38

7613,0.55,1.77,5.58,-14.88,1.37,-35.63,2.23,-0.44,0.41

7620,0.06,0.95,5.17,-14.47,1.87,-36.13,2.04,-0.49,0.42

7627,0.54,0.90,4.64,-14.38,2.40,-36.19,1.86,-0.39,0.40

7634,0.59,0.66,4.13,-15.00,3.10,-35.95,1.83,-0.19,0.38

7642,0.65,0.42,4.31,-14.67,3.54,-36.31,1.90,0.19,0.40

7652,0.91,-0.48,5.39,-14.06,4.91,-36.13,1.79,0.19,0.25

7659,0.78,-0.40,4.34,-14.73,5.14,-36.04,1.79,0.06,0.15

7665,1.15,-0.40,3.85,-14.00,5.67,-36.19,1.93,-0.00,0.12

7672,0.90,-0.87,3.92,-14.18,6.49,-36.07,2.00,-0.27,0.14

7680,0.79,-1.31,2.77,-14.15,6.84,-35.81,1.85,-0.76,0.17

7687,0.85,-1.31,1.36,-14.44,8.16,-35.72,1.69,-1.39,0.26

7694,0.96,-0.93,-0.20,-14.91,8.77,-35.28,1.48,-1.85,0.42

7712,2.09,-1.52,-3.73,-15.90,9.44,-35.19,0.86,-2.66,0.99

7725,2.12,-3.41,-5.02,-17.86,10.08,-34.99,-0.10,-3.01,1.23

7735,0.98,-5.26,-5.51,-19.20,9.15,-34.70,-1.32,-3.03,1.12

7742,-0.04,-5.53,-5.56,-19.96,9.38,-34.90,-2.08,-2.67,0.90

7749,-1.17,-5.20,-4.27,-21.22,9.06,-34.26,-2.92,-2.13,0.55

7755,-3.12,-4.73,-1.77,-21.84,8.59,-34.03,-3.62,-1.28,-0.13

7762,2.23,0.40,-3.60,-22.51,7.37,-34.23,-4.56,-0.60,-0.98

7770,-0.89,2.73,1.26,-22.86,4.94,-34.41,-4.99,0.60,-1.31

7777,-1.08,5.89,4.69,-22.77,3.65,-34.43,-5.43,1.64,-1.90

7784,1.52,9.17,3.93,-22.39,2.08,-34.41,-5.65,3.00,-2.62

7791,2.18,12.67,7.32,-21.40,0.61,-35.02,-5.66,4.24,-2.97

7808,2.37,15.91,11.64,-19.35,-2.34,-34.99,-5.45,5.79,-2.73

7815,2.69,18.50,15.23,-18.18,-3.92,-35.17,-5.02,5.75,-2.38

7822,1.86,18.13,17.83,-15.38,-6.46,-34.76,-4.57,5.38,-1.50

7828,1.59,17.33,19.64,-14.29,-7.69,-35.14,-3.88,4.77,-0.71

7847,2.30,13.42,23.85,-11.84,-8.71,-34.87,-1.72,1.73,1.03

7860,5.15,10.84,20.36,-11.58,-7.92,-34.46,0.20,-0.20,0.91

7866,6.22,9.99,18.30,-12.39,-7.60,-35.11,0.95,-1.39,0.51

7873,6.37,9.95,16.08,-13.24,-7.13,-34.67,1.14,-2.44,-0.07

7883,4.76,10.62,12.25,-13.80,-6.81,-34.46,0.97,-3.87,-0.50

7890,3.98,10.35,9.19,-15.20,-6.58,-32.97,1.04,-4.17,-0.63

7898,2.83,9.99,7.29,-15.87,-6.08,-33.32,1.24,-4.04,-0.67

7905,2.02,9.20,5.88,-18.27,-5.88,-33.67,1.31,-3.78,-0.63

7912,1.46,8.87,4.99,-18.65,-5.58,-32.74,1.08,-3.34,-0.51

7919,0.75,8.29,3.07,-19.56,-5.96,-32.59,0.77,-2.74,-0.25

7926,0.55,7.85,2.63,-19.91,-5.82,-32.45,0.50,-1.75,-0.01

7934,0.80,7.06,2.66,-20.52,-5.58,-32.51,0.26,-0.89,0.23

7940,1.14,6.59,2.81,-20.55,-5.38,-32.56,0.02,0.06,0.38

7951,1.60,5.74,4.59,-20.78,-5.58,-32.48,-0.24,1.08,0.41

7958,1.64,5.31,6.05,-20.17,-4.94,-33.27,-0.47,1.40,0.29

7977,1.34,6.55,8.49,-19.47,-6.08,-33.73,-0.71,1.21,-0.06

7989,1.06,7.16,9.52,-18.77,-6.26,-33.79,-0.58,0.71,-0.02

7996,1.08,7.28,9.65,-18.44,-6.96,-33.91,-0.50,0.40,0.04

8003,0.97,7.21,9.56,-18.15,-6.72,-34.00,-0.37,0.04,0.13

8009,1.06,7.10,9.41,-18.30,-7.31,-34.00,-0.25,-0.19,0.20

8016,1.41,6.88,8.87,-18.15,-7.48,-33.32,-0.15,-0.41,0.26

8024,1.59,6.66,8.49,-18.06,-7.28,-33.18,-0.04,-0.50,0.28

8034,1.93,6.47,8.01,-18.33,-7.04,-34.05,0.13,-0.46,0.23

8041,1.96,6.36,7.65,-18.62,-6.78,-33.47,0.22,-0.41,0.15

8048,1.77,6.33,7.54,-18.42,-6.84,-33.76,0.24,-0.39,0.03

8055,1.58,6.30,7.23,-18.21,-6.81,-33.50,0.22,-0.39,-0.07

8063,1.27,6.54,6.86,-18.33,-6.90,-33.44,0.19,-0.41,-0.16

8069,1.16,6.76,6.76,-18.44,-7.13,-33.35,0.13,-0.42,-0.20

8076,0.95,6.79,6.50,-18.24,-7.42,-33.41,0.04,-0.41,-0.18

8083,0.84,6.86,6.31,-18.53,-0.18,-32.89,-0.05,-0.33,-0.12

8106,0.83,6.41,6.65,-18.33,-7.72,-33.65,-0.07,0.10,0.09

8115,0.87,6.12,6.96,-18.24,-7.66,-33.76,-0.03,0.13,0.11

8122,0.94,5.80,7.07,-17.92,-7.98,-33.59,-0.03,0.06,0.08

8129,0.93,5.48,6.78,-18.06,-7.83,-33.38,-0.04,-0.02,0.04

8135,0.78,5.38,6.73,-18.01,-8.16,-33.32,0.02,-0.02,0.01

8142,0.65,5.25,6.56,-17.57,-7.95,-33.59,0.06,-0.03,-0.01

8150,0.53,5.38,6.53,-17.68,-7.86,-33.65,0.06,-0.07,-0.04

8157,0.28,5.72,6.56,-17.54,-8.36,-34.11,0.05,-0.14,-0.06

8164,0.52,6.28,6.55,-17.04,-8.18,-34.03,-0.01,-0.27,-0.07

8174,0.19,6.35,6.27,-17.10,-8.45,-33.73,-0.12,-0.32,-0.03

8181,0.45,6.86,6.39,-17.60,-8.16,-33.88,-0.13,-0.26,0.04

8188,0.62,6.84,6.58,-17.63,-8.36,-34.08,-0.11,-0.15,0.12

8195,0.77,6.79,7.01,-17.51,-8.71,-33.79,-0.08,-0.05,0.17

8202,1.00,6.77,7.39,-17.60,-8.36,-34.08,-0.05,0.00,0.19

8209,1.05,6.53,7.50,-17.51,-8.89,-34.26,-0.03,-0.03,0.16

8227,0.99,6.31,7.26,-17.22,-8.97,-33.73,0.04,-0.24,0.00

8240,0.77,6.22,6.85,-17.54,-8.71,-34.20,0.07,-0.29,-0.05

8247,0.68,6.17,6.68,-17.25,-8.97,-33.59,0.07,-0.27,-0.06

8257,0.52,6.36,6.79,-17.77,-8.74,-33.97,0.10,-0.18,-0.07

8264,0.60,6.50,6.66,-17.80,-8.65,-34.03,0.08,-0.18,-0.06

8271,0.66,6.58,6.66,-17.48,-8.71,-34.38,0.11,-0.14,-0.02

8279,0.70,6.49,6.69,-18.15,-8.86,-34.32,0.14,-0.13,0.01

8286,0.67,6.35,6.64,-17.83,-8.80,-33.88,0.17,-0.13,0.03

8292,0.82,6.14,6.58,-17.39,-8.54,-33.85,0.20,-0.14,0.04

8299,0.81,6.07,6.35,-17.60,-8.92,-33.76,0.21,-0.17,0.04

8306,0.75,5.98,6.21,-17.39,-8.30,-33.53,0.20,-0.19,0.03

8313,0.68,5.94,6.02,-17.16,-8.68,-33.12,0.17,-0.17,0.03

8325,0.77,5.97,5.90,-17.42,-8.89,-34.41,0.09,-0.08,0.03

8331,0.78,6.08,5.98,-17.98,-8.94,-33.79,0.03,0.01,0.03

8338,0.85,6.17,5.97,-17.57,-8.74,-34.00,-0.04,0.10,0.03

8356,0.98,6.37,6.45,-17.28,-8.89,-34.32,-0.12,0.33,0.04

8369,1.11,6.21,8.08,-17.45,-8.74,-34.05,-0.16,0.29,0.04

8376,1.18,5.97,8.08,-17.07,-8.48,-33.76,-0.13,0.03,0.01

8383,1.16,6.07,7.96,-17.77,-8.83,-34.32,0.02,-0.09,-0.03

8390,1.15,6.13,7.94,-17.42,-8.33,-34.17,0.16,-0.20,-0.06

8400,1.08,6.22,7.62,-17.45,-9.00,-32.89,0.24,-0.39,-0.09

8408,1.09,6.35,7.02,-17.28,-8.59,-33.18,0.24,-0.44,-0.08

8414,1.11,6.37,6.58,-17.54,-8.39,-33.03,0.24,-0.42,-0.08

8421,1.06,6.07,6.55,-17.74,-8.56,-33.65,0.22,-0.35,-0.09

8428,1.08,6.04,6.58,-17.19,-8.54,-33.56,0.17,-0.30,-0.09

8435,1.08,6.01,6.58,-17.68,-8.86,-33.59,0.13,-0.27,-0.10

8442,1.04,6.00,6.50,-18.01,-7.98,-33.97,0.10,-0.23,-0.09

8450,0.81,5.87,6.61,-17.86,-8.18,-33.09,0.09,-0.21,-0.07

8457,0.89,5.84,6.70,-17.77,-8.68,-32.94,0.06,-0.20,-0.05

8467,0.80,5.85,6.69,-17.80,-8.62,-33.09,0.01,-0.20,-0.02

8485,1.00,6.46,6.73,-18.01,-8.01,-33.73,-0.06,-0.14,0.06

8498,1.09,6.58,7.11,-18.24,-8.62,-33.88,-0.05,-0.11,0.04

8505,1.04,6.65,7.26,-18.01,-8.59,-32.91,-0.06,-0.15,0.02

8512,0.98,6.70,7.24,-18.36,-8.74,-33.24,-0.04,-0.19,-0.01

8519,0.85,6.71,7.23,-18.18,-8.71,-33.29,-0.04,-0.27,-0.03

8526,0.78,6.81,7.19,-18.06,-9.09,-33.21,-0.02,-0.31,-0.03

8534,0.68,6.63,7.09,-18.18,-8.86,-33.09,0.00,-0.36,-0.01

8540,0.55,6.56,7.00,-18.56,-8.80,-33.03,0.01,-0.36,0.02

8551,0.48,6.56,6.90,-18.68,-9.00,-33.38,0.00,-0.37,0.08

8557,0.68,6.65,6.96,-19.06,-9.18,-33.03,-0.01,-0.36,0.11

8564,0.76,6.76,6.94,-18.77,-8.74,-33.21,-0.02,-0.34,0.14

8571,0.77,6.95,6.98,-18.80,-9.06,-33.03,-0.03,-0.31,0.15

8579,0.84,7.06,6.97,-19.20,-8.56,-32.89,-0.05,-0.28,0.13

8586,0.80,7.22,7.06,-19.09,-8.83,-32.86,-0.07,-0.26,0.10

8593,0.83,7.28,7.13,-19.00,-8.97,-33.09,-0.08,-0.19,0.08

8611,0.89,7.91,8.99,-19.09,-8.77,-32.89,-0.04,-0.18,0.03

8627,0.65,8.47,9.93,-19.47,-9.09,-33.06,0.20,-0.64,0.02

8634,0.45,8.76,9.50,-19.26,-8.86,-32.45,0.33,-0.87,0.07

8641,0.57,9.18,9.01,-18.91,-8.77,-32.56,0.45,-0.95,0.16

8648,0.97,9.32,8.63,-19.53,-8.24,-32.10,0.56,-0.94,0.23

8654,0.96,8.81,8.08,-19.79,-7.95,-32.71,0.64,-0.84,0.27

8662,1.01,8.65,7.72,-20.23,-7.60,-32.21,0.68,-0.65,0.28

8669,1.12,8.37,7.73,-20.37,-8.01,-31.92,0.67,-0.47,0.26

8676,1.05,7.99,7.75,-20.26,-7.78,-32.65,0.65,-0.25,0.20

8683,1.03,7.71,7.89,-19.82,-7.86,-32.21,0.62,-0.08,0.08

8694,0.95,7.55,7.87,-20.26,-7.78,-33.06,0.55,0.13,-0.07

8700,0.85,7.34,7.80,-19.88,-7.80,-32.94,0.52,0.29,-0.15

8708,0.78,7.11,7.72,-19.79,-7.92,-32.62,0.53,0.43,-0.22

8715,0.57,6.99,7.57,-19.67,-7.78,-33.50,0.57,0.59,-0.26

8722,0.37,6.91,8.13,-19.53,-7.72,-33.50,0.64,0.70,-0.28

8740,0.24,6.25,8.89,-18.44,-7.66,-33.97,0.91,0.50,-0.22

8753,0.32,6.27,8.51,-18.09,-7.07,-34.41,1.12,0.20,-0.13

8760,0.60,6.39,7.80,-17.77,-7.07,-34.29,1.20,0.15,-0.08

8767,0.72,6.40,7.36,-17.51,-6.23,-34.11,1.23,0.19,-0.04

8777,0.94,6.10,6.78,-17.30,-6.02,-34.58,1.21,0.35,-0.04

8784,0.83,5.79,6.64,-17.48,-5.93,-34.81,1.14,0.49,-0.07

8791,0.92,5.20,6.70,-16.87,-6.05,-35.02,1.07,0.59,-0.14

8798,0.94,4.85,6.77,-16.54,-6.02,-35.02,1.00,0.69,-0.21

8805,0.95,4.41,6.87,-15.87,-5.23,-35.05,0.97,0.73,-0.27

8812,0.79,3.80,7.00,-15.93,-5.17,-35.69,1.00,0.74,-0.35

8819,0.65,3.36,6.81,-15.67,-4.59,-35.60,1.02,0.69,-0.40

8826,0.40,2.93,6.49,-15.00,-4.94,-36.04,1.11,0.66,-0.45

8834,0.28,2.61,6.38,-14.56,-4.21,-35.57,1.20,0.65,-0.45

8844,0.11,2.61,6.24,-14.21,-4.44,-35.78,1.30,0.58,-0.34

8851,0.32,2.65,6.20,-14.26,-3.62,-36.57,1.30,0.44,-0.23

8869,0.73,2.51,5.24,-13.50,-3.01,-36.10,1.12,0.03,0.11

8882,0.83,2.61,4.74,-13.80,-2.34,-36.42,0.83,-0.21,0.30

8889,0.47,3.37,4.03,-13.27,-1.96,-36.31,0.60,-0.36,0.52

8896,0.49,2.50,3.61,-13.53,-1.90,-36.48,0.40,-0.46,0.78

8902,0.95,1.15,3.27,-14.24,-1.75,-36.04,0.31,-0.58,1.04

8909,0.97,-0.03,2.58,-14.03,-2.19,-35.75,0.35,-0.77,1.18

8917,1.16,-1.96,2.05,-14.38,-1.26,-35.98,0.56,-1.05,1.32

8927,0.65,-4.99,1.17,-15.17,-1.78,-35.93,0.83,-1.74,1.22

8934,0.05,-5.81,1.22,-15.32,-1.46,-36.04,0.74,-2.36,1.16

8941,0.38,-6.38,0.70,-17.04,-0.23,-35.60,0.06,-3.30,1.08

8948,-0.16,-3.69,-0.98,-18.12,-0.32,-35.19,-0.60,-3.71,0.99

8955,-1.00,-4.34,-1.18,-19.23,-0.12,-35.28,-1.14,-3.50,0.76

8962,-1.53,-3.15,-0.71,-20.26,-0.96,-34.84,-1.68,-2.89,0.28

8969,0.26,1.97,1.00,-21.28,-0.91,-33.97,-2.31,-2.17,0.17

8976,-1.35,3.45,1.39,-21.92,-0.91,-33.73,-3.09,-1.34,-0.24

8997,1.05,14.08,9.30,-23.24,-3.83,-31.95,-4.67,1.51,-1.32

9008,0.89,16.08,10.03,-22.62,-5.88,-32.10,-4.70,1.88,-1.27

9015,-0.30,17.41,13.32,-21.95,-6.87,-31.51,-4.16,2.05,-1.03

9021,-0.11,17.39,13.84,-21.28,-8.33,-31.25,-3.27,2.22,-0.89

9028,-0.64,16.36,15.56,-20.93,-8.83,-30.87,-2.16,2.29,-0.45

9035,-0.32,16.20,17.60,-20.61,-8.92,-31.01,-1.37,1.82,0.04

9042,0.02,13.50,17.87,-20.46,-9.06,-31.28,-0.77,0.78,0.35

9050,0.57,11.41,16.54,-20.46,-8.59,-31.31,-0.37,-0.18,0.44

9057,1.13,9.91,15.05,-20.87,-8.71,-30.75,0.05,-1.08,0.32

9067,1.55,8.95,11.75,-20.87,-8.83,-29.82,0.48,-1.82,0.08

9074,1.49,8.59,10.11,-21.43,-8.04,-30.49,0.74,-2.05,-0.10

9081,1.00,8.13,8.34,-22.60,-8.10,-30.25,0.90,-2.10,-0.21

9088,0.39,8.19,6.95,-23.41,-7.57,-29.00,0.99,-1.98,-0.28

9095,-0.17,8.18,6.12,-23.50,-6.99,-28.91,0.96,-1.80,-0.17

9102,-0.45,8.52,5.20,-24.38,-6.90,-28.85,0.77,-1.61,-0.14

9120,-0.78,8.07,3.73,-25.34,-6.46,-28.71,0.10,-0.96,0.32

9133,-0.70,7.20,3.60,-25.11,-6.46,-28.18,-0.23,-0.28,0.57

9143,-0.34,6.09,5.13,-25.52,-6.34,-28.85,-0.57,0.15,0.62

9150,-0.36,5.85,6.30,-25.23,-6.43,-28.50,-0.88,0.07,0.53

9157,-1.20,5.26,6.73,-25.40,-6.46,-28.27,-1.09,-0.17,0.40

9164,0.00,6.31,8.08,-25.78,-6.37,-27.86,-1.36,-0.45,0.14

9172,0.10,7.00,8.38,-25.69,-7.22,-27.48,-1.53,-0.94,0.06

9178,0.11,7.27,7.78,-26.16,-7.37,-26.89,-1.58,-1.24,-0.01

9185,-0.13,6.99,7.52,-26.28,-7.42,-26.45,-1.51,-1.31,-0.09

9192,0.07,7.86,6.51,-26.40,-7.89,-26.43,-1.34,-1.22,-0.17

9199,-0.04,7.57,6.44,-26.92,-7.80,-26.40,-1.19,-1.05,-0.19

9210,-0.01,7.29,6.33,-27.10,-8.51,-26.16,-1.12,-0.79,-0.20

9218,0.15,7.47,6.27,-27.62,-8.59,-25.43,-1.14,-0.60,-0.17

9225,0.30,7.45,6.51,-27.59,-8.94,-25.29,-1.08,-0.33,-0.16

9231,0.32,7.34,6.91,-27.74,-9.03,-25.64,-0.91,-0.09,-0.17

9249,-0.07,8.00,7.22,-27.54,-9.65,-24.70,-0.27,0.07,-0.24

9262,-0.52,7.84,6.71,-27.65,-9.62,-25.14,0.07,-0.03,-0.24

9269,-0.42,7.65,6.56,-27.57,-9.35,-25.23,0.17,-0.13,-0.25

9276,-0.37,7.34,5.84,-27.33,-9.73,-25.23,0.16,-0.31,-0.25

9286,-0.41,6.65,4.92,-27.36,-9.68,-24.82,0.08,-0.41,-0.30

9293,-0.58,6.62,4.51,-27.62,-9.47,-24.99,-0.02,-0.38,-0.39

9301,-0.62,6.70,4.02,-27.71,-9.32,-24.58,-0.16,-0.34,-0.39

9308,-0.85,6.18,4.03,-27.80,-9.79,-25.34,-0.28,-0.25,-0.40

9315,-0.65,6.35,4.50,-27.97,-9.94,-24.67,-0.47,-0.18,-0.40

9322,-0.70,6.52,4.65,-27.86,-9.65,-25.02,-0.59,-0.07,-0.36

9329,-0.63,6.60,5.51,-28.53,-9.79,-24.38,-0.64,0.00,-0.24

9335,-0.59,6.73,5.97,-28.21,-9.88,-24.06,-0.66,-0.02,-0.25

9343,-0.24,6.92,6.33,-27.97,-9.94,-24.26,-0.62,-0.09,-0.24

9354,-0.39,7.05,5.99,-27.80,-9.88,-23.85,-0.35,-0.00,-0.29

9361,-0.26,7.21,6.12,-28.09,-10.11,-23.94,-0.17,-0.09,-0.33

9379,-0.41,7.21,4.66,-28.27,-10.46,-23.71,-0.19,-0.44,-0.49

9392,-0.65,7.75,4.01,-28.24,-10.03,-23.33,-0.35,-0.31,-0.50

9399,-0.40,8.10,3.93,-28.53,-10.26,-23.59,-0.50,-0.19,-0.48

9406,-0.40,8.40,4.29,-28.56,-10.17,-23.18,-0.63,-0.01,-0.45

9413,-0.28,8.56,4.49,-28.56,-10.76,-22.45,-0.81,-0.04,-0.42

9420,0.04,8.76,4.37,-28.44,-10.29,-22.19,-0.92,0.00,-0.39

9431,0.06,8.99,4.46,-28.41,-9.97,-21.95,-0.94,0.14,-0.33

9438,0.26,8.92,4.77,-27.92,-10.14,-22.39,-0.84,0.31,-0.26

9445,0.25,8.43,5.20,-28.33,-10.17,-21.86,-0.75,0.41,-0.20

9451,0.07,7.61,5.30,-28.35,-10.32,-21.72,-0.73,0.40,-0.11

9458,-0.32,7.39,5.98,-28.97,-10.00,-21.31,-0.75,0.25,-0.20

9465,-0.20,7.90,5.54,-28.18,-10.49,-21.69,-0.80,0.04,-0.29

9473,-0.34,8.46,5.35,-28.56,-10.26,-21.43,-0.74,-0.00,-0.33

9480,-0.76,8.31,5.19,-28.82,-10.29,-21.02,-0.71,0.06,-0.36

9487,-1.11,8.48,7.19,-28.33,-10.03,-21.40,-0.59,0.14,-0.30

9508,-0.14,9.30,6.17,-28.73,-10.29,-20.93,-0.34,0.18,0.05

9521,0.21,9.01,6.44,-28.68,-9.35,-20.99,-0.10,-0.04,0.20

9528,0.42,8.86,6.27,-28.73,-9.21,-21.37,0.03,-0.20,0.17

9535,0.37,8.74,6.09,-28.91,-9.06,-20.84,0.13,-0.37,0.10

9541,0.45,8.76,5.84,-28.62,-9.03,-20.64,0.18,-0.57,0.02

9548,0.54,8.45,5.16,-28.76,-8.83,-20.34,0.20,-0.70,-0.07

9556,0.15,8.46,4.49,-29.06,-8.80,-19.99,0.24,-0.73,-0.14

9563,0.14,8.24,4.26,-29.09,-9.21,-19.73,0.24,-0.69,-0.18

9574,-0.04,8.13,3.89,-29.79,-8.45,-20.05,0.09,-0.48,-0.14

9581,-0.11,8.20,3.84,-29.61,-8.13,-19.91,-0.04,-0.31,-0.08

9588,-0.09,8.10,3.87,-29.47,-8.33,-20.23,-0.12,-0.08,-0.00

9594,-0.12,7.96,4.26,-29.67,-8.39,-20.14,-0.15,0.10,0.04

9602,-0.11,8.13,4.72,-29.90,-8.07,-20.02,-0.15,0.24,0.06

9609,-0.20,8.16,5.33,-30.14,-7.98,-18.85,-0.11,0.27,0.05

9616,-0.07,8.45,5.58,-30.14,-7.80,-18.82,-0.08,0.21,0.03

9634,-0.20,8.45,5.47,-30.55,-8.04,-18.97,0.01,-0.08,0.08

9647,-0.05,8.40,5.59,-30.23,-7.16,-18.77,0.08,-0.20,0.08

9657,0.22,8.15,5.41,-30.40,-7.28,-18.65,0.13,-0.27,0.07

9664,0.17,7.98,5.33,-30.49,-7.34,-18.77,0.16,-0.28,0.03

9671,0.29,7.80,5.16,-30.55,-7.28,-17.98,0.22,-0.26,-0.02

9678,0.35,7.71,5.13,-30.31,-6.61,-18.68,0.31,-0.21,-0.05

9685,0.19,7.42,5.23,-30.66,-6.14,-18.80,0.40,-0.20,-0.13

9692,0.04,7.54,4.95,-30.69,-6.31,-18.80,0.42,-0.23,-0.25

9699,-0.22,7.65,5.12,-30.55,-6.58,-18.68,0.46,-0.32,-0.31

9706,-0.47,7.79,4.86,-30.75,-6.78,-18.56,0.43,-0.47,-0.35

9717,-0.40,8.52,4.59,-31.13,-6.90,-18.01,0.28,-0.73,-0.33

9724,-0.75,8.34,4.19,-31.48,-6.46,-18.01,0.16,-0.81,-0.25

9731,-0.57,8.53,3.93,-31.28,-6.75,-17.25,0.05,-0.81,-0.19

9738,-0.46,8.63,3.58,-31.16,-6.58,-16.78,-0.02,-0.68,-0.10

9745,-0.39,8.41,3.45,-30.93,-6.87,-16.37,-0.05,-0.38,-0.04

9763,0.12,8.29,4.42,-31.45,-6.02,-16.92,0.07,0.39,0.07

9776,0.14,7.54,5.18,-31.83,-5.50,-16.87,0.13,0.46,0.00

9783,0.11,7.15,5.33,-31.75,-5.88,-16.69,0.14,0.34,-0.05

9790,-0.01,7.06,5.58,-31.83,-6.08,-16.87,0.08,0.18,-0.14

9800,0.09,7.56,5.48,-31.66,-6.31,-16.75,-0.06,-0.05,-0.33

9807,0.26,8.26,4.90,-31.60,-5.47,-16.90,-0.11,-0.13,-0.40

9815,0.29,8.62,4.98,-31.42,-5.03,-17.01,-0.05,-0.10,-0.44

9821,0.72,8.84,4.26,-31.69,-4.94,-16.43,0.01,0.02,-0.44

9828,0.45,8.77,4.82,-31.45,-5.17,-16.87,0.10,0.20,-0.40

9835,0.36,8.51,4.72,-31.66,-5.32,-16.54,0.11,0.32,-0.40

9842,0.29,8.18,4.92,-31.39,-5.35,-15.93,0.11,0.42,-0.43

9849,0.07,7.93,5.05,-31.31,-4.82,-16.63,0.11,0.48,-0.47

9857,0.08,7.84,5.21,-31.60,-5.44,-17.54,0.09,0.45,-0.54

9867,-0.06,8.05,5.36,-31.31,-5.09,-16.72,0.03,0.24,-0.63

9874,-0.04,8.11,5.37,-31.31,-4.94,-16.11,-0.00,0.02,-0.65

9892,-3.42,2.81,9.38,-31.66,-5.38,-16.40,0.03,-0.92,0.01

9905,-1.67,6.50,2.37,-31.42,-5.29,-15.58,0.15,-0.92,0.14

9912,0.04,10.12,2.82,-31.89,-5.17,-16.28,0.17,-0.73,0.21

9919,0.05,8.69,4.13,-32.01,-5.29,-15.67,0.34,-0.54,0.26

9926,0.61,8.59,4.93,-32.24,-5.47,-15.87,0.44,-0.43,0.26

9933,0.66,8.02,4.97,-31.95,-5.03,-15.52,0.44,-0.33,0.27

9940,1.05,8.16,4.57,-32.04,-4.74,-16.11,0.40,-0.32,0.24

9951,1.51,8.43,5.18,-32.07,-4.74,-15.61,0.41,-0.38,0.10

9957,0.45,8.08,5.28,-32.15,-4.24,-16.14,0.33,-0.42,0.06

9964,0.51,8.43,5.08,-32.07,-4.24,-15.26,0.23,-0.40,0.04

9971,1.16,8.47,5.36,-32.45,-3.92,-16.11,0.48,-0.04,-0.04

9978,-0.32,8.61,5.78,-32.77,-4.21,-15.76,0.20,0.06,0.07

9986,0.12,7.19,6.00,-32.89,-3.86,-16.49,-0.03,-0.02,0.04

9993,0.67,8.18,4.88,-33.12,-4.12,-16.66,-0.17,-0.22,-0.07

9999,0.34,8.13,4.39,-32.71,-4.97,-15.78,-0.21,-0.23,-0.11

10021,1.30,8.86,5.96,-33.35,-3.39,-15.99,-0.29,-0.08,0.01

10031,-0.34,8.34,5.84,-33.06,-3.89,-15.81,0.04,0.37,0.26

10038,-1.34,7.85,4.30,-33.00,-3.36,-16.31,-0.04,0.45,0.30

10045,-1.44,8.15,4.40,-32.86,-3.51,-16.87,-0.21,0.15,0.16

10052,-1.15,7.98,5.81,-33.47,-3.86,-16.87,-0.27,0.04,0.07

10059,-1.41,8.33,1.23,-33.29,-3.57,-16.69,-0.36,-0.11,-0.00

10066,-0.63,8.23,4.90,-32.62,-3.68,-16.54,-0.43,-0.13,-0.08

10074,-1.07,8.67,7.28,-32.04,-2.98,-16.63,-0.51,-0.09,-0.03

10081,0.62,12.32,8.35,-33.35,-3.65,-17.04,-0.52,0.05,0.08

10100,0.19,5.02,5.73,-33.03,-2.98,-16.95,-0.38,0.49,0.28

10106,-0.26,6.30,7.20,-32.86,-2.66,-18.06,-0.43,0.43,0.38

10114,0.17,6.60,5.78,-33.18,-2.84,-17.80,-0.41,0.41,0.22

10121,-1.63,7.11,8.33,-33.15,-2.95,-17.57,-0.36,0.20,0.11

10128,-0.30,7.11,4.49,-32.48,-2.86,-17.60,-0.36,-0.13,-0.01

10135,0.24,8.35,5.11,-32.45,-3.22,-17.01,-0.24,-0.33,-0.15

10154,0.75,8.88,3.85,-32.68,-3.42,-17.71,0.11,-0.34,-0.16

10166,0.22,8.98,3.69,-33.29,-3.33,-17.60,0.20,-0.20,-0.04

10176,0.50,8.15,5.51,-33.09,-3.10,-17.63,0.19,0.00,0.00

10183,0.13,8.76,4.73,-33.21,-2.89,-17.54,0.07,0.05,0.03

10190,0.04,7.48,6.03,-33.35,-2.98,-17.25,-0.07,0.08,0.09

10198,0.18,8.03,4.89,-33.03,-2.37,-17.33,-0.07,0.07,0.08

10205,-0.31,8.18,2.29,-33.32,-2.48,-18.47,-0.07,0.08,0.06

10212,0.78,7.61,5.23,-33.44,-2.69,-18.62,0.06,0.10,0.06

10219,-0.06,8.18,4.52,-32.71,-3.24,-18.30,0.04,0.11,0.09

10226,-0.41,7.15,4.17,-32.89,-2.84,-18.01,-0.01,0.08,0.06

10233,0.32,8.37,5.79,-33.79,-1.93,-18.85,0.03,0.05,0.08

10245,-0.03,8.20,4.87,-33.56,-2.08,-18.39,0.12,-0.01,0.04

10252,-0.14,8.36,4.52,-34.00,-2.69,-18.74,0.22,-0.10,-0.02

10259,0.04,8.39,5.10,-33.62,-2.13,-18.42,0.16,-0.10,-0.04

10265,0.04,7.98,5.91,-33.21,-2.13,-18.68,-0.04,-0.08,-0.01

10285,0.05,7.95,4.31,-33.59,-2.72,-19.12,0.05,-0.08,-0.02

10297,0.06,8.58,4.32,-33.91,-2.13,-19.09,0.01,-0.06,-0.02

10304,0.14,8.08,3.68,-33.67,-2.48,-18.94,-0.01,-0.04,0.00

10311,0.17,8.36,4.50,-33.73,-2.51,-19.50,-0.03,-0.02,0.02

10321,0.05,8.36,5.30,-33.00,-2.40,-18.85,0.04,0.00,0.02

10329,0.32,8.56,5.11,-33.06,-2.37,-18.97,0.05,0.05,0.03

10336,0.14,8.12,5.07,-33.21,-2.08,-19.32,0.05,0.02,0.03

10342,0.13,7.96,5.15,-33.00,-2.78,-18.88,0.09,-0.04,0.01

10349,0.12,8.14,4.92,-33.27,-2.95,-18.82,0.08,-0.09,-0.02

10356,0.04,8.28,4.81,-33.15,-2.51,-19.00,0.04,-0.09,-0.02

10363,0.11,8.23,4.54,-32.97,-2.66,-18.97,0.02,-0.08,-0.01

10371,0.02,8.33,4.43,-33.15,-1.87,-19.53,0.04,-0.08,-0.01

10378,-0.02,8.25,4.64,-33.03,-1.96,-18.85,0.07,-0.09,-0.01

10389,0.04,8.26,4.69,-33.50,-2.51,-18.39,0.06,-0.08,-0.01

10396,0.06,8.32,4.64,-33.47,-2.10,-19.09,0.05,-0.08,-0.01

10415,0.07,8.23,4.67,-33.15,-2.31,-18.24,0.05,-0.08,-0.01

10427,0.05,8.23,4.70,-33.56,-2.19,-18.65,0.05,-0.08,-0.01

10434,0.04,8.25,4.61,-33.12,-1.93,-18.47,0.05,-0.08,-0.01

10441,0.08,8.23,4.77,-33.12,-1.78,-18.88,0.05,-0.08,-0.01

10448,0.05,8.21,4.70,-33.29,-2.81,-18.30,0.05,-0.08,-0.01

10456,0.05,8.18,4.70,-33.00,-2.05,-18.09,0.05,-0.08,-0.01

10463,0.04,8.26,4.72,-33.27,-2.34,-18.82,0.05,-0.08,-0.01

10473,0.03,8.22,4.62,-33.44,-2.37,-18.30,0.05,-0.08,-0.01

10480,0.01,8.24,4.67,-33.29,-2.51,-18.68,0.04,-0.08,-0.01

10487,0.04,8.20,4.68,-33.53,-1.78,-18.36,0.05,-0.08,-0.01

10495,0.04,8.26,4.64,-33.38,-1.72,-18.47,0.05,-0.08,-0.01

10502,0.05,8.21,4.62,-33.06,-1.87,-18.88,0.04,-0.08,-0.01

10509,0.02,8.22,4.67,-33.32,-2.72,-18.44,0.05,-0.08,-0.01

10515,0.04,8.23,4.62,-32.89,-2.22,-17.92,0.05,-0.08,-0.02

10522,0.03,8.25,4.64,-32.97,-2.05,-18.53,0.05,-0.08,-0.01

10545,0.02,8.18,4.62,-33.09,-1.99,-18.39,0.06,-0.08,-0.01

10554,0.04,8.18,4.74,-32.97,-2.10,-18.39,0.06,-0.08,-0.01

10561,0.09,8.21,4.66,-33.50,-2.08,-19.06,0.06,-0.08,-0.01

10568,0.03,8.16,4.71,-33.44,-2.22,-18.36,0.06,-0.08,-0.01

10575,0.03,8.23,4.74,-33.35,-2.25,-18.09,0.05,-0.08,-0.01

10583,0.03,8.20,4.67,-33.44,-2.60,-18.33,0.05,-0.08,-0.01

10590,0.05,8.20,4.75,-33.29,-2.34,-18.04,0.04,-0.08,-0.01

10597,0.06,8.18,4.71,-33.35,-2.05,-19.26,0.05,-0.08,-0.01

10604,0.02,8.16,4.59,-33.03,-2.08,-18.39,0.05,-0.08,-0.01

10614,0.04,8.32,4.65,-32.91,-2.19,-18.56,0.05,-0.08,-0.01

10622,0.06,8.26,4.70,-32.59,-1.96,-18.80,0.05,-0.08,-0.01

10629,0.04,8.21,4.67,-32.74,-1.64,-19.18,0.05,-0.08,-0.01

10636,0.03,8.18,4.63,-33.06,-1.96,-19.23,0.05,-0.08,-0.01

10643,0.04,8.21,4.64,-33.29,-2.57,-18.74,0.05,-0.08,-0.01

10649,0.03,8.18,4.71,-33.27,-2.08,-18.42,0.06,-0.08,-0.01

10668,0.04,8.29,4.62,-33.21,-2.25,-17.98,0.05,-0.08,-0.01

10681,0.11,8.26,4.66,-32.83,-2.19,-18.30,0.05,-0.09,-0.01

10691,0.04,8.27,4.66,-33.15,-2.28,-18.27,0.05,-0.08,-0.01

10697,0.03,8.20,4.75,-32.71,-2.05,-18.18,0.05,-0.08,-0.01

10704,0.03,8.20,4.67,-32.97,-2.25,-18.44,0.05,-0.08,-0.01

10712,0.04,8.29,4.65,-33.12,-1.99,-18.15,0.05,-0.08,-0.01

10719,0.05,8.23,4.73,-33.38,-1.58,-18.15,0.05,-0.08,-0.01

10726,0.02,8.18,4.77,-33.35,-1.96,-18.30,0.05,-0.08,-0.02

10733,0.03,8.18,4.70,-32.94,-1.93,-18.15,0.05,-0.08,-0.01

10740,0.08,8.21,4.61,-32.89,-1.99,-17.95,0.05,-0.08,-0.01

10747,0.08,8.22,4.69,-32.80,-1.84,-17.80,0.05,-0.08,-0.01

10759,0.05,8.23,4.69,-33.47,-2.46,-18.24,0.05,-0.08,-0.01

10766,0.04,8.22,4.77,-33.62,-2.37,-17.98,0.05,-0.08,-0.01

10772,0.10,8.24,4.62,-32.97,-2.08,-18.18,0.04,-0.08,-0.01

10779,0.03,8.31,4.59,-33.18,-2.02,-17.71,0.05,-0.08,-0.01

10799,0.03,8.22,4.74,-33.21,-2.08,-18.91,0.04,-0.08,-0.02

10811,0.05,8.28,4.63,-33.18,-2.02,-18.53,0.04,-0.08,-0.01

10818,0.03,8.20,4.69,-33.06,-2.34,-18.85,0.05,-0.08,-0.01

10824,0.06,8.26,4.73,-33.47,-2.05,-18.71,0.05,-0.08,-0.01

10836,0.04,8.21,4.65,-33.47,-2.43,-18.06,0.06,-0.08,-0.01

10843,0.04,8.24,4.67,-33.38,-2.08,-18.39,0.05,-0.08,-0.01

10849,0.04,8.24,4.62,-33.82,-1.58,-18.24,0.05,-0.08,-0.01

10856,0.04,8.28,4.67,-33.70,-2.22,-18.74,0.05,-0.08,-0.01

10863,0.06,8.17,4.72,-33.12,-2.34,-18.44,0.05,-0.08,-0.01

10870,0.03,8.17,4.70,-33.18,-1.20,-18.33,0.05,-0.08,-0.01

10878,0.09,8.23,4.69,-32.94,-1.55,-19.18,0.05,-0.08,-0.01

10885,0.11,8.22,4.67,-33.38,-1.34,-18.77,0.05,-0.08,-0.01

10892,0.04,8.21,4.70,-32.89,-1.40,-19.06,0.05,-0.08,-0.01

10903,0.04,8.17,4.64,-33.06,-2.19,-18.47,0.05,-0.08,-0.01

10910,0.04,8.22,4.67,-33.44,-1.70,-18.62,0.05,-0.08,-0.01

10929,0.02,8.22,4.75,-33.67,-2.02,-18.53,0.05,-0.09,-0.01

10941,0.03,8.19,4.64,-33.09,-2.16,-18.88,0.05,-0.08,-0.01

10948,0.03,8.26,4.65,-32.48,-1.58,-18.85,0.05,-0.08,-0.01

10955,0.06,8.29,4.67,-33.44,-1.84,-19.67,0.05,-0.08,-0.01

10962,0.09,8.21,4.68,-33.62,-1.99,-18.97,0.05,-0.08,-0.01

10970,0.04,8.19,4.66,-33.29,-1.78,-17.77,0.04,-0.07,-0.01

10980,0.04,8.23,4.64,-32.97,-1.14,-18.56,0.04,-0.08,-0.01

10987,0.03,8.21,4.69,-33.09,-1.72,-18.88,0.04,-0.09,-0.01

10994,0.03,8.23,4.76,-33.12,-1.23,-18.85,0.05,-0.08,-0.01

11001,0.09,8.23,4.69,-32.97,-1.49,-18.33,0.05,-0.08,-0.01

11009,0.02,8.27,4.63,-33.21,-0.99,-18.42,0.05,-0.08,-0.01

11015,0.04,8.19,4.66,-33.24,-1.61,-18.85,0.05,-0.08,-0.01

11022,0.06,8.19,4.70,-33.15,-1.81,-18.68,0.05,-0.08,-0.01

11029,0.08,8.22,4.69,-33.21,-1.96,-18.62,0.05,-0.08,-0.01

11036,0.04,8.26,4.62,-32.71,-1.67,-18.24,0.05,-0.08,-0.01

11059,0.02,8.30,4.78,-32.89,-1.64,-18.80,0.04,-0.08,-0.01

11068,0.04,8.16,4.68,-32.97,-1.78,-18.36,0.04,-0.08,-0.01

11075,0.06,8.22,4.69,-33.00,-1.29,-18.56,0.04,-0.08,-0.01

11082,0.04,8.28,4.73,-33.29,-1.67,-18.85,0.04,-0.08,-0.01

11089,0.04,8.25,4.69,-32.94,-2.37,-18.56,0.05,-0.09,-0.01

11097,0.02,8.22,4.75,-32.71,-1.93,-18.62,0.04,-0.08,-0.01

11104,0.04,8.25,4.71,-33.09,-1.81,-18.21,0.05,-0.08,-0.01

11111,0.05,8.19,4.69,-33.21,-1.78,-18.53,0.05,-0.08,-0.01

11121,0.04,8.25,4.70,-33.38,-2.05,-18.80,0.05,-0.00,-0.01

11128,0.08,8.26,4.77,-33.03,-1.70,-18.53,0.05,-0.08,-0.01

11136,0.04,8.17,4.70,-33.32,-1.23,-18.74,0.05,-0.08,-0.01

11143,0.03,8.18,4.69,-33.59,-1.20,-19.06,0.05,-0.08,-0.01

11150,0.02,8.24,4.67,-33.38,-1.37,-18.82,0.05,-0.08,-0.01

11157,0.01,8.20,4.65,-33.50,-1.81,-19.09,0.04,-0.08,-0.01

11164,0.05,8.20,4.64,-33.27,-2.16,-18.59,0.05,-0.08,-0.01

11183,0.06,8.28,4.69,-33.35,-2.22,-19.23,0.05,-0.08,-0.01

11195,0.06,8.24,4.72,-33.50,-1.87,-18.39,0.04,-0.08,-0.01

11205,0.05,8.20,4.68,-33.12,-1.81,-18.15,0.05,-0.08,-0.01

11212,0.04,8.19,4.74,-33.38,-1.90,-18.65,0.05,-0.08,-0.01

11220,0.04,8.22,4.64,-33.18,-2.02,-18.33,0.04,-0.08,-0.01

11227,0.03,8.24,4.66,-33.00,-2.28,-18.53,0.04,-0.08,-0.01

11234,0.00,8.13,4.78,-33.03,-1.46,-18.62,0.04,-0.08,-0.01

11240,0.04,8.14,4.64,-33.21,-1.84,-18.68,0.05,-0.08,-0.01

11247,0.03,8.23,4.74,-33.27,-1.81,-18.74,0.04,-0.08,-0.01

11254,0.06,8.20,4.74,-33.00,-2.08,-18.24,0.05,-0.08,-0.01

11266,0.09,8.18,4.68,-33.00,-1.58,-19.00,0.05,-0.08,-0.01

11273,0.04,8.28,4.71,-32.89,-1.58,-19.18,0.05,-0.09,-0.01

11280,0.04,8.26,4.62,-33.18,-1.46,-18.62,0.04,-0.08,-0.01

11287,0.06,8.20,4.70,-33.12,-1.61,-18.71,0.04,-0.08,-0.01

11294,0.04,8.19,4.74,-32.74,-1.05,-18.33,0.05,-0.08,-0.01

11313,0.04,8.15,4.74,-33.00,-1.17,-18.36,0.05,-0.08,-0.01

11325,0.04,8.24,4.69,-32.53,-2.10,-18.44,0.05,-0.08,-0.01

11332,0.04,8.23,4.65,-32.45,-1.70,-18.68,0.05,-0.08,-0.01

11339,0.04,8.14,4.63,-32.62,-0.99,-18.33,0.05,-0.08,-0.01

11349,0.07,8.17,4.68,-33.12,-1.75,-18.94,0.04,-0.08,-0.02

11356,0.04,8.28,4.69,-32.71,-1.64,-18.68,0.05,-0.08,-0.01

11363,0.09,8.21,4.69,-33.21,-1.34,-19.23,0.04,-0.08,-0.01

11370,0.06,8.25,4.71,-33.21,-1.17,-18.47,0.05,-0.08,-0.02

11377,0.07,8.17,4.67,-33.21,-1.14,-19.09,0.04,-0.08,-0.01

11384,0.02,8.24,4.64,-33.15,-1.81,-18.53,0.05,-0.08,-0.01

11392,0.03,8.34,4.72,-33.24,-1.58,-18.47,0.05,-0.08,-0.01

11399,0.01,8.27,4.67,-33.53,-1.81,-18.39,0.04,-0.08,-0.01

11406,0.04,8.18,4.67,-32.94,-1.64,-18.21,0.05,-0.08,-0.01

11417,0.06,8.27,4.67,-33.00,-1.87,-18.04,0.04,-0.08,-0.01

11424,0.03,8.23,4.64,-32.51,-1.67,-18.04,0.05,-0.08,-0.02

11443,0.02,8.20,4.67,-33.29,-1.32,-18.47,0.05,-0.08,-0.01

11455,0.03,8.24,4.77,-33.09,-1.52,-18.06,0.05,-0.08,-0.01

11462,0.07,8.27,4.74,-33.27,-1.78,-18.88,0.05,-0.08,-0.01

11469,0.04,8.29,4.66,-33.53,-1.32,-18.62,0.05,-0.08,-0.01

11477,0.05,8.19,4.67,-33.65,-2.43,-18.77,0.05,-0.08,-0.01

11484,0.05,8.18,4.71,-33.29,-2.19,-18.30,0.05,-0.08,-0.01

11494,0.04,8.23,4.67,-32.89,-1.70,-18.77,0.05,-0.08,-0.01

11501,0.06,8.18,4.68,-33.15,-1.93,-18.80,0.05,-0.08,-0.01

11508,0.04,8.18,4.65,-32.65,-1.84,-18.47,0.05,-0.08,-0.01

11514,0.01,8.30,4.64,-32.89,-1.93,-18.15,0.04,-0.08,-0.01

11522,0.08,8.17,4.66,-32.51,-1.67,-18.65,0.05,-0.08,-0.01

11529,0.04,8.21,4.64,-32.74,-1.81,-19.23,0.04,-0.08,-0.01

11536,0.02,8.26,4.69,-32.62,-1.90,-19.12,0.04,-0.08,-0.01

11543,0.09,8.18,4.69,-33.15,-1.67,-18.53,0.05,-0.08,-0.01

11550,0.03,8.11,4.66,-33.12,-1.90,-18.15,0.05,-0.08,-0.02

11573,0.01,8.17,4.72,-32.83,-1.96,-17.95,0.05,-0.08,-0.01

11582,0.06,8.29,4.69,-33.15,-2.31,-18.65,0.05,-0.08,-0.01

11589,0.05,8.18,4.69,-33.50,-1.75,-18.15,0.04,-0.08,-0.01

11596,0.05,8.26,4.64,-33.21,-1.78,-18.85,0.05,-0.08,-0.01

11604,0.09,8.20,4.64,-33.44,-1.20,-18.74,0.05,-0.08,-0.01

11611,0.02,8.23,4.68,-33.18,-1.78,-18.30,0.05,-0.08,-0.01

11618,0.05,8.23,4.66,-33.44,-1.96,-18.12,0.05,-0.08,-0.01

11624,0.07,8.23,4.67,-33.00,-1.58,-18.65,0.05,-0.08,-0.01

11635,0.10,8.24,4.68,-33.06,-2.43,-18.97,0.04,-0.08,-0.01

11641,0.04,8.17,4.69,-32.56,-1.99,-18.33,0.04,-0.08,-0.01

11649,0.01,8.27,4.68,-32.68,-1.72,-18.42,0.05,-0.08,-0.01

11656,0.05,8.20,4.67,-33.32,-1.64,-18.82,0.04,-0.08,-0.01

11663,0.05,8.26,4.72,-33.32,-1.40,-19.76,0.05,-0.08,-0.01

11670,0.06,8.18,4.67,-33.35,-2.10,-19.35,0.04,-0.09,-0.01

11677,-0.01,8.20,4.63,-33.21,-1.93,-18.82,0.05,-0.08,-0.01

11697,0.13,8.27,4.74,-33.59,-1.72,-19.20,0.05,-0.08,-0.01

11706,0.04,8.23,4.64,-33.29,-1.99,-18.88,0.05,-0.08,-0.01

11716,0.04,8.20,4.72,-33.03,-1.90,-18.82,0.04,-0.08,-0.01

11723,0.04,8.20,4.69,-33.18,-1.37,-19.03,0.05,-0.08,-0.01

11730,0.03,8.23,4.73,-32.94,-1.52,-18.80,0.04,-0.08,-0.01

11738,0.06,8.25,4.67,-33.24,-1.58,-18.50,0.04,-0.08,-0.01

11745,0.04,8.28,4.64,-32.91,-1.64,-18.77,0.04,-0.08,-0.01

11752,0.03,8.23,4.71,-32.71,-1.70,-18.82,0.04,-0.08,-0.01

11759,0.04,8.26,4.73,-33.47,-1.29,-19.00,0.04,-0.08,-0.01

11766,0.06,8.30,4.67,-33.32,-1.40,-19.32,0.05,-0.08,-0.01

11778,0.04,8.16,4.77,-33.24,-1.52,-19.18,0.05,-0.08,-0.01

11785,0.05,8.25,4.68,-33.38,-1.52,-19.47,0.05,-0.08,-0.01

11792,0.04,8.31,4.67,-33.03,-1.26,-18.97,0.04,-0.08,-0.01

11799,0.01,8.15,4.70,-32.91,-2.05,-19.53,0.04,-0.08,-0.01

11806,0.05,8.26,4.74,-33.00,-2.19,-19.00,0.05,-0.08,-0.01

11824,0.01,8.21,4.71,-32.97,-1.64,-19.12,0.05,-0.08,-0.01

11837,0.06,8.19,4.77,-33.29,-1.93,-18.71,0.04,-0.08,-0.01

11843,0.01,8.20,4.69,-33.38,-1.78,-18.12,0.05,-0.08,-0.01

11850,0.03,8.31,4.71,-32.94,-1.61,-18.74,0.05,-0.08,-0.01

11861,0.03,8.19,4.66,-33.53,-2.05,-19.00,0.05,-0.08,-0.01

11868,0.04,8.13,4.64,-33.56,-2.25,-19.09,0.05,-0.08,-0.01

11875,0.04,8.20,4.71,-32.86,-1.34,-18.39,0.04,-0.08,-0.01

11882,0.03,8.21,4.69,-32.97,-1.67,-18.91,0.05,-0.08,-0.01

11889,0.04,8.26,4.71,-32.62,-1.46,-18.94,0.04,-0.08,-0.01

11896,0.06,8.24,4.66,-32.86,-1.11,-18.50,0.04,-0.08,-0.01

11904,0.03,8.18,4.72,-33.24,-1.70,-18.47,0.04,-0.08,-0.01

11911,0.06,8.18,4.62,-33.38,-1.34,-18.91,0.05,-0.08,-0.01

11922,0.04,8.23,4.60,-33.53,-1.55,-19.06,0.04,-0.08,-0.01

11929,0.06,8.25,4.60,-33.53,-1.78,-19.56,0.05,-0.08,-0.01

11936,0.01,8.18,4.68,-33.03,-1.93,-18.91,0.05,-0.08,-0.01

11955,0.06,8.22,4.70,-33.29,-1.72,-19.94,0.04,-0.08,-0.01

11967,0.02,8.18,4.73,-33.09,-2.25,-18.77,0.04,-0.08,-0.01

11974,0.03,8.15,4.67,-32.91,-1.90,-18.39,0.04,-0.08,-0.01

11981,0.04,8.33,4.70,-33.21,-1.49,-19.09,0.05,-0.08,-0.01

11988,0.04,8.38,4.77,-33.24,-1.32,-18.62,0.06,-0.09,-0.01

11995,0.07,8.19,4.77,-32.71,-2.02,-18.77,0.05,-0.08,-0.01

12006,0.09,8.14,4.61,-32.59,-2.08,-18.59,0.04,-0.08,-0.01

12012,0.10,8.18,4.68,-32.71,-1.87,-18.59,0.05,-0.08,-0.01

12019,0.08,8.13,4.77,-32.80,-1.81,-18.71,0.06,-0.08,-0.01

12026,0.04,8.22,4.80,-32.71,-2.02,-18.15,0.05,-0.09,-0.01

12034,0.01,8.26,4.77,-32.77,-2.51,-18.47,0.03,-0.08,-0.01

12041,0.05,8.15,4.67,-32.68,-2.02,-18.91,0.04,-0.08,-0.01

12048,0.05,8.19,4.55,-32.77,-1.75,-19.35,0.05,-0.08,-0.01

12055,0.11,8.26,4.64,-32.89,-2.02,-19.85,0.06,-0.08,-0.01

12066,0.08,8.13,4.69,-33.44,-2.25,-18.74,0.04,-0.08,-0.01

12085,0.00,8.25,4.69,-33.29,-2.19,-19.38,0.05,-0.08,-0.02

12097,0.07,8.19,4.69,-32.97,-2.54,-19.03,0.04,-0.08,-0.01

12104,0.10,8.30,4.68,-32.59,-2.28,-18.62,0.04,-0.08,-0.01

12111,0.04,8.25,4.65,-32.97,-2.28,-19.06,0.05,-0.07,-0.01

12119,0.04,8.10,4.72,-33.41,-2.10,-19.06,0.05,-0.08,-0.01

12126,0.02,8.22,4.69,-32.74,-2.48,-18.97,0.05,-0.08,-0.01

12133,0.01,8.26,4.67,-32.74,-2.51,-18.62,0.04,-0.08,-0.02

12140,0.11,8.24,4.69,-32.65,-1.93,-18.94,0.05,-0.08,-0.02

12150,0.10,8.23,4.67,-32.94,-2.37,-18.85,0.05,-0.08,-0.01

12158,0.07,8.28,4.69,-32.68,-2.25,-18.91,0.04,-0.08,-0.01

12165,0.04,8.21,4.69,-32.91,-2.60,-18.74,0.04,-0.08,-0.01

12172,0.09,8.21,4.72,-32.71,-2.34,-18.97,0.05,-0.08,-0.01

12179,0.05,8.15,4.67,-32.53,-2.10,-19.26,0.04,-0.08,-0.01

12185,0.02,8.20,4.62,-32.59,-2.16,-18.91,0.04,-0.08,-0.01

12192,0.02,8.18,4.76,-32.53,-2.08,-18.74,0.05,-0.08,-0.01

12211,0.03,8.28,4.62,-32.56,-2.08,-19.06,0.04,-0.08,-0.01

12227,0.02,8.26,4.73,-32.77,-1.72,-18.74,0.04,-0.08,-0.01

12234,0.04,8.28,4.67,-32.68,-1.90,-18.94,0.05,-0.08,-0.01

12241,0.14,8.26,4.69,-32.94,-1.75,-19.29,0.05,-0.08,-0.01

12249,0.16,8.25,4.69,-32.83,-1.84,-19.47,0.04,-0.08,-0.01

12255,0.07,8.39,4.63,-32.94,-2.31,-18.94,0.05,-0.08,-0.01

12262,0.02,8.34,4.58,-32.68,-1.75,-18.65,0.05,-0.08,-0.01

12269,0.01,8.24,4.67,-33.00,-1.93,-19.00,0.05,-0.08,-0.01

12276,0.03,8.24,4.74,-33.12,-1.90,-18.74,0.04,-0.08,-0.01

12283,-0.03,8.20,4.70,-33.27,-2.16,-18.68,0.04,-0.08,-0.01

12295,0.05,8.18,4.68,-32.89,-1.81,-18.65,0.05,-0.08,-0.01

12302,0.09,8.16,4.66,-33.15,-1.58,-18.85,0.05,-0.08,-0.01

12309,0.04,8.23,4.67,-32.94,-1.87,-18.74,0.05,-0.08,-0.02

12316,0.05,8.21,4.69,-33.00,-2.13,-19.03,0.05,-0.08,-0.01

12323,0.04,8.18,4.69,-33.09,-1.96,-18.42,0.05,-0.08,-0.01

12342,0.12,8.26,4.72,-32.62,-1.43,-18.77,0.04,-0.08,-0.01

12354,0.04,8.26,4.70,-33.03,-1.49,-19.00,0.05,-0.08,-0.01

12361,0.06,8.27,4.70,-33.27,-1.67,-18.39,0.05,-0.08,-0.01

12372,0.04,8.18,4.66,-33.35,-1.70,-19.20,0.04,-0.08,-0.01

12379,0.03,8.23,4.77,-33.29,-1.55,-19.32,0.05,-0.08,-0.01

12386,0.06,8.21,4.73,-32.65,-1.32,-18.91,0.04,-0.08,-0.01

12393,0.04,8.15,4.69,-32.94,-1.29,-18.82,0.04,-0.08,-0.01

12400,0.12,8.20,4.73,-32.77,-1.70,-18.39,0.03,-0.08,-0.01

12407,0.08,8.24,4.65,-33.41,-1.46,-18.80,0.04,-0.08,-0.01

12415,0.05,8.14,4.66,-33.35,-1.70,-18.91,0.04,-0.08,-0.01

12421,0.05,8.26,4.67,-32.91,-1.84,-18.56,0.04,-0.08,-0.01

12428,0.04,8.29,4.76,-33.32,-2.25,-19.23,0.04,-0.08,-0.01

12439,0.05,8.17,4.67,-33.47,-1.90,-19.41,0.05,-0.08,-0.01

12446,0.07,8.17,4.63,-33.27,-2.02,-19.20,0.05,-0.08,-0.01

12453,0.04,8.23,4.60,-32.74,-2.25,-19.00,0.05,-0.08,-0.01

12472,0.06,8.18,4.70,-32.97,-1.93,-19.00,0.05,-0.08,-0.01

12484,0.04,8.24,4.74,-33.29,-2.16,-18.36,0.05,-0.08,-0.01

12491,0.04,8.15,4.73,-33.12,-2.16,-19.23,0.05,-0.08,-0.01

12498,0.06,8.22,4.85,-33.03,-2.02,-19.06,0.04,-0.08,-0.01

12506,0.04,8.23,4.72,-33.18,-2.43,-19.56,0.05,-0.08,-0.01

12513,0.05,8.20,4.72,-33.50,-2.37,-19.29,0.05,-0.08,-0.01

12523,-0.01,8.17,4.64,-32.62,-2.37,-19.29,0.04,-0.08,-0.01

12530,0.02,8.23,4.66,-32.07,-2.48,-18.91,0.04,-0.08,-0.01

12537,0.05,8.26,4.75,-32.77,-1.75,-19.09,0.04,-0.08,-0.01

12544,0.03,8.24,4.71,-32.97,-1.99,-19.38,0.04,-0.08,-0.01

12551,0.04,8.28,4.75,-32.62,-2.25,-18.82,0.04,-0.08,-0.01

12558,0.04,8.18,4.72,-32.65,-2.02,-19.23,0.04,-0.08,-0.01

12565,0.04,8.16,4.65,-32.83,-2.10,-18.71,0.03,-0.08,-0.01

12572,0.02,8.23,4.67,-32.65,-1.84,-19.29,0.04,-0.08,-0.01

12583,0.01,8.19,4.74,-32.62,-2.66,-18.50,0.05,-0.08,-0.01

12602,0.04,8.20,4.67,-32.74,-2.13,-19.18,0.06,-0.08,-0.01

12614,0.04,8.23,4.70,-32.56,-1.93,-18.77,0.05,-0.08,-0.01

12621,0.06,8.18,4.69,-32.56,-1.84,-18.85,0.05,-0.08,-0.01

12629,0.05,8.17,4.69,-32.91,-1.78,-19.44,0.05,-0.08,-0.01

12636,0.02,8.28,4.74,-32.77,-2.37,-19.82,0.05,-0.08,-0.01

12643,0.04,8.14,4.71,-32.83,-2.16,-19.09,0.04,-0.08,-0.01

12650,0.08,8.27,4.73,-32.48,-2.25,-19.03,0.04,-0.08,-0.01

12657,0.04,8.18,4.70,-32.68,-1.96,-19.00,0.04,-0.08,-0.01

12667,0.14,8.20,4.70,-33.00,-2.13,-19.09,0.04,-0.08,-0.01

12675,0.01,8.23,4.70,-32.77,-2.08,-19.12,0.05,-0.09,-0.01

12682,0.04,8.15,4.71,-33.12,-2.25,-18.65,0.05,-0.08,-0.01

12689,0.02,8.22,4.72,-33.41,-1.99,-18.85,0.04,-0.08,-0.01

12696,0.04,8.18,4.69,-33.15,-1.99,-19.26,0.04,-0.08,-0.01

12703,0.08,8.15,4.62,-33.73,-2.05,-19.64,0.04,-0.08,-0.01

12710,0.03,8.17,4.66,-33.76,-2.08,-18.68,0.04,-0.08,-0.01

12729,0.04,8.27,4.78,-33.00,-2.10,-18.39,0.05,-0.08,-0.01

12744,0.03,8.20,4.75,-32.89,-2.02,-19.03,0.05,-0.09,-0.01

12751,0.04,8.18,4.67,-33.09,-2.08,-18.39,0.05,-0.08,-0.01

12759,0.02,8.26,4.72,-33.00,-2.10,-18.27,0.05,-0.08,-0.01

12766,0.05,8.27,4.69,-32.74,-2.05,-18.71,0.05,-0.08,-0.01

12773,0.03,8.15,4.81,-32.74,-1.87,-18.82,0.05,-0.08,-0.01

12780,0.02,8.23,4.74,-32.62,-2.34,-18.62,0.04,-0.08,-0.01

12787,0.04,8.23,4.74,-32.71,-1.84,-18.94,0.05,-0.08,-0.01

12793,0.04,8.11,4.83,-33.18,-2.10,-19.56,0.05,-0.08,-0.01

12801,0.05,8.26,4.75,-33.12,-2.16,-19.18,0.05,-0.08,-0.01

12812,0.04,8.26,4.69,-32.83,-2.60,-18.36,0.05,-0.08,-0.01

12819,0.03,8.21,4.65,-32.94,-2.16,-18.88,0.04,-0.08,-0.01

12826,0.08,8.22,4.69,-33.24,-1.78,-18.88,0.04,-0.08,-0.01

12833,0.05,8.22,4.72,-33.12,-1.93,-19.61,0.04,-0.08,-0.01

12841,0.04,8.24,4.75,-33.35,-1.49,-19.09,0.05,-0.09,-0.01

12859,0.01,8.24,4.69,-33.44,-1.75,-18.65,0.05,-0.08,-0.01

12871,0.03,8.31,4.74,-33.27,-2.22,-18.85,0.04,-0.08,-0.01

12878,0.04,8.20,4.72,-32.51,-2.10,-18.97,0.05,-0.09,-0.01

12889,0.03,8.23,4.67,-33.03,-1.81,-19.29,0.04,-0.08,-0.01

12896,0.06,8.31,4.75,-32.83,-2.37,-19.00,0.05,-0.08,-0.01

12903,0.08,8.15,4.70,-33.00,-1.99,-18.56,0.04,-0.08,-0.01

12910,0.01,8.23,4.69,-33.35,-1.81,-18.82,0.04,-0.08,-0.01

12917,0.04,8.20,4.78,-33.53,-2.34,-18.80,0.05,-0.08,-0.02

12924,0.04,8.25,4.75,-32.91,-2.02,-18.42,0.05,-0.08,-0.01

12932,0.06,8.19,4.67,-33.15,-2.19,-19.32,0.05,-0.08,-0.01

12939,0.03,8.20,4.72,-33.00,-1.55,-18.56,0.05,-0.08,-0.01

12946,0.01,8.22,4.69,-33.00,-1.78,-18.47,0.05,-0.08,-0.01

12956,0.05,8.23,4.69,-33.27,-1.90,-19.35,0.05,-0.08,-0.01

12963,0.05,8.21,4.72,-33.06,-1.72,-19.15,0.05,-0.08,-0.01

12971,0.01,8.19,4.76,-33.12,-2.28,-19.32,0.04,-0.08,-0.01

12989,0.04,8.21,4.67,-32.80,-1.90,-19.64,0.04,-0.09,-0.01

13001,0.05,8.30,4.70,-33.18,-2.10,-19.15,0.05,-0.08,-0.01

13008,0.02,8.15,4.69,-32.94,-2.22,-18.77,0.04,-0.08,-0.01

13016,0.05,8.18,4.74,-33.24,-2.22,-19.58,0.04,-0.08,-0.01

13023,0.04,8.23,4.71,-33.21,-2.31,-18.91,0.05,-0.08,-0.01

13033,0.03,8.18,4.67,-33.06,-2.40,-19.03,0.05,-0.08,-0.01

13040,0.03,8.16,4.70,-32.91,-2.25,-19.15,0.05,-0.08,-0.01

13047,0.09,8.25,4.77,-32.74,-1.87,-19.18,0.06,-0.08,-0.01

13055,0.05,8.26,4.68,-33.00,-2.02,-19.29,0.05,-0.08,-0.01

13062,0.04,8.26,4.69,-33.00,-1.93,-19.06,0.05,-0.08,-0.01

13069,0.05,8.25,4.69,-32.59,-2.08,-18.71,0.05,-0.08,-0.01

13076,0.06,8.15,4.72,-32.71,-2.05,-18.62,0.05,-0.09,-0.01

13083,0.03,8.12,4.78,-33.27,-2.19,-18.74,0.05,-0.08,-0.01

13090,0.03,8.15,4.81,-33.24,-2.08,-18.21,0.04,-0.08,-0.01

13101,0.02,8.14,4.71,-32.71,-2.19,-18.53,0.04,-0.08,-0.01

13119,0.06,8.15,4.74,-33.03,-1.96,-18.50,0.04,-0.09,-0.01

13131,0.01,8.21,4.68,-33.27,-1.90,-18.12,0.05,-0.08,-0.01

13138,0.04,8.10,4.72,-33.12,-1.87,-18.50,0.05,-0.08,-0.01

13146,0.04,8.23,4.64,-33.06,-2.08,-18.91,0.05,-0.08,-0.01

13153,0.03,8.25,4.66,-32.80,-2.19,-18.47,0.05,-0.08,-0.02

13160,0.01,8.27,4.68,-33.12,-1.84,-18.30,0.05,-0.08,-0.01

13167,0.04,8.28,4.74,-32.83,-2.19,-18.12,0.05,-0.08,-0.01

13177,0.03,8.19,4.72,-33.18,-1.37,-18.97,0.06,-0.08,-0.02

13185,0.04,8.15,4.73,-32.89,-1.23,-18.65,0.05,-0.08,-0.01

13192,0.06,8.24,4.74,-33.09,-1.26,-18.68,0.05,-0.08,-0.01

13199,0.03,8.18,4.70,-32.65,-1.49,-18.88,0.05,-0.08,-0.01

13206,0.05,8.15,4.69,-32.24,-1.40,-18.59,0.04,-0.08,-0.01

13213,0.03,8.26,4.71,-32.97,-1.52,-18.59,0.04,-0.08,-0.01

13220,0.06,8.18,4.79,-32.80,-1.72,-18.59,0.04,-0.08,-0.01

13228,0.04,8.28,4.64,-33.18,-1.23,-18.65,0.04,-0.08,-0.01

13246,0.06,8.28,4.65,-32.65,-1.67,-18.30,0.04,-0.08,-0.01

13261,0.08,8.18,4.68,-32.89,-2.05,-18.56,0.05,-0.08,-0.01

13269,0.07,8.19,4.65,-32.86,-1.99,-18.82,0.04,-0.08,-0.01

13276,0.04,8.23,4.69,-33.18,-1.81,-18.53,0.06,-0.08,-0.01

13283,0.11,8.17,4.72,-32.51,-2.10,-18.71,0.05,-0.08,-0.01

13290,0.04,8.21,4.67,-32.36,-2.28,-19.00,0.05,-0.08,-0.01

13297,0.04,8.23,4.66,-32.42,-2.22,-18.97,0.06,-0.08,-0.01

13304,0.04,8.25,4.72,-32.42,-2.25,-18.62,0.05,-0.08,-0.01

13312,0.05,8.20,4.72,-32.30,-1.34,-18.82,0.05,-0.09,-0.01

13322,0.09,8.23,4.65,-32.89,-2.22,-18.21,0.05,-0.08,-0.01

13329,0.06,8.28,4.65,-32.59,-1.72,-18.47,0.04,-0.08,-0.01

13336,0.07,8.09,4.72,-32.56,-2.37,-18.59,0.04,-0.08,-0.01

13343,0.06,8.22,4.69,-32.42,-1.70,-18.30,0.05,-0.08,-0.02

13350,0.03,8.19,4.71,-32.86,-2.05,-18.12,0.04,-0.08,-0.01

13358,0.02,8.23,4.66,-32.51,-2.05,-17.80,0.04,-0.08,-0.01

13376,0.05,8.13,4.63,-32.36,-1.78,-17.80,0.05,-0.08,-0.01

13388,0.02,8.17,4.65,-32.36,-2.16,-17.95,0.05,-0.09,-0.01

13396,0.06,8.20,4.77,-32.53,-2.13,-18.04,0.05,-0.08,-0.01

13406,0.03,8.18,4.70,-32.42,-2.25,-17.74,0.04,-0.08,-0.01

13413,0.04,8.28,4.72,-32.18,-2.25,-18.44,0.05,-0.08,-0.01

13420,0.09,8.28,4.68,-32.48,-2.37,-18.27,0.04,-0.08,-0.01

13427,0.04,8.20,4.72,-32.62,-1.99,-18.15,0.05,-0.08,-0.02

13434,0.03,8.23,4.74,-32.04,-1.81,-18.09,0.04,-0.08,-0.01

13442,0.03,8.15,4.67,-32.45,-1.84,-18.85,0.04,-0.08,-0.01

13449,0.06,8.15,4.82,-32.68,-1.87,-18.74,0.05,-0.08,-0.01

13456,0.03,8.24,4.71,-32.65,-1.99,-18.27,0.04,-0.08,-0.01

13466,0.03,8.28,4.66,-32.71,-2.02,-18.65,0.04,-0.08,-0.01

13473,0.05,8.25,4.64,-32.21,-1.78,-18.24,0.05,-0.08,-0.01

13481,0.04,8.20,4.78,-32.51,-2.16,-18.53,0.04,-0.08,-0.01

13488,0.04,8.25,4.64,-32.10,-2.08,-17.98,0.05,-0.08,-0.01

13506,0.05,8.20,4.67,-32.86,-1.67,-18.01,0.05,-0.08,-0.01

13518,0.07,8.13,4.69,-32.42,-2.43,-18.59,0.05,-0.08,-0.01

13526,0.05,8.23,4.71,-32.42,-2.19,-18.24,0.05,-0.08,-0.01

13533,0.05,8.10,4.67,-32.33,-2.25,-18.50,0.05,-0.08,-0.01

13540,0.04,8.19,4.64,-32.48,-1.75,-17.95,0.04,-0.08,-0.01

13550,0.09,8.20,4.66,-32.45,-2.54,-18.12,0.04,-0.08,-0.01

13557,0.04,8.18,4.74,-32.07,-2.37,-17.54,0.04,-0.08,-0.01

13564,0.05,8.16,4.72,-32.74,-2.43,-17.77,0.05,-0.08,-0.01

13572,0.09,8.31,4.74,-32.74,-1.99,-18.09,0.04,-0.08,-0.01

13579,0.07,8.26,4.74,-32.80,-1.99,-17.98,0.04,-0.08,-0.01

13586,0.05,8.12,4.74,-32.94,-1.84,-18.01,0.04,-0.08,-0.01

13593,0.10,8.26,4.69,-32.74,-1.99,-17.95,0.04,-0.08,-0.01

13600,0.04,8.21,4.68,-32.56,-1.87,-18.42,0.05,-0.09,-0.01

13607,0.03,8.25,4.76,-32.51,-2.05,-19.00,0.05,-0.08,-0.01

13619,0.09,8.20,4.68,-32.53,-2.02,-18.42,0.05,-0.08,-0.01

13636,0.02,8.18,4.62,-32.89,-1.61,-18.42,0.05,-0.08,-0.01

13648,0.03,8.20,4.71,-32.71,-2.40,-18.50,0.05,-0.08,-0.01

13656,0.04,8.15,4.72,-32.30,-2.34,-17.74,0.04,-0.08,-0.01

13663,0.01,8.19,4.75,-32.56,-1.67,-18.15,0.05,-0.08,-0.01

13670,0.03,8.17,4.68,-32.65,-1.93,-17.89,0.05,-0.08,-0.01

13677,0.03,8.20,4.80,-32.71,-1.70,-18.15,0.04,-0.08,-0.02

13684,0.05,8.20,4.69,-32.01,-1.72,-17.83,0.04,-0.08,-0.01

13695,0.02,8.24,4.66,-32.36,-1.81,-18.01,0.04,-0.08,-0.01

13702,0.06,8.23,4.77,-32.42,-1.67,-18.50,0.04,-0.08,-0.01

13709,0.08,8.26,4.70,-32.91,-1.64,-18.04,0.04,-0.08,-0.01

13716,0.04,8.26,4.66,-33.06,-1.87,-18.62,0.04,-0.08,-0.01

13723,0.09,8.20,4.74,-32.51,-1.52,-18.42,0.04,-0.08,-0.01

13730,0.04,8.20,4.72,-32.56,-1.34,-18.42,0.04,-0.08,-0.01

13738,0.05,8.27,4.67,-32.30,-1.40,-18.91,0.05,-0.08,-0.01

13745,0.06,8.28,4.75,-32.94,-1.46,-18.42,0.05,-0.08,-0.01

13763,0.07,8.23,4.66,-33.09,-1.20,-18.85,0.06,-0.08,-0.01

13778,0.03,8.20,4.69,-32.45,-1.99,-18.27,0.05,-0.08,-0.01

13786,0.04,8.15,4.67,-32.83,-1.87,-18.18,0.05,-0.08,-0.01

13793,0.06,8.11,4.68,-32.48,-1.61,-18.44,0.05,-0.08,-0.01

13800,0.04,8.27,4.67,-32.51,-1.87,-18.44,0.04,-0.08,-0.01

13807,0.02,8.19,4.64,-32.33,-1.99,-18.12,0.04,-0.08,-0.01

13814,0.03,8.23,4.67,-32.86,-1.70,-17.48,0.04,-0.08,-0.01

13822,0.04,8.23,4.74,-33.15,-1.96,-17.80,0.04,-0.08,-0.01

13829,0.04,8.18,4.66,-32.89,-1.78,-18.94,0.04,-0.08,-0.01

13839,0.08,8.17,4.71,-32.59,-2.43,-18.53,0.04,-0.08,-0.01

13846,0.06,8.21,4.66,-33.12,-1.90,-18.50,0.04,-0.08,-0.01

13853,0.05,8.14,4.67,-32.83,-2.22,-18.59,0.05,-0.08,-0.01

13860,0.08,8.26,4.64,-32.53,-1.40,-18.97,0.05,-0.07,-0.01

13868,0.06,8.24,4.64,-32.68,-2.02,-18.82,0.05,-0.00,-0.01

13875,0.03,8.28,4.65,-32.42,-1.99,-18.36,0.06,-0.08,-0.01

13893,0.04,8.26,4.68,-32.56,-2.37,-18.59,0.05,-0.08,-0.01

13905,0.04,8.18,4.70,-32.65,-2.40,-18.47,0.04,-0.08,-0.01

13913,0.03,8.21,4.67,-32.91,-2.02,-18.71,0.04,-0.08,-0.01

13923,0.05,8.20,4.69,-32.68,-1.20,-18.91,0.05,-0.08,-0.01

13930,0.06,8.20,4.83,-32.71,-1.55,-19.18,0.04,-0.08,-0.01

13937,0.08,8.32,4.69,-32.80,-1.87,-18.44,0.04,-0.08,-0.01

13944,-0.01,8.15,4.69,-32.51,-2.08,-18.04,0.05,-0.09,-0.01

13952,0.06,8.13,4.61,-32.07,-1.61,-18.09,0.04,-0.08,-0.01

13959,0.06,8.21,4.69,-32.30,-1.14,-18.85,0.04,-0.08,-0.01

13966,0.07,8.18,4.71,-32.33,-1.78,-18.71,0.05,-0.08,-0.01

13973,0.04,8.27,4.68,-32.36,-2.10,-18.47,0.05,-0.09,-0.01

13984,0.05,8.18,4.75,-32.27,-1.96,-18.50,0.05,-0.08,-0.01

13991,0.06,8.23,4.64,-32.86,-1.17,-18.71,0.05,-0.08,-0.01

13999,0.04,8.20,4.72,-32.68,-1.49,-18.62,0.05,-0.08,-0.01

14006,0.09,8.21,4.72,-32.51,-2.08,-18.27,0.04,-0.08,-0.01

14024,0.11,8.23,4.76,-32.07,-1.52,-17.92,0.04,-0.08,-0.01

14037,0.07,8.18,4.74,-32.83,-2.28,-18.01,0.05,-0.08,-0.01

14044,0.04,8.25,4.72,-32.68,-1.78,-18.62,0.04,-0.08,-0.01

14051,0.03,8.22,4.64,-32.56,-1.78,-18.74,0.05,-0.08,-0.01

14058,0.05,8.15,4.69,-32.71,-1.52,-18.77,0.04,-0.08,-0.01

14068,0.04,8.24,4.69,-32.94,-2.08,-18.65,0.05,-0.08,-0.01

14075,0.04,8.25,4.69,-32.59,-1.78,-17.95,0.04,-0.08,-0.01

14083,0.11,8.28,4.69,-32.48,-1.64,-18.47,0.05,-0.08,-0.01

14090,0.01,8.18,4.69,-32.62,-1.20,-18.30,0.05,-0.08,-0.01

14097,0.01,8.26,4.64,-33.24,-1.84,-18.91,0.04,-0.08,-0.01

14104,0.01,8.19,4.73,-32.71,-2.19,-18.39,0.05,-0.08,-0.01

14111,0.06,8.15,4.76,-32.94,-1.93,-17.86,0.05,-0.08,-0.01

14118,0.06,8.19,4.72,-32.86,-1.55,-18.65,0.04,-0.08,-0.01

14129,0.09,8.25,4.68,-32.86,-1.96,-18.09,0.04,-0.08,-0.01

14136,0.03,8.22,4.67,-32.94,-2.28,-18.27,0.05,-0.08,-0.01

14154,0.03,8.26,4.76,-33.21,-2.28,-17.89,0.05,-0.08,-0.01

14167,0.03,8.15,4.62,-32.83,-2.57,-18.15,0.05,-0.08,-0.01

14174,0.03,8.18,4.72,-32.89,-2.16,-17.86,0.04,-0.08,-0.01

14181,0.04,8.28,4.67,-32.68,-2.16,-18.71,0.05,-0.08,-0.01

14188,0.04,8.18,4.67,-33.06,-2.02,-18.85,0.05,-0.08,-0.01

14195,-1.80,8.10,4.58,-33.09,-1.75,-18.33,0.04,-0.08,-0.01

14202,0.05,8.23,4.72,-32.56,-2.05,-17.92,0.04,-0.08,-0.01

14213,0.04,8.17,4.68,-32.51,-1.78,-18.36,0.04,-0.08,-0.01

14220,0.06,8.28,4.69,-32.80,-1.75,-18.42,0.04,-0.08,-0.01

14227,0.04,8.24,4.65,-32.74,-1.93,-18.36,0.04,-0.08,-0.01

14234,0.04,8.30,4.72,-33.12,-1.87,-18.24,0.04,-0.08,-0.01

14241,0.04,8.19,4.67,-32.91,-1.81,-18.33,0.04,-0.08,-0.01

14249,0.04,8.27,4.77,-33.18,-1.40,-18.62,0.04,-0.08,-0.01

14256,0.03,8.23,4.72,-33.12,-1.67,-18.01,0.05,-0.09,-0.01

14263,0.05,8.21,4.62,-33.03,-1.55,-17.95,0.04,-0.08,-0.01

14284,0.04,8.21,4.72,-33.21,-1.87,-18.47,0.05,-0.08,-0.01

14294,0.05,8.26,4.74,-32.94,-1.84,-17.86,0.05,-0.08,-0.01

14301,0.04,8.19,4.65,-32.77,-2.19,-17.95,0.05,-0.08,-0.01

14308,0.10,8.24,4.69,-32.86,-2.08,-18.24,0.05,-0.08,-0.01

14315,0.01,8.19,4.76,-32.80,-2.10,-17.74,0.05,-0.08,-0.01

14322,0.02,8.25,4.66,-32.91,-1.46,-17.63,0.05,-0.08,-0.01

14329,0.05,8.24,4.74,-33.12,-2.13,-17.80,0.05,-0.08,-0.01

14337,0.04,8.13,4.72,-32.71,-1.67,-17.04,0.05,-0.08,-0.01

14344,0.04,8.22,4.67,-33.03,-1.90,-18.15,0.05,-0.08,-0.01

14354,0.04,8.18,4.76,-32.71,-1.96,-18.04,0.04,-0.08,-0.01

14361,0.07,8.19,4.63,-32.59,-1.58,-17.39,0.04,-0.08,-0.01

14368,0.14,8.18,4.74,-32.48,-1.61,-18.27,0.04,-0.08,-0.01

14375,0.06,8.23,4.71,-32.59,-1.26,-17.92,0.04,-0.07,-0.01

14383,0.04,8.18,4.69,-33.06,-1.49,-17.95,0.04,-0.08,-0.01

14390,0.08,8.30,4.67,-32.56,-1.81,-17.89,0.04,-0.09,-0.01

14408,0.06,8.18,4.81,-33.03,-2.10,-16.84,0.05,-0.09,-0.01

14421,0.05,8.17,4.69,-33.15,-2.51,-18.36,0.04,-0.08,-0.01

14431,0.04,8.20,4.67,-32.97,-1.61,-17.45,0.05,-0.08,-0.01

14438,0.01,8.31,4.69,-32.53,-1.81,-17.80,0.05,-0.08,-0.01

14445,0.05,8.13,4.65,-32.51,-1.37,-17.48,0.05,-0.08,-0.01

14452,0.03,8.18,4.72,-32.59,-2.08,-17.68,0.05,-0.08,-0.01

14459,0.04,8.23,4.69,-32.62,-2.02,-17.77,0.05,-0.08,-0.01

14467,0.03,8.24,4.73,-32.80,-1.87,-17.98,0.05,-0.08,-0.01

14473,0.06,8.23,4.72,-32.83,-1.96,-18.12,0.05,-0.08,-0.01

14480,0.05,8.17,4.76,-33.03,-1.67,-18.62,0.05,-0.08,-0.01

14487,0.03,8.18,4.72,-32.53,-1.84,-18.24,0.05,-0.08,-0.01

14498,0.07,8.21,4.80,-32.59,-1.78,-17.39,0.05,-0.08,-0.01

14506,0.03,8.24,4.77,-33.00,-1.84,-18.04,0.05,-0.08,-0.01

14513,0.03,8.22,4.67,-33.00,-1.49,-18.53,0.04,-0.08,-0.01

14520,0.02,8.21,4.69,-32.89,-1.70,-18.18,0.04,-0.08,-0.01

14538,0.06,8.20,4.67,-33.06,-1.84,-18.01,0.04,-0.08,-0.01

14551,0.04,8.29,4.69,-33.09,-2.19,-17.74,0.04,-0.00,-0.01

14558,0.04,8.18,4.67,-32.89,-2.37,-18.36,0.04,-0.08,-0.01

14565,0.05,8.20,4.64,-32.80,-1.96,-17.45,0.04,-0.08,-0.01

14575,0.03,8.18,4.74,-33.24,-2.13,-17.86,0.05,-0.08,-0.01

14582,0.04,8.21,4.70,-33.09,-1.90,-18.50,0.05,-0.08,-0.01

14590,0.02,8.17,4.66,-33.18,-2.43,-17.42,0.05,-0.08,-0.01

14597,0.05,8.30,4.63,-32.59,-1.87,-17.83,0.06,-0.08,-0.01

14604,0.07,8.17,4.71,-33.15,-1.84,-18.18,0.05,-0.08,-0.01

14611,0.02,8.20,4.74,-33.00,-1.84,-18.71,0.05,-0.08,-0.01

14618,0.06,8.20,4.66,-33.03,-2.31,-18.27,0.05,-0.08,-0.01

14624,0.07,8.23,4.60,-32.74,-1.96,-17.63,0.05,-0.08,-0.01

14631,0.09,8.22,4.67,-32.77,-1.72,-17.77,0.05,-0.08,-0.01

14643,0.06,8.19,4.63,-33.18,-1.87,-18.39,0.05,-0.08,-0.01

14650,0.05,8.22,4.74,-32.74,-2.19,-18.12,0.05,-0.08,-0.01

14668,0.06,8.13,4.79,-32.89,-2.34,-18.85,0.04,-0.08,-0.01

14681,0.03,8.16,4.71,-33.06,-1.99,-18.30,0.04,-0.08,-0.01

14688,0.06,8.21,4.82,-32.89,-1.87,-18.42,0.04,-0.08,-0.01

14695,0.04,8.15,4.72,-32.77,-1.72,-18.21,0.04,-0.08,-0.01

14702,0.04,8.16,4.65,-32.97,-1.55,-18.65,0.04,-0.08,-0.02

14709,0.05,8.23,4.66,-32.83,-1.55,-18.88,0.04,-0.09,-0.01

14720,0.06,8.19,4.65,-32.59,-2.31,-18.18,0.04,-0.08,-0.01

14727,0.11,8.25,4.57,-32.62,-2.05,-18.42,0.04,-0.08,-0.01

14734,0.04,8.24,4.66,-32.51,-2.19,-18.50,0.04,-0.08,-0.01

14741,0.03,8.29,4.68,-32.68,-1.90,-18.97,0.05,-0.08,-0.02

14748,0.06,8.29,4.62,-32.39,-2.08,-18.88,0.05,-0.09,-0.01

14755,0.05,8.23,4.74,-32.62,-1.96,-18.06,0.05,-0.09,-0.01

14763,0.05,8.18,4.73,-32.86,-1.29,-17.92,0.05,-0.08,-0.02

14770,0.01,8.21,4.76,-32.51,-1.81,-18.80,0.05,-0.08,-0.01

14777,0.02,8.24,4.70,-32.71,-1.87,-18.15,0.05,-0.09,-0.01

14808,0.02,8.22,4.67,-32.74,-2.02,-17.89,0.05,-0.08,-0.01

14820,0.05,8.19,4.74,-32.91,-2.34,-17.95,0.04,-0.08,-0.01

14827,0.04,8.18,4.74,-32.71,-2.16,-18.30,0.04,-0.09,-0.01

14834,0.03,8.19,4.72,-32.91,-1.64,-18.15,0.04,-0.08,-0.01

14841,0.05,8.29,4.72,-33.18,-2.02,-17.68,0.04,-0.08,-0.01

14849,0.06,8.20,4.70,-33.00,-2.37,-17.63,0.04,-0.00,-0.01

14856,0.01,8.18,4.76,-32.56,-2.25,-18.21,0.04,-0.08,-0.01

14863,0.04,8.28,4.72,-32.33,-2.22,-18.15,0.04,-0.08,-0.01

14869,0.04,8.16,4.74,-32.74,-2.40,-18.77,0.04,-0.08,-0.01

14879,0.08,8.26,4.63,-32.42,-2.08,-17.71,0.04,-0.08,-0.01

14886,0.05,8.20,4.71,-32.36,-1.58,-17.92,0.04,-0.08,-0.01

14894,0.04,8.20,4.68,-32.62,-1.75,-18.24,0.04,-0.08,-0.01

14901,0.03,8.18,4.66,-32.33,-2.08,-18.06,0.04,-0.08,-0.01

14908,0.06,8.18,4.69,-32.15,-2.86,-18.18,0.05,-0.08,-0.01

14915,0.05,8.31,4.66,-32.36,-2.66,-17.68,0.05,-0.08,-0.02

14934,0.10,8.24,4.74,-32.91,-2.34,-18.04,0.05,-0.08,-0.01

14946,0.06,8.16,4.64,-33.53,-2.98,-17.71,0.05,-0.08,-0.01

14956,0.05,8.20,4.67,-32.94,-2.75,-18.33,0.05,-0.08,-0.01

14963,0.06,8.23,4.72,-32.74,-2.57,-18.18,0.04,-0.08,-0.01

14970,0.04,8.20,4.74,-33.03,-2.95,-18.01,0.05,-0.08,-0.01

14978,0.03,8.20,4.77,-32.68,-2.51,-17.57,0.04,-0.08,-0.01

14985,0.03,8.23,4.67,-33.00,-2.16,-18.15,0.04,-0.08,-0.01

14992,0.05,8.15,4.72,-32.91,-2.63,-18.18,0.04,-0.08,-0.01

14999,0.04,8.25,4.74,-33.03,-2.34,-18.42,0.04,-0.08,-0.01

15006,0.05,8.15,4.70,-32.86,-2.34,-18.01,0.04,-0.07,-0.01

15013,0.08,8.23,4.65,-33.21,-2.02,-18.06,0.04,-0.08,-0.01

15025,0.06,8.20,4.75,-32.74,-2.13,-18.47,0.04,-0.08,-0.01

15032,0.06,8.28,4.69,-33.41,-2.22,-18.39,0.04,-0.08,-0.01

15039,-0.01,8.23,4.74,-32.83,-2.69,-17.86,0.04,-0.08,-0.01

15046,0.03,8.15,4.68,-32.56,-2.57,-18.47,0.04,-0.08,-0.01

15065,0.04,8.28,4.67,-33.27,-1.96,-18.44,0.05,-0.08,-0.01

15077,0.01,8.20,4.67,-33.12,-2.78,-17.86,0.05,-0.08,-0.01

15084,0.05,8.25,4.73,-32.83,-2.57,-19.18,0.05,-0.09,-0.01

15091,0.02,8.13,4.73,-32.97,-2.48,-18.65,0.05,-0.08,-0.01

15102,0.03,8.11,4.70,-32.89,-2.40,-18.88,0.05,-0.08,-0.01

15109,0.04,8.25,4.69,-32.56,-2.28,-18.24,0.05,-0.08,-0.01

15116,0.10,8.22,4.82,-32.68,-2.28,-18.27,0.05,-0.08,-0.01

15123,0.09,8.13,4.76,-32.74,-2.37,-18.65,0.05,-0.08,-0.01

15130,0.04,8.20,4.74,-32.74,-2.08,-18.33,0.05,-0.08,-0.01

15136,0.04,8.19,4.69,-32.97,-2.48,-18.21,0.05,-0.08,-0.01

15143,0.06,8.23,4.71,-32.91,-1.81,-17.98,0.04,-0.08,-0.01

15151,-0.03,8.23,4.77,-33.06,-2.46,-18.71,0.04,-0.08,-0.01

15158,0.02,8.18,4.69,-32.77,-2.02,-18.50,0.04,-0.09,-0.01

15169,0.01,8.23,4.64,-32.74,-2.66,-18.06,0.04,-0.08,-0.01

15176,0.06,8.17,4.78,-32.71,-1.99,-18.04,0.04,-0.08,-0.01

15195,0.05,8.20,4.74,-32.89,-2.66,-18.09,0.04,-0.08,-0.01

15207,0.06,8.17,4.66,-32.71,-2.48,-18.44,0.04,-0.08,-0.01

15214,0.04,8.17,4.72,-32.51,-2.43,-18.88,0.05,-0.08,-0.02

15221,0.03,8.31,4.66,-32.83,-2.19,-18.27,0.05,-0.08,-0.01

15228,0.04,8.26,4.62,-32.91,-2.57,-18.47,0.05,-0.08,-0.01

15236,0.05,8.19,4.71,-32.71,-2.46,-18.62,0.05,-0.08,-0.01

15246,0.02,8.26,4.67,-32.89,-1.84,-18.50,0.05,-0.08,-0.01

15253,0.11,8.17,4.69,-32.77,-2.16,-19.12,0.05,-0.08,-0.01

15260,0.00,8.22,4.69,-32.71,-2.40,-18.39,0.05,-0.09,-0.01

15267,0.04,8.22,4.75,-32.42,-2.60,-19.03,0.05,-0.08,-0.01

15275,0.03,8.23,4.72,-32.07,-2.46,-18.77,0.05,-0.07,-0.01

15282,0.02,8.28,4.70,-32.65,-1.75,-19.23,0.05,-0.08,-0.01

15289,0.03,8.20,4.74,-32.89,-2.16,-18.36,0.05,-0.08,-0.01

15296,0.02,8.18,4.74,-32.97,-2.16,-18.12,0.05,-0.08,-0.01

15302,0.04,8.21,4.74,-32.62,-2.40,-18.47,0.04,-0.08,-0.01

15325,0.04,8.23,4.70,-32.86,-2.63,-18.33,0.04,-0.08,-0.01

15334,0.02,8.25,4.68,-32.36,-2.69,-18.33,0.04,-0.08,-0.01

15341,0.04,8.23,4.74,-32.68,-2.16,-19.32,0.04,-0.08,-0.01

15348,0.04,8.20,4.74,-32.97,-2.08,-19.00,0.04,-0.08,-0.01

15355,0.09,8.22,4.76,-32.56,-2.57,-18.21,0.05,-0.08,-0.01

15363,0.06,8.20,4.69,-33.00,-2.10,-18.27,0.05,-0.08,-0.01

15370,0.06,8.20,4.69,-33.15,-2.05,-18.27,0.04,-0.08,-0.01

15377,0.07,8.23,4.67,-33.03,-2.16,-18.44,0.05,-0.08,-0.01

15387,0.09,8.23,4.66,-32.86,-2.22,-17.86,0.05,-0.08,-0.01

15394,0.04,8.22,4.69,-32.59,-2.02,-18.06,0.05,-0.08,-0.01

15402,0.03,8.18,4.70,-32.89,-1.43,-18.33,0.05,-0.08,-0.01

15409,0.02,8.21,4.77,-32.74,-2.08,-18.71,0.05,-0.08,-0.01

15415,0.04,8.20,4.78,-32.91,-2.13,-18.77,0.05,-0.08,-0.01

15422,0.06,8.15,4.66,-33.00,-2.51,-18.56,0.05,-0.08,-0.01

15429,0.04,8.13,4.66,-33.06,-1.87,-18.42,0.05,-0.08,-0.01

15448,0.06,8.20,4.77,-32.80,-1.90,-18.80,0.05,-0.08,-0.01

15460,0.04,8.20,4.67,-32.97,-2.22,-17.80,0.05,-0.08,-0.01

15470,0.04,8.27,4.72,-33.03,-2.31,-19.18,0.04,-0.08,-0.01

15477,0.04,8.18,4.68,-32.83,-1.90,-18.94,0.04,-0.08,-0.01

15484,0.03,8.14,4.67,-32.27,-2.25,-18.42,0.04,-0.08,-0.01

15492,0.03,8.18,4.71,-32.24,-2.02,-18.65,0.04,-0.08,-0.01

15499,0.06,8.22,4.69,-32.68,-2.05,-18.71,0.04,-0.08,-0.01

15506,0.05,8.18,4.79,-32.86,-1.84,-18.77,0.04,-0.08,-0.01

15513,0.07,8.16,4.66,-32.48,-2.05,-18.62,0.05,-0.08,-0.02

15520,0.04,8.29,4.68,-32.59,-1.58,-18.62,0.04,-0.08,-0.01

15532,0.03,8.21,4.65,-32.53,-1.49,-18.71,0.04,-0.08,-0.01

15539,0.09,8.18,4.64,-33.00,-2.22,-18.27,0.05,-0.08,-0.01

15545,0.04,8.23,4.67,-32.97,-1.81,-17.80,0.05,-0.08,-0.01

15552,0.05,8.27,4.73,-33.03,-1.75,-17.98,0.05,-0.08,-0.01

15559,0.04,8.22,4.74,-33.29,-1.67,-18.09,0.05,-0.08,-0.01

15578,0.03,8.20,4.68,-32.53,-1.75,-18.24,0.05,-0.08,-0.01

15591,0.05,8.18,4.69,-32.33,-1.40,-18.39,0.04,-0.08,-0.01

15597,0.03,8.18,4.68,-32.83,-1.84,-18.62,0.04,-0.08,-0.01

15604,0.05,8.21,4.72,-32.71,-2.22,-18.74,0.04,-0.08,-0.01

15616,0.09,8.15,4.75,-32.89,-1.99,-18.33,0.04,-0.08,-0.01

15622,0.02,8.19,4.69,-32.59,-1.40,-18.30,0.04,-0.08,-0.01

15629,0.08,8.23,4.68,-32.45,-1.40,-18.27,0.04,-0.08,-0.01

15636,0.04,8.18,4.77,-32.74,-1.75,-18.33,0.05,-0.08,-0.01

15643,0.05,8.15,4.70,-32.83,-1.99,-17.68,0.04,-0.08,-0.01

15650,0.06,8.27,4.73,-32.56,-1.64,-17.66,0.04,-0.08,-0.01

15658,0.04,8.25,4.67,-32.86,-2.16,-18.12,0.04,-0.09,-0.01

15665,0.09,8.19,4.68,-32.74,-1.67,-18.27,0.05,-0.08,-0.01

15676,0.04,8.26,4.72,-32.65,-2.31,-17.48,0.04,-0.08,-0.01

15683,0.05,8.25,4.71,-32.59,-1.78,-17.83,0.05,-0.09,-0.01

15690,0.06,8.15,4.69,-32.45,-2.02,-17.74,0.04,-0.08,-0.01

15709,0.05,8.15,4.70,-32.77,-2.69,-17.89,0.05,-0.08,-0.01

15721,0.04,8.22,4.80,-32.42,-2.22,-18.21,0.04,-0.09,-0.01

15728,0.05,8.23,4.76,-32.07,-1.93,-18.27,0.05,-0.08,-0.01

15735,0.04,8.20,4.74,-32.48,-2.19,-19.09,0.05,-0.09,-0.01

15743,0.03,8.26,4.72,-32.59,-2.54,-19.06,0.05,-0.08,-0.01

15750,0.06,8.26,4.73,-32.80,-1.84,-18.06,0.04,-0.08,-0.01

15760,0.03,8.21,4.77,-32.51,-1.84,-19.00,0.05,-0.08,-0.01

15767,0.04,8.20,4.71,-32.36,-2.46,-18.59,0.05,-0.08,-0.01

15774,0.08,8.23,4.73,-31.95,-2.16,-18.04,0.05,-0.08,-0.01

15781,0.07,8.16,4.76,-32.36,-1.70,-18.15,0.04,-0.08,-0.01

15789,0.06,8.19,4.66,-32.45,-1.58,-18.68,0.04,-0.08,-0.01

15796,0.04,8.15,4.76,-32.65,-2.05,-18.47,0.04,-0.08,-0.01

15802,0.05,8.13,4.68,-32.65,-2.40,-18.71,0.04,-0.08,-0.01

15809,0.02,8.16,4.71,-32.45,-2.60,-17.66,0.04,-0.08,-0.01

15820,0.03,8.22,4.69,-32.53,-1.75,-19.00,0.04,-0.08,-0.01

15839,0.04,8.23,4.65,-32.68,-1.84,-18.06,0.05,-0.08,-0.01

15851,0.04,8.14,4.67,-32.65,-1.64,-18.44,0.04,-0.08,-0.01

15858,0.05,8.16,4.62,-32.83,-2.28,-17.92,0.04,-0.08,-0.01

15865,0.06,8.22,4.64,-32.86,-2.75,-18.24,0.05,-0.09,-0.01

15873,0.06,8.22,4.64,-32.33,-2.92,-18.50,0.05,-0.08,-0.01

15880,0.03,8.16,4.75,-32.48,-2.16,-18.30,0.05,-0.08,-0.01

15887,0.03,8.22,4.66,-32.24,-2.02,-18.91,0.05,-0.08,-0.01

15894,0.04,8.19,4.72,-32.80,-2.16,-18.65,0.05,-0.08,-0.01

15904,0.06,8.18,4.66,-32.65,-1.84,-17.86,0.05,-0.08,-0.01

15911,0.09,8.24,4.69,-33.03,-1.84,-18.53,0.04,-0.08,-0.01

15919,0.01,8.11,4.64,-32.62,-1.58,-18.15,0.04,-0.08,-0.01

15926,0.03,8.24,4.72,-32.56,-1.87,-18.53,0.05,-0.08,-0.01

15933,0.08,8.13,4.66,-32.39,-1.78,-18.12,0.05,-0.08,-0.01

15940,0.09,8.24,4.77,-32.42,-2.57,-17.77,0.04,-0.08,-0.01

15947,0.02,8.15,4.76,-32.30,-2.16,-18.30,0.05,-0.08,-0.01

15966,0.03,8.26,4.64,-32.21,-1.93,-17.86,0.04,-0.09,-0.01

15978,0.09,8.25,4.73,-32.56,-2.22,-18.15,0.04,-0.08,-0.01

15988,0.04,8.20,4.73,-32.91,-2.08,-18.30,0.05,-0.08,-0.01

15995,0.02,8.24,4.74,-32.59,-2.13,-17.89,0.04,-0.08,-0.01

16003,0.04,8.27,4.71,-32.45,-2.10,-18.44,0.04,-0.08,-0.01

16010,0.06,8.24,4.65,-32.68,-2.16,-18.53,0.04,-0.08,-0.01

16016,0.04,8.22,4.70,-32.53,-1.75,-18.91,0.04,-0.08,-0.01

16023,0.06,8.31,4.63,-33.12,-2.66,-17.86,0.04,-0.08,-0.01

16030,0.02,8.25,4.66,-32.77,-2.43,-18.15,0.05,-0.08,-0.01

16037,0.04,8.22,4.78,-32.97,-1.72,-18.74,0.05,-0.08,-0.01

16049,0.05,8.20,4.78,-32.91,-2.10,-18.33,0.05,-0.08,-0.01

16056,0.05,8.19,4.81,-32.74,-1.78,-18.42,0.05,-0.08,-0.01

16063,0.08,8.20,4.71,-32.65,-1.75,-18.04,0.04,-0.08,-0.01

16070,0.04,8.10,4.72,-32.42,-1.96,-18.59,0.04,-0.08,-0.01

16077,0.04,8.14,4.74,-32.62,-2.22,-18.33,0.05,-0.08,-0.01

16096,0.03,8.22,4.69,-32.18,-2.16,-17.51,0.05,-0.09,-0.01

16108,0.04,8.26,4.66,-32.59,-2.22,-18.18,0.04,-0.08,-0.02

16115,0.02,8.23,4.76,-32.53,-1.90,-18.06,0.04,-0.08,-0.01

16122,0.06,8.18,4.71,-32.48,-2.54,-17.98,0.04,-0.08,-0.01

16134,0.09,8.16,4.76,-32.86,-2.25,-18.42,0.04,-0.08,-0.01

16141,0.04,8.16,4.79,-32.94,-2.57,-17.86,0.04,-0.08,-0.01

16148,0.07,8.31,4.70,-32.56,-2.13,-18.06,0.05,-0.08,-0.01

16155,0.04,8.20,4.67,-32.59,-2.51,-18.06,0.04,-0.08,-0.01

16162,0.05,8.26,4.71,-32.51,-1.84,-18.30,0.04,-0.08,-0.01

16170,0.03,8.28,4.75,-32.62,-1.78,-18.56,0.05,-0.08,-0.01

16177,0.03,8.23,4.71,-32.74,-2.34,-18.82,0.05,-0.08,-0.01

16183,0.04,8.23,4.77,-32.33,-2.63,-18.42,0.04,-0.08,-0.01

16194,0.06,8.23,4.72,-32.30,-2.34,-18.42,0.05,-0.08,-0.02

16201,0.04,8.23,4.65,-32.83,-2.16,-18.56,0.05,-0.08,-0.01

16208,0.02,8.24,4.74,-32.56,-2.22,-19.29,0.05,-0.08,-0.01

16227,0.04,8.28,4.68,-32.89,-2.48,-18.30,0.05,-0.09,-0.01

16239,0.02,8.18,4.69,-33.12,-2.46,-19.18,0.04,-0.08,-0.01

16246,0.04,8.16,4.73,-33.00,-1.96,-18.44,0.04,-0.08,-0.01

16254,0.09,8.20,4.75,-32.59,-2.40,-17.71,0.04,-0.08,-0.01

16261,0.04,8.26,4.66,-32.80,-2.02,-18.01,0.04,-0.08,-0.01

16268,0.06,8.20,4.77,-32.80,-1.64,-18.44,0.04,-0.08,-0.01

16278,0.09,8.15,4.66,-32.59,-2.22,-18.04,0.04,-0.08,-0.01

16285,0.09,8.34,4.75,-32.68,-2.34,-18.18,0.04,-0.00,-0.01

16292,0.06,8.17,4.69,-32.53,-1.96,-17.89,0.04,-0.09,-0.01

16300,0.04,8.26,4.65,-33.00,-1.78,-18.77,0.04,-0.08,-0.01

16307,0.04,8.15,4.66,-32.71,-2.02,-17.68,0.04,-0.08,-0.01

16314,0.03,8.20,4.67,-32.36,-1.72,-17.51,0.04,-0.08,-0.01

16321,0.06,8.20,4.72,-32.62,-2.46,-17.45,0.04,-0.08,-0.01

16328,0.04,8.20,4.69,-32.80,-1.87,-18.39,0.05,-0.08,-0.01

16338,0.04,8.25,4.70,-32.77,-2.13,-18.30,0.05,-0.09,-0.02

16358,0.07,8.24,4.64,-32.91,-1.75,-18.30,0.05,-0.09,-0.01

16370,0.06,8.15,4.77,-32.68,-1.99,-18.06,0.05,-0.08,-0.01

16377,0.10,8.31,4.78,-32.74,-1.96,-18.65,0.05,-0.08,-0.01

16384,0.06,8.15,4.79,-32.68,-2.25,-18.42,0.05,-0.08,-0.02

16391,0.03,8.22,4.89,-33.06,-2.05,-18.77,0.04,-0.08,-0.01

16398,0.06,8.21,4.69,-32.68,-2.13,-19.20,0.04,-0.08,-0.01

16405,0.04,8.26,4.67,-32.39,-2.66,-19.03,0.04,-0.08,-0.01

16412,0.04,8.19,4.69,-32.33,-2.31,-18.68,0.04,-0.08,-0.01

16422,0.03,8.23,4.67,-32.80,-2.72,-18.97,0.05,-0.08,-0.01

16430,0.06,8.23,4.81,-32.68,-2.16,-18.80,0.04,-0.08,-0.01

16437,0.05,8.23,4.83,-32.83,-2.31,-18.44,0.04,-0.08,-0.01

16444,0.02,8.22,4.70,-33.00,-2.13,-17.83,0.04,-0.08,-0.01

16451,0.08,8.25,4.72,-32.68,-1.37,-18.30,0.04,-0.08,-0.01

16458,0.03,8.23,4.67,-33.29,-1.43,-19.06,0.04,-0.08,-0.01

16465,0.03,8.20,4.69,-32.97,-1.55,-19.06,0.04,-0.08,-0.01

16484,0.06,8.18,4.64,-33.24,-1.37,-19.09,0.04,-0.08,-0.01

16499,0.04,8.23,4.76,-33.12,-2.37,-18.91,0.04,-0.08,-0.01

16506,0.03,8.18,4.79,-32.89,-2.16,-18.53,0.04,-0.08,-0.01

16514,0.03,8.22,4.76,-32.74,-1.84,-18.91,0.05,-0.08,-0.01

16521,0.07,8.25,4.76,-32.68,-2.08,-18.88,0.04,-0.08,-0.01

16528,0.04,8.20,4.74,-33.03,-1.78,-17.95,0.05,-0.08,-0.01

16535,0.07,8.22,4.70,-33.18,-2.13,-17.68,0.05,-0.08,-0.01

16542,0.02,8.18,4.79,-33.27,-2.08,-18.33,0.05,-0.08,-0.01

16549,0.03,8.26,4.80,-32.83,-1.72,-17.92,0.05,-0.09,-0.01

16557,0.01,8.24,4.77,-33.24,-1.55,-18.36,0.05,-0.09,-0.01

16567,0.03,8.27,4.73,-32.77,-1.84,-18.27,0.05,-0.08,-0.01

16574,0.03,8.23,4.76,-33.00,-1.78,-18.59,0.05,-0.08,-0.01

16581,0.06,8.20,4.70,-33.41,-1.72,-18.80,0.04,-0.08,-0.01

16588,0.04,8.18,4.84,-33.29,-2.13,-18.30,0.05,-0.08,-0.01

16596,0.05,8.13,4.74,-32.89,-2.10,-18.12,0.04,-0.08,-0.01

16614,0.45,8.21,4.59,-33.15,-2.10,-18.09,0.07,-0.10,-0.02

16626,-0.09,8.21,4.71,-32.80,-2.25,-17.86,0.09,-0.10,-0.03

16633,-0.01,8.29,4.63,-33.06,-2.22,-17.89,0.07,-0.10,-0.02

16644,0.12,7.83,5.02,-32.86,-2.13,-17.98,0.02,-0.08,-0.02

16651,0.32,8.37,4.47,-32.71,-1.75,-18.62,0.00,-0.09,-0.02

16658,0.10,8.22,4.44,-32.80,-1.93,-18.09,0.03,-0.09,-0.02

16665,0.15,8.31,4.62,-32.65,-1.72,-18.18,0.06,-0.09,-0.01

16672,0.10,8.12,4.92,-32.65,-1.75,-18.47,0.05,-0.09,-0.01

16679,0.01,8.28,4.82,-32.86,-1.58,-19.20,0.03,-0.08,-0.01

16687,-0.03,8.33,4.69,-32.80,-1.93,-18.65,0.02,-0.08,-0.01

16694,0.01,8.29,4.49,-33.06,-2.40,-18.06,0.02,-0.08,-0.01

16701,0.06,8.05,4.47,-32.62,-1.84,-18.15,0.05,-0.08,-0.01

16711,0.09,8.24,4.80,-33.03,-1.90,-18.77,0.09,-0.08,-0.01

16718,0.03,8.17,5.06,-32.89,-2.28,-18.97,0.05,-0.08,-0.01

16726,0.09,8.18,4.61,-32.74,-2.28,-17.74,0.02,-0.08,-0.01

16744,0.06,8.24,4.74,-32.91,-2.10,-18.42,0.08,-0.08,-0.01

16756,0.08,8.08,4.98,-33.03,-2.19,-18.47,0.03,-0.08,-0.01

16763,0.05,8.17,4.72,-32.42,-1.67,-17.95,0.00,-0.08,-0.01

16771,0.06,8.20,4.95,-32.56,-1.81,-17.95,0.01,-0.07,-0.01

16778,0.17,8.23,4.78,-32.33,-1.46,-18.82,0.05,-0.07,-0.01

16788,0.03,8.21,4.72,-33.03,-2.63,-18.94,0.07,-0.09,-0.01

16795,0.06,8.21,4.96,-32.45,-1.99,-18.62,0.05,-0.08,-0.01

16802,0.01,8.22,4.38,-33.12,-1.75,-18.94,0.05,-0.09,-0.02

16810,0.01,8.29,4.57,-32.80,-2.31,-18.88,0.10,-0.08,-0.02

16817,0.04,8.18,4.82,-32.59,-1.81,-18.94,0.11,-0.08,-0.01

16824,0.03,7.98,5.05,-32.59,-1.58,-18.53,0.09,-0.09,-0.02

16831,0.07,8.05,5.28,-32.68,-1.67,-19.12,0.06,-0.12,-0.03

16838,0.23,8.33,4.86,-32.51,-1.90,-19.32,0.02,-0.15,-0.06

16845,-0.19,8.13,4.68,-32.74,-1.70,-18.36,0.01,-0.15,-0.06

16856,0.14,8.37,4.59,-32.15,-1.75,-18.94,0.03,-0.14,-0.04

16875,0.01,8.12,4.69,-33.06,-2.28,-19.29,0.05,-0.06,-0.00

16887,0.03,8.18,4.71,-32.62,-1.99,-18.44,0.02,-0.05,-0.00

16895,0.05,8.12,4.53,-32.51,-1.90,-18.39,0.05,-0.09,-0.02

16901,0.10,8.15,4.84,-32.53,-2.02,-18.82,0.08,-0.11,-0.02

16908,0.05,8.08,5.01,-32.71,-2.22,-18.42,0.08,-0.14,-0.04

16915,-0.14,8.06,4.88,-32.48,-2.08,-17.60,0.05,-0.20,-0.07

16922,0.87,7.95,4.56,-32.18,-1.93,-18.27,0.02,-0.21,-0.08

16932,0.12,8.24,4.39,-32.65,-1.67,-18.65,-0.02,-0.09,-0.02

16940,0.03,8.21,4.46,-32.71,-2.60,-18.44,-0.00,-0.08,-0.01

16947,0.02,8.41,4.26,-32.36,-2.34,-18.27,0.06,-0.09,-0.01

16954,-0.20,8.18,4.36,-32.91,-2.08,-18.09,0.11,-0.11,-0.02

16961,0.02,8.18,5.12,-32.80,-1.90,-18.68,0.15,-0.13,-0.03

16968,0.03,8.20,5.27,-32.74,-1.64,-18.56,0.12,-0.17,-0.06

16975,-0.07,8.16,5.18,-32.71,-2.10,-18.53,0.04,-0.21,-0.15

16983,-0.01,8.38,4.62,-32.51,-1.99,-18.59,-0.16,-0.29,-0.12

17001,0.19,8.20,4.52,-32.94,-2.28,-18.62,0.11,-0.15,-0.05

17016,0.08,8.23,4.76,-32.83,-1.87,-17.92,0.01,0.02,0.04

17024,0.02,7.99,4.64,-32.97,-2.10,-18.53,0.01,-0.03,0.03

17031,0.01,8.27,4.67,-33.03,-2.51,-17.89,0.07,-0.06,0.00

17038,0.16,8.54,5.02,-32.56,-2.13,-18.01,0.02,-0.05,-0.01

17045,0.14,8.18,4.62,-32.24,-2.05,-17.77,-0.02,-0.03,0.00

17052,0.29,8.14,4.76,-32.59,-1.84,-18.04,-0.01,-0.04,0.01

17059,-0.08,8.28,4.59,-32.39,-2.02,-18.59,0.02,-0.05,0.02

17067,-0.22,8.08,4.68,-32.65,-2.13,-18.09,0.03,-0.09,-0.00

17078,-0.23,8.13,4.87,-32.42,-2.60,-16.95,0.03,-0.12,-0.05

17085,0.06,7.98,5.28,-32.42,-2.25,-17.66,-0.00,-0.17,-0.07

17091,0.09,8.15,4.59,-32.45,-2.43,-19.00,-0.03,-0.21,-0.08

17098,0.34,8.13,4.73,-33.09,-2.43,-18.33,0.02,-0.14,-0.04

17105,0.15,8.19,4.83,-32.62,-2.40,-17.10,0.04,-0.08,-0.01

17113,0.17,8.23,4.57,-32.59,-2.51,-17.66,0.03,-0.05,0.00

17131,-0.02,8.18,4.67,-32.62,-2.46,-17.71,0.08,-0.03,0.01

17143,0.03,8.17,4.81,-32.36,-2.46,-18.91,0.05,-0.04,0.00

17151,0.01,8.10,4.77,-33.06,-2.08,-18.80,0.02,-0.06,-0.00

17161,0.11,8.19,4.57,-32.94,-2.22,-18.36,0.04,-0.08,-0.01

17168,0.06,8.25,4.64,-32.94,-2.19,-18.47,0.03,-0.06,-0.00

17175,0.07,8.31,4.45,-32.80,-1.75,-17.92,0.02,-0.02,0.02

17182,0.29,8.31,4.57,-32.27,-1.58,-18.47,0.02,0.04,0.06

17189,-0.04,8.28,4.06,-33.06,-1.84,-18.42,0.05,0.11,0.07

17197,0.11,8.48,4.69,-32.91,-1.67,-18.04,0.08,0.09,0.09

17204,-0.12,8.21,4.41,-32.65,-1.75,-18.39,0.10,0.11,0.08

17211,-0.15,8.05,4.74,-32.45,-1.67,-18.62,0.10,0.08,0.07

17218,0.01,8.12,5.18,-32.56,-1.52,-18.21,0.09,0.01,0.04

17228,0.02,8.08,5.17,-32.94,-1.87,-17.98,0.04,-0.07,-0.01

17236,0.04,8.17,4.69,-32.51,-1.55,-19.29,0.01,-0.09,-0.02

17243,0.03,8.22,4.47,-33.00,-1.32,-18.94,0.03,-0.10,-0.02

17261,0.04,8.31,4.62,-32.80,-2.10,-18.06,0.04,-0.06,-0.01

17273,0.14,8.25,4.64,-33.12,-1.90,-18.33,0.02,0.01,0.04

17281,-0.07,8.32,4.40,-32.59,-2.05,-18.12,0.03,0.05,0.04

17288,-0.12,8.32,4.78,-33.06,-2.25,-18.53,0.09,0.01,0.04

17295,0.02,7.98,5.15,-32.94,-2.25,-18.62,0.13,-0.04,0.00

17305,0.03,8.13,5.29,-33.21,-1.87,-18.65,0.05,-0.08,-0.02

17312,0.08,8.18,4.75,-33.24,-1.84,-18.50,-0.02,-0.09,-0.02

17319,0.01,8.25,4.44,-32.48,-2.10,-18.56,0.00,-0.10,-0.02

17327,0.07,8.29,4.35,-32.80,-1.93,-17.92,0.04,-0.10,-0.02

17334,0.04,8.26,4.75,-33.18,-1.67,-18.47,0.07,-0.08,-0.01

17341,0.04,8.22,4.82,-33.09,-1.46,-18.80,0.06,-0.07,-0.01

17348,0.08,8.27,4.86,-32.62,-1.43,-18.62,0.04,-0.05,-0.00

17355,0.01,8.10,4.70,-32.91,-1.64,-17.95,0.04,-0.08,-0.01

17361,0.04,8.26,4.75,-33.06,-1.40,-18.47,0.04,-0.08,-0.01

17373,0.06,8.24,4.83,-33.32,-1.43,-19.12,0.05,-0.08,-0.01

